source_file	source_name	mapping_name	wc1_address	wc2_address	evidence	review_flags	binary_similarity	similarity_band
src/cockpt.c	vid_transmit	vid_transmit	00417910	0043ECD9	WC1-fuzzy-followup		43.81	lt50
src/cockpt.c	hidden_objective	hidden_objective	004151F0	0043A474	WC1-callgraph-propagated		47.83	lt50
src/brains.c	strike_mission	strike_mission	0040AAC0	00444420	WC1-order-exact		47.93	lt50
src/screen.c	PrintPaletteAllocationMap	PrintPaletteAllocationMap	004319B0	00401978	WC1-fuzzy-medium		48.84	lt50
src/cockpt.c	npc_communication	npc_communication	004174F0	0043E5DA	WC1-callgraph-propagated		49.02	lt50
src/main.c	house_keep	house_keep	00427D40	0046604F	WC1-manual-verified		52.27	50to90
src/killbrd.c	DecodeShapeFrame	DecodeShapeFrame	00440960	00425618	WC1-order-exact		52.69	50to90
src/brains.c	set_up_action_sphere	set_up_action_sphere	0040BFF0	0044D35D	WC1-manual-verified		54.15	50to90
src/disk.c	set_objects_data	set_objects_data	0041E120	00410999	WC1-callgraph-propagated		54.55	50to90
src/screen.c	GetFreeNearHeapBytes	GetFreeNearHeapBytes	0042F890	00421144	WC1-callgraph-single-low		55.17	50to90
src/screen.c	request	ScanTbl0059ce60FnF3F0	0042F3F0	00421F86	WC1-callgraph-propagated		55.64	50to90
src/brains.c	Mtry2tail	Mtry2tail	00406B60	00441379	WC1-order-exact		56.16	50to90
src/disk.c	rotate_object_to_goal	GetTbl0059c3c0FnE520	0041E520	0041133D	WC1-callgraph-propagated		57.84	50to90
src/logic.c	detect_collisions	detect_collisions	004224F0	004299C9	WC1-callgraph-single		58.76	50to90
src/disk.c	remove_weapon	remove_weapon	0041E040	00410715	WC1-manual-verified		61.38	50to90
src/logic.c	free_3Space_objects	free_3Space_objects	00424BE0	00458716	WC1-manual-verified		61.54	50to90
src/debug.cpp	DebugOverlayPrintf	DebugOverlayPrintf	0041CAB0	0045B0BB	WC1-callgraph-propagated		62.25	50to90
src/logic.c	UpdateTargetCameraTracking	UpdateTargetCameraTracking		004608E8	WC2-only		63.23	50to90
src/geom.c	init_ijk	SetTbl0059bce8Fn8F60	00418F60	0040B41F	WC1-callgraph-propagated		63.24	50to90
src/debug.cpp	DebugOverlayConsole::Clear	DebugOverlayConsole::Clear	0041CC00	0045B2E0	WC1-order-exact		63.41	50to90
src/music.c	servicetrack	servicetrack	0042ECB0	00453240	WC1-fuzzy-very-low		64.00	50to90
src/disk.c	FindCutsceneResourceSymbolIndex	FindCutsceneResourceSymbolIndex		0040D8D7	WC2-only		64.13	50to90
src/music.c	DrawTargetRangeReadout	DrawTargetRangeReadout	0042DEA0	0043FF40	WC1-fuzzy-followup		64.58	50to90
src/screen.c	ExpandCommMessageTokens	DispatchUiFn15C0	004315C0	00448136	WC1-fuzzy-very-low		65.00	50to90
src/gr.c	PrepareShapeRLEData	PrepareShapeRLEData	00440D50	00425BF6	WC1-fuzzy-very-low		65.58	50to90
src/geom.c	get_right_shape	LoadTbl0059dd90FnA610	0041A610	0040CFF8	WC1-callgraph-propagated		65.72	50to90
src/brains.c	general_zig	general_zig	00407270	00441F86	WC1-callgraph-propagated		65.93	50to90
src/screen.c	cleanup_objectives	ScanTbl0046c97aFnEFC0	0042EFC0	00421910	WC1-fuzzy-followup		65.98	50to90
src/cockpt.c	flag_reached	flag_reached	00415530	0043AAFF	WC1-fuzzy-followup		66.01	50to90
src/brains.c	Msplit_left	Msplit_left	00406BD0	0044145A	WC1-order-exact		66.07	50to90
src/brains.c	Msplit_right	Msplit_right	00406C20	0044151B	WC1-order-exact		66.07	50to90
src/hudmsg.c	select_new_release_weapon	select_new_release_weapon	0042AE50	004616B8	WC1-fuzzy-very-low		66.21	50to90
src/disk.c	LinkCutsceneObjectResources	LinkCutsceneObjectResources		0040DE5A	WC2-only		66.38	50to90
src/winmain.c	AllocateGuardedMemory	AllocateGuardedMemory	00402BB0	00455466	WC1-callgraph-propagated		66.67	50to90
src/brains.c	Build_objective_list	Build_objective_list	0040CED0	0044FE9F	WC1-fuzzy-very-low		66.87	50to90
src/screen.c	show_communications_disp	show_communications_disp	00431290	00447E47	WC1-fuzzy-very-low		67.19	50to90
src/system.c	ShowMemoryStatusDebug	ShowMemoryStatusDebug	004273C0	00437AEC	WC1-fuzzy-very-low		67.96	50to90
src/gr.c	CaptureSpriteBackground	LoopLocalFn1450	00441450	00426769	WC1-callgraph-propagated		68.85	50to90
src/brains.c	Mturn_n_kick	Mturn_n_kick	00406910	00440F76	WC1-order-exact		69.23	50to90
src/hudmsg.c	arrive_from_warp	arrive_from_warp	0042A950	00424AEE	WC1-fuzzy-followup		70.13	50to90
src/screens.c	InitializeCutsceneRuntimeResources	InitializeCutsceneRuntimeResources		0042D227	WC2-only		70.16	50to90
src/logic.c	init_formation_burst	init_formation_burst	00422B30	0042A39A	WC1-fuzzy-very-low		70.27	50to90
src/gr.c	RestoreSpriteBackground	LoopUiFn1740	00441740	00426B96	WC1-callgraph-propagated		70.65	50to90
src/smart.c	intelligence_events	intelligence_events	00434A80	0041FF37	WC1-callgraph-propagated		71.37	50to90
src/cockpt.c	ResetScannerContacts	ResetScannerContacts	00415A70	0043B258	WC1-manual-verified		71.43	50to90
src/gr.c	fizzle_fade	fizzle_fade	00442200	00428690	WC1-callgraph-propagated		71.59	50to90
src/cockpt.c	draw_nav_pointer	draw_nav_pointer	004168C0	0043CBFD	WC1-fuzzy-very-low		71.88	50to90
src/debug.cpp	DebugOverlayConsole::Scroll	DebugOverlayConsole::Scroll	0041CC50	0045B348	WC1-callgraph-propagated		72.13	50to90
src/gr.c	GetTransformedShapeBounds	GetTransformedShapeBounds	00442050	004283A4	WC1-fuzzy-very-low		72.20	50to90
src/screens.c	ReleaseCutsceneViewport	ReleaseCutsceneViewport		0042EE86	WC2-only		72.50	50to90
src/disk.c	ReleaseCutsceneObjectResource	ReleaseCutsceneObjectResource		0040EAA4	WC2-only		73.71	50to90
src/logic.c	evaluate_damage	evaluate_damage	00423C00	0042B985	WC1-fuzzy-medium		73.86	50to90
src/logic.c	scan_for_enemy	scan_for_enemy	00422F80	0042A8B5	WC1-fuzzy-very-low		74.16	50to90
src/screens.c	ReleaseLoadedCutsceneResource	ReleaseLoadedCutsceneResource		00433328	WC2-only		74.58	50to90
src/nav.c	SelectNavObjectiveAtPoint	ScanTbl0059c000FnE2B0	0040E2B0	00451C5C	WC1-fuzzy-very-low		74.77	50to90
src/logic.c	try2rout	try2rout	00422780	00429EE0	WC1-fuzzy-followup		75.00	50to90
src/cockpt.c	update_objective_location	update_objective_location	00415770	0043AE2F	WC1-callgraph-propagated		75.00	50to90
src/cdrom.c	FindCdRomDriveByVolumeLabel	FindCdRomDriveByVolumeLabel	00403290	00456236	WC1-fuzzy-medium		75.00	50to90
src/music.c	show_target_disp	show_target_disp	0042DB90	0043FAC0	WC1-fuzzy-very-low		75.34	50to90
src/nav.c	BriefingMap_DisplayMap	BriefingMap_DisplayMap	0040E210	00451B70	WC1-fuzzy-very-low		75.41	50to90
src/nav.c	PlaceNavMapLabel	PlaceNavMapLabel	0040D2C0	00450458	WC1-fuzzy-low		75.66	50to90
src/logic.c	build_target_list	build_target_list	00423440	0042AE32	WC1-manual-verified		76.39	50to90
src/gr.c	DrawFontGlyph	DrawFontGlyph	00441150	004261E5	WC1-fuzzy-low		76.59	50to90
src/ship.c	Create_explosion_debris	Create_explosion_debris	0041F800	00413A3B	WC1-order-semantics-verified		76.74	50to90
src/cockpt.c	check_target	check_target	00416FD0	0043DDFC	WC1-callgraph-propagated		77.16	50to90
src/brains.c	cruise_home	cruise_home	00409760	00442770	WC1-fuzzy-very-low		78.06	50to90
src/disk.c	celerate	celerate	0041E710	004117AC	WC1-callgraph-propagated		80.00	50to90
src/disk.c	steady_object	steady_object	0041E7C0	004118A9	WC1-manual-verified		80.00	50to90
src/cockpt.c	animate_pilot	animate_pilot	004173C0	0043E43A	WC1-fuzzy-followup		80.00	50to90
src/mathfp.c	RandomBelowOrEqual	RandomBelowOrEqual	00434D50	004619A1	WC1-fuzzy-medium		80.00	50to90
src/brains.c	prepare_for_jump	prepare_for_jump	0040A540	00443C45	WC1-fuzzy-low		80.23	50to90
src/debug.cpp	DebugOverlayConsole::DrawPendingLines	DebugOverlayConsole::DrawPendingLines	0041CCC0	0045B3DC	WC1-callgraph-propagated		80.30	50to90
src/screen.c	PushMemoryStackFrame	PushMemoryStackFrame	0042F960	00458E49	WC1-fuzzy-medium		80.36	50to90
src/mathfp.c	GetShapeFrameBounds	GetShapeFrameBounds	00435020	00461DF0	WC1-fuzzy-medium		80.70	50to90
src/debug.cpp	DebugOverlayConsole::DebugOverlayConsole	DebugOverlayConsole::DebugOverlayConsole	0041C760	0045AC50	WC1-callgraph-propagated		80.95	50to90
src/ship.c	score_for_kill	score_for_kill	0041FA90	00413E4C	WC1-fuzzy-followup		81.13	50to90
src/ship.c	ShipExplosion	ShipExplosion	0041FBC0	004142C8	WC1-order-callgraph-verified		81.13	50to90
src/nav.c	AllocateNearHeapBlockFromEnd	AllocateNearHeapBlockFromEnd	0040EB70	00420B88	WC1-fuzzy-low		81.22	50to90
src/nav.c	AllocateNearHeapBlockByFlags	AllocateNearHeapBlockByFlags	0040ED30	00420E16	WC1-fuzzy-low		81.28	50to90
src/eventmgr.c	ClearInputKeyStatePreservingModifiers	ClearInputKeyStatePreservingModifiers	004363A0	0046428B	WC1-order-semantics-verified		81.48	50to90
src/hudmsg.c	ShowModalMessage	ShowModalMessage	00428F20	00437C2E	WC1-callgraph-transfer		82.05	50to90
src/screens.c	DrawCutsceneSprite	DrawCutsceneSprite		0042DA25	WC2-only		82.26	50to90
src/gr.c	GetViewportPixel	GetViewportPixel	00441B60	004271D2	WC1-auto-vt		82.35	50to90
src/eventmgr.c	QueueInputEventAtCursor	QueueInputEventAtCursor	004356A0	00462849	WC1-callgraph-propagated		82.35	50to90
src/hudmsg.c	find_objective	find_objective	0042A8F0	00424A60	WC2-manual-verified		82.50	50to90
src/brains.c	patrol_area	patrol_area	0040A1C0	00443707	WC1-fuzzy-followup		82.50	50to90
src/disk.c	DecodeCutsceneObjectResource	DecodeCutsceneObjectResource		0040E726	WC2-only		82.86	50to90
src/nav.c	BuildMap	BuildMap	0040DA00	00450FE2	WC1-fuzzy-followup		82.99	50to90
src/dib.c	DIBcascade	DIBcascade	00432410	0045D3A1	WC1-fuzzy-followup		83.03	50to90
src/music.c	RecordMusicCommandHook	RecordMusicCommandHook		00402258	WC2-only		83.33	50to90
src/gr.c	TriangleRasterizerHook	TriangleRasterizerHook	00441BF0	004272A5	WC1-manual-verified		83.33	50to90
src/cockpt.c	vdu_pop_all	vdu_pop_all	00417F10	0043F862	WC1-fuzzy-followup		83.33	50to90
src/music.c	SceneLeaveHook	GameNoBodyStubv9	0042E3E0	00452AF0	WC1-callgraph-single-low		83.33	50to90
src/eventmgr.c	ResumeMouseCursorHook	ResumeMouseCursor	004360D0	0046396C	WC1-order-semantics-verified		83.33	50to90
src/dib.c	DIBupdate	DIBupdate	00432C60	0045E060	WC1-fuzzy-followup		83.69	50to90
src/smart.c	process_maneuver_node	process_maneuver_node		0041F9AF	WC2-only		83.73	50to90
src/disk.c	new_object	new_object	0041DF70	004105BF	WC1-callgraph-propagated		83.78	50to90
src/system.c	ReportFatalErrorCode	ReportFatalErrorCode		00437A44	WC2-only		83.78	50to90
src/nav.c	PurgeNearHeapBlocks	PurgeNearHeapBlocks	0040E950	004208FC	WC1-fuzzy-low		83.87	50to90
src/brains.c	Mzip_past	Mzip_past	00406D80	00441742	WC1-manual-verified		84.21	50to90
src/disk.c	SkipCutsceneChunk	SkipCutsceneChunk		0040D88E	WC2-only		84.38	50to90
src/cockpt.c	mobile_objective	mobile_objective	00415A30	0043B1F0	WC1-manual-verified		84.38	50to90
src/logic.c	in_danger	in_danger	00423350	0042ACAF	WC1-callgraph-propagated		84.51	50to90
src/killbrd.c	RunTitleScreen	RunTitleScreen		00418FFC	WC2-only		84.62	50to90
src/eventmgr.c	EnableMouseCursorDrawing	EnableMouseCursorDrawing		00463BA1	WC2-only		84.62	50to90
src/disk.c	FlushPendingInputPresses	FlushPendingInputPresses		0040F9F7	WC2-only		85.00	50to90
src/cockpt.c	EmitTextString	EmitTextString	00413A10	00420340	WC1-manual-verified		85.19	50to90
src/nav.c	NavMapLabelPositionAvailable	NavMapLabelPositionAvailable	0040D120	00450210	WC1-fuzzy-followup		85.19	50to90
src/mathfp.c	MultiplyFixed	MultiplyFixed	00434D80	004619E2	WC1-callgraph-propagated		85.19	50to90
src/spc.c	SetFleetOverviewView	LoopUiFn0740	00410740	0044ADE0	WC1-fuzzy-very-low		85.27	50to90
src/cockpt.c	check_visit	check_visit	00415720	0043ADC4	WC1-fuzzy-very-low		85.29	50to90
src/screens.c	ExpandCutsceneText	ExpandCutsceneText		0042DF80	WC2-only		85.71	50to90
src/cockpt.c	escorting_a_ship	escorting_a_ship	00415510	0043AAC3	WC1-callgraph-single-low		85.71	50to90
src/brains.c	prepare_mission	prepare_mission	0040B7A0	0044BA73	WC1-order-semantics-verified		85.71	50to90
src/music.c	CalcRectangleArea	CalcRectangleArea	0042E050	0045CA80	WC1-fuzzy-followup		85.71	50to90
src/logic.c	build_squad_list	build_squad_list	00422A70	0042A28E	WC1-order-callgraph-verified		86.11	50to90
src/brains.c	DrawNavTextLine	DrawNavTextLine	0040CB60	0044FA70	WC1-fuzzy-followup		86.11	50to90
src/music.c	IsSpriteFrameOverlappingRect	IsSpriteFrameOverlappingRect		0046505E	WC2-only		86.14	50to90
src/geom.c	remove_object	remove_object	00419BD0	0040C2C9	WC1-fuzzy-followup		86.21	50to90
src/cockpt.c	objective_name	objective_name	00415130	0043A374	WC1-fuzzy-very-low		86.49	50to90
src/screens.c	LinkCutsceneSpriteScript	LinkCutsceneSpriteScript		0042D98C	WC2-only		86.54	50to90
src/auto.c	auto_pilot_sequence	auto_pilot_sequence	00404050	00422B1C	WC1-callgraph-propagated		86.57	50to90
src/smart.c	control_speed	control_speed	00434040	0041ECEF	WC1-fuzzy-followup		86.67	50to90
src/sound.c	playWAVE	playWAVE	0042B4A0	0042418C	WC1-fuzzy-followup		86.70	50to90
src/disk.c	match_rotation_goal	DoLocalFnE400	0041E400	00411172	WC1-fuzzy-very-low		86.79	50to90
src/music.c	OpenPacketSection	OpenPacketSection	0042D730	0044F010	WC1-fuzzy-followup		86.86	50to90
src/eventmgr.c	GetNextInputEvent	GetNextInputEvent	004359C0	00462DFC	WC1-manual-verified		86.89	50to90
src/mathutil.c	FreePacketAndClear	FreePacketAndClear	0041D100	0040F0A4	WC1-callgraph-propagated		86.96	50to90
src/disk.c	approach_speed	approach_speed	0041E750	0041181D	WC1-fuzzy-low		87.04	50to90
src/brains.c	approach_and_engage	approach_and_engage	0040A9B0	00444291	WC1-fuzzy-followup		87.07	50to90
src/hudmsg.c	select_new_gun	select_new_gun	0042AE10	0046166D	WC1-fuzzy-low		87.10	50to90
src/logic.c	find_squad_center	find_squad_center	00422AC0	0042A313	WC1-order-callgraph-verified		87.23	50to90
src/disk.c	ReleaseCutsceneFileResource	ReleaseCutsceneFileResource		0040EE41	WC2-only		87.50	50to90
src/logic.c	EMShutDown	EMShutDown	00421A40	0045B905	WC1-fuzzy-low		87.50	50to90
src/mathfp.c	DivideFixed	DivideFixed	00434DB0	00461A2D	WC1-fuzzy-medium		87.50	50to90
src/brains.c	defend_mission	defend_mission	0040AC00	0044472C	WC1-fuzzy-followup		87.66	50to90
src/smart.c	handle_stress	handle_stress	00434980	0041FD2B	WC1-fuzzy-very-low		87.72	50to90
src/killbrd.c	GetShapeFrameExtents	GetShapeFrameExtents	004408F0	0042557C	WC1-order-exact		87.72	50to90
src/screens.c	CopyCutsceneSpriteDisplay	CopyCutsceneSpriteDisplay		0042D8E2	WC2-only		87.72	50to90
src/brains.c	Mburnout	ShipAiState12	00406860	00440E46	WC1-callgraph-propagated		87.72	50to90
src/cockpt.c	cycle_onscreen_targets	cycle_onscreen_targets	00416F30	0043DD1B	WC1-fuzzy-very-low		87.93	50to90
src/brains.c	Msit_n_spin	Msit_n_spin	004065A0	00440A93	WC1-fuzzy-followup		87.93	50to90
src/logic.c	real_crash_time	real_crash_time	00422260	00429736	WC1-fuzzy-followup		88.00	50to90
src/winmain.c	CreateMainWindow	CreateMainWindow	00402180	004542B7	WC1-fuzzy-very-low		88.14	50to90
src/geom.c	MinInt	DoLocalFn84E0	004184E0	0040A867	WC1-order-exact		88.24	50to90
src/geom.c	MaxInt	DoLocalFn84F0	004184F0	0040A893	WC1-order-exact		88.24	50to90
src/logic.c	approach_zero_speed	approach_zero_speed	00422DD0	0042A6E8	WC1-fuzzy-followup		88.24	50to90
src/logic.c	approach_min_speed	approach_min_speed	00422DF0	0042A701	WC1-fuzzy-low		88.24	50to90
src/main.c	clear_view_buffer	clear_view_buffer	00427B00	00465E88	WC1-fuzzy-followup		88.24	50to90
src/debug.cpp	DebugOverlayWorkerProc	DebugOverlayWorkerProc	0041C960	0045AEE4	WC1-callgraph-propagated		88.42	50to90
src/brains.c	check_destroy_target	check_destroy_target	00409B10	00442D58	WC1-fuzzy-followup		88.50	50to90
src/smart.c	veer_random	veer_random	00433EC0	0041EB1D	WC1-fuzzy-low		88.64	50to90
src/nav.c	InitializeNearHeap	InitializeNearHeap	0040E9E0	004209C2	WC1-fuzzy-low		88.76	50to90
src/geom.c	point_ship	point_ship	00419620	0040BC6B	WC1-callgraph-propagated		88.89	50to90
src/smart.c	steer_away_from_object	steer_away_from_object	00433AC0	0041E4E0	WC1-fuzzy-very-low		89.04	50to90
src/mathfp.c	PlanarMagnitude	PlanarMagnitude	00434EE0	00461C06	WC1-manual-verified		89.19	50to90
src/brains.c	SetScale	SetScale	0040CD30	0044FC6D	WC1-fuzzy-followup		89.24	50to90
src/disk.c	CreateCutsceneResourceInstance	CreateCutsceneResourceInstance		0040DA0C	WC2-only		89.27	50to90
src/smart.c	prevent_collision	prevent_collision	00433C80	0041E6C8	WC1-fuzzy-followup		89.31	50to90
src/hudmsg.c	WriteTapeInitialState	WriteTapeInitialState		0040230E	WC2-only		89.47	50to90
src/logic.c	approach_ship_speed	approach_ship_speed	00422EA0	0042A7AF	WC1-callgraph-propagated		89.47	50to90
src/geom.c	ShowModalTextPanel	ShowModalTextPanel	0041AB90	004595EF	WC1-fuzzy-medium		89.52	50to90
src/ship.c	Create_ship_hit_debris	Create_ship_hit_debris	0041F700	004136E2	WC1-fuzzy-very-low		89.71	50to90
src/eventmgr.c	intro_drawbackgroundships	intro_drawbackgroundships	00436650	0046470E	WC1-callgraph-propagated		89.81	50to90
src/geom.c	apply_force_to_object	apply_force_to_object	00419D10	0040C4D1	WC1-fuzzy-low		89.83	50to90
src/logic.c	find_ships_sphere	find_ships_sphere	004236F0	0042B1AE	WC1-fuzzy-medium		89.86	50to90
src/mathutil.c	ReleasePacketSlot	ReleasePacketSlot		0040D6B0	WC2-only		90.00	ge90
src/winmain.c	SaveGamePalette	SaveGamePalette	00401000	00417550	WC1-callgraph-propagated		90.00	ge90
src/pload.c	InitializeAudioSystem	InitializeAudioSystem	0042B160	00423CA0	WC1-fuzzy-followup		90.00	ge90
src/sound.c	StopSoundsUsingWave	StopSoundsUsingWave	0042B450	00424113	WC1-order-callgraph-verified		90.00	ge90
src/gr.c	UpdateStreamerStoppedFlag	UpdateStreamerStoppedFlag	00442330	00428979	WC1-manual-verified		90.00	ge90
src/logic.c	alter_tactic	alter_tactic	00422D00	0042A5C8	WC1-manual-verified		90.00	ge90
src/logic.c	approach_full_speed	approach_full_speed	00422E80	0042A788	WC1-callgraph-propagated		90.00	ge90
src/cockpt.c	set_next_destination	set_next_destination	004153D0	0043A8EA	WC1-order-exact		90.00	ge90
src/logic.c	initialize_direction_view_frames	LoopLocalFn1EF0	00421EF0	0045C279	WC1-fuzzy-followup		90.00	ge90
src/brains.c	RunCampaignGameLoop	RunCampaignGameLoop	004094E0	00409C1A	WC2-manual-verified		90.14	ge90
src/mathfp.c	DrawTextCharacter	DrawTextCharacter	00435290	004621D5	WC1-fuzzy-followup		90.14	ge90
src/brains.c	nav_getxy	nav_getxy	0040CC30	0044FB68	WC1-fuzzy-low		90.24	ge90
src/pilot.cpp	DrawTextInputCursor	DrawTextInputCursor	004260E0	00459294	WC1-manual-verified		90.24	ge90
src/screen.c	IsEngagementTargetDisallowed	IsEngagementTargetDisallowed	0042F270	00421CF6	manual-verified		90.32	ge90
src/cdrom.c	LocateStreamsDirOnDisc	LocateStreamsDirOnDisc	004031C0	00456123	WC1-callgraph-transfer		90.41	ge90
src/music.c	new_space_music_changes	GetTbl0059d650FnE9E0	0042E9E0	00452E46	WC1-fuzzy-low		90.43	ge90
src/pload.c	ServiceAudioStream	GetAudioStreamFnB1B0	0042B1B0	00423D02	WC1-auto-vt		90.48	ge90
src/gr.c	SetStreamerIntensity	SetStreamerIntensity	00442520	00428AAB	WC1-manual-verified		90.48	ge90
src/music.c	PlaySpeechPacketBuffer	PlaySpeechPacketBuffer		0044F3A4	WC2-only		90.48	ge90
src/disk.c	FindSceneHotspotAtPosition	FindSceneHotspotAtPosition		00409417	WC2-only		90.54	ge90
src/logic.c	inherit_leader_mission	inherit_leader_mission	00423530	0042AF60	WC1-fuzzy-medium		90.70	ge90
src/brains.c	tanker_intelligence	tanker_intelligence	0040B010	00444D5C	WC1-fuzzy-very-low		90.79	ge90
src/hudmsg.c	ResetCannedSceneRecording	ResetCannedSceneRecording		00401A10	WC2-only		90.91	ge90
src/geom.c	distance_from_point	distance_from_point	00419210	0040B805	WC1-manual-verified		90.91	ge90
src/disk.c	DecodeCutsceneFileResource	DecodeCutsceneFileResource		0040E285	WC2-only		90.91	ge90
src/gr.c	RasterLineHook	DoLocalFn1140	00441140	004261D5	WC1-callgraph-single		90.91	ge90
src/logic.c	reset_tactic	reset_tactic	00422CD0	0042A594	WC1-fuzzy-followup		90.91	ge90
src/cockpt.c	vid_equiv	GetG00469e2cFn7AC0	00417AC0	0043F042	WC1-fuzzy-low		90.91	ge90
src/hudmsg.c	BeginInflightReplayHook	BeginInflightReplayHook		00446950	WC2-only		90.91	ge90
src/brains.c	ApplyAlternateShipType	ApplyAlternateShipType		0044B48F	WC2-only		90.91	ge90
src/music.c	ResetSoundStateForFlight	ResetSoundStateForFlight	0042EEB0	004534D3	WC1-order-callgraph-verified		90.91	ge90
src/logic.c	UpdateTargetCameraCockpitHook	UpdateTargetCameraCockpitHook		00461456	WC2-only		90.91	ge90
src/logic.c	FinalizeTargetCameraViewHook	FinalizeTargetCameraViewHook		00461466	WC2-only		90.91	ge90
src/mathfp.c	ApplySpacePaletteModeHook	ApplySpacePaletteModeHook		00461DE0	WC2-only		90.91	ge90
src/eventmgr.c	CheckCursor	CheckCursor	00435DE0	004635D3	WC1-order-semantics-verified		90.91	ge90
src/eventmgr.c	TimerResetHook	TimerResetHook	004362A0	0046416A	WC1-manual-verified		90.91	ge90
src/eventmgr.c	TimerStopHook	TimerStopHook	004362D0	004641A0	WC1-order-semantics-verified		90.91	ge90
src/eventmgr.c	FinalizeInputManagerHook	FinalizeInputManagerHook		00464A90	WC2-only		90.91	ge90
src/eventmgr.c	MouseIdleHook	MouseIdleHook	004368C0	00464AA0	WC1-order-semantics-verified		90.91	ge90
src/eventmgr.c	StartupHook	StartupHook	00436900	00464AE8	WC1-order-semantics-verified		90.91	ge90
src/eventmgr.c	JoystickEdgeHook	JoystickEdgeHook	00436910	00464B0B	WC1-order-semantics-verified		90.91	ge90
src/eventmgr.c	PersonnelDriveHook	ShutdownHook	00436980	00464B82	manual-verified		90.91	ge90
src/eventmgr.c	VideoReleaseHook	VideoReleaseHook	004369D0	00464BCB	manual-verified		90.91	ge90
src/eventmgr.c	ExitCleanupHook	ExitCleanupHook	004369E0	00464BDB	manual-verified		90.91	ge90
src/eventmgr.c	InitializeInputDriverHook	InitializeInputDriverHook		00464EE0	WC2-only		90.91	ge90
src/eventmgr.c	FinalizeInputDriverHook	FinalizeInputDriverHook		00464EF0	WC2-only		90.91	ge90
src/eventmgr.c	ServiceCutsceneRuntimeHook	ServiceCutsceneRuntimeHook		00464FD7	WC2-only		90.91	ge90
src/eventmgr.c	SetMusicTickRateHook	SetMusicTickRateHook		0046502E	WC2-only		90.91	ge90
src/ix/thread.cpp	ix_thread_service_streams	ix_thread_service_streams	004441C6	0046D7C6	WC1-auto-vt		90.91	ge90
src/sound.c	PlayRawSpeechBuffer	PlayRawSpeechBuffer		00424417	WC2-only		91.00	ge90
src/music.c	AllocateViewport	AllocateViewport	0042E090	0045CAD2	WC1-fuzzy-followup		91.04	ge90
src/cockpt.c	UpdateTargetLeadIndicator	UpdateTargetLeadIndicator		0043CF5A	WC2-only		91.09	ge90
src/brains.c	kilrathi_wingman	kilrathi_wingman	0040A030	00443499	WC1-fuzzy-very-low		91.09	ge90
src/disk.c	WaitForAnyInputPress	WaitForAnyInputPress		0040FADE	WC2-only		91.11	ge90
src/spc.c	CalibrateJoystickInteractive	CalibrateJoystickInteractive	004102B0	00418770	WC1-fuzzy-high		91.14	ge90
src/screens.c	RunCutsceneScript	RunCutsceneScript		0042F1FD	WC2-only		91.17	ge90
src/music.c	IsConstellationParticleOutsideViewport	IsConstellationParticleOutsideViewport		0045A5C7	WC2-only		91.18	ge90
src/geom.c	set_background_objects_rotation	SetTbl0059cd90FnA530	0041A530	0040CEF6	WC1-fuzzy-very-low		91.25	ge90
src/smart.c	steer_away_from_predicted_object	steer_away_from_predicted_object	00433B90	0041E5C8	WC1-fuzzy-very-low		91.25	ge90
src/gr.c	ForceStreamerTrigger	ForceStreamerTrigger	00442550	00428B3C	WC1-manual-verified		91.30	ge90
src/logic.c	approach_cruise_speed	approach_cruise_speed	00422E50	0042A754	WC1-callgraph-propagated		91.30	ge90
src/music.c	StartInteractiveMusic	StartInteractiveMusic		00452A64	WC2-only		91.30	ge90
src/personnel.c	DrawPersonnelMenuBackdrop	Dismissed	00437B80	00433F94	WC1-callgraph-propagated		91.38	ge90
src/pload.c	FreeWaveTable	LoopAudioStreamFnB300	0042B300	00423ED1	WC1-callgraph-transfer		91.43	ge90
src/cockpt.c	clear_head_up_display	clear_head_up_display	00415A90	0043B29D	WC1-fuzzy-very-low		91.47	ge90
src/smart.c	select_target	select_target	00433E50	0041EA86	WC1-fuzzy-very-low		91.49	ge90
src/nav.c	IsPointInNavMapLabel	IsPointInNavMapLabel	0040D490	004507DA	WC1-callgraph-single-low		91.49	ge90
src/gr.c	DrawFilledViewportRect	DrawFilledViewportRect	00441C70	00427E1B	WC1-manual-verified		91.53	ge90
src/screens.c	ConsumeCutscenePalettePacket	ConsumeCutscenePalettePacket		0042C8E1	WC2-only		91.53	ge90
src/logic.c	reset_objective	reset_objective	00422C70	0042A52A	WC1-fuzzy-low		91.67	ge90
src/logic.c	alter_objective	alter_objective	00422CA0	0042A55F	WC1-order-exact		91.67	ge90
src/screens.c	HasSavedPilotCampaign	HasSavedPilotCampaign		00434177	WC2-only		91.67	ge90
src/dib.c	EnableDibSlam	EnableDibSlam		0045DBFF	WC2-only		91.67	ge90
src/dib.c	DisableDibSlam	DisableDibSlam		0045DC19	WC2-only		91.67	ge90
src/mathfp.c	WaitForVerticalBlankThunk	WaitForVerticalBlankThunk	00434FB0	00461D68	WC1-manual-verified		91.67	ge90
src/eventmgr.c	DisableMouseCursorDrawing	SuspendMouseCursor	004360E0	00463E19	WC1-order-semantics-verified		91.67	ge90
src/eventmgr.c	GetSoundHardwareFlag	GetSoundHardwareFlag	00436260	00464141	WC1-manual-verified		91.67	ge90
src/system.c	WaitForQueuedInputPress	WaitForQueuedInputPress		00465730	WC2-only		91.67	ge90
src/screen.c	disobey_formation	disobey_formation	0042F240	00421C35	WC1-callgraph-propagated		91.84	ge90
src/cockpt.c	damage_your_component	damage_your_component	00414BF0	004398CB	WC1-fuzzy-medium		91.89	ge90
src/logic.c	CountShipCockpitGunDisplays	CountShipCockpitGunDisplays		00460242	WC2-only		91.89	ge90
src/logic.c	LoadGamePaletteFile	LoadGamePaletteFile	004219C0	0045B810	WC1-callgraph-propagated		91.94	ge90
src/spc.c	update_star_field	update_star_field	00412100	0041B8D6	WC1-fuzzy-followup		91.97	ge90
src/disk.c	fix_velocity	fix_velocity	0041E820	00411922	WC1-callgraph-propagated		92.00	ge90
src/hudmsg.c	ReleaseStaleNavTarget	ReleaseStaleNavTarget	0042A170	00469223	WC1-callgraph-propagated		92.00	ge90
src/geom.c	rotational_acceleration	rotational_acceleration	00419F70	0040C796	WC1-fuzzy-low		92.11	ge90
src/winmain.c	make_shard	make_shard	004010C0	004176D2	WC1-fuzzy-followup		92.11	ge90
src/gr.c	DrawViewportEllipse	DrawViewportEllipse	00441DD0	00428023	WC1-fuzzy-followup		92.11	ge90
src/gr.c	FillViewportEllipse	FillViewportEllipse	00441E20	0042808F	WC1-fuzzy-followup		92.11	ge90
src/gr.c	DrawViewportEllipseShadow	DrawViewportEllipseShadow	00441E70	004280FB	WC1-callgraph-propagated		92.11	ge90
src/nav.c	DrawNavMapLabels	DrawNavMapLabels	0040D540	0045087F	WC1-fuzzy-very-low		92.11	ge90
src/main.c	FireTargetCameraGuns	FireTargetCameraGuns		0045F439	WC2-only		92.24	ge90
src/gr.c	SetStreamerTrigger	SetStreamerTrigger	004424D0	00428AEB	WC1-manual-verified		92.31	ge90
src/gr.c	GetMusicStreamVolume	GetMusicStreamVolume		00428DBF	WC2-only		92.31	ge90
src/logic.c	change_mission_type	change_mission_type	00422C30	0042A4E5	WC1-fuzzy-followup		92.31	ge90
src/logic.c	get_first_follow_point	get_first_follow_point	00423930	0042B524	WC1-fuzzy-very-low		92.31	ge90
src/screens.c	LoadCutsceneSpeechSlot	LoadCutsceneSpeechSlot		0042CC42	WC2-only		92.31	ge90
src/screens.c	FormatCinematicMemoryStatus	FormatCinematicMemoryStatus		0042F0B3	WC2-only		92.31	ge90
src/cockpt.c	overlay_head_up_display	overlay_head_up_display	00416AC0	0043D386	WC1-callgraph-propagated		92.31	ge90
src/cockpt.c	check_stranded	check_stranded	00417B30	0043F0C3	WC1-fuzzy-very-low		92.31	ge90
src/hudmsg.c	MeasureMessageWidth	MeasureMessageWidth	00428E70	004672C5	manual-verified		92.31	ge90
src/logic.c	GetAvailableMainMemory	GetAvailableMainMemory		00469AD0	WC2-only		92.31	ge90
src/logic.c	GetLargestMainMemoryBlock	GetLargestMainMemoryBlock		00469B49	WC2-only		92.31	ge90
src/geom.c	rectangular_to_spherical	DoLocalFn8890	00418890	0040ACE0	WC1-fuzzy-low		92.42	ge90
src/logic.c	find_weapon	find_weapon	00421100	00416690	WC1-manual-verified		92.50	ge90
src/cockpt.c	get_color	get_color	00415C00	0043B61F	WC1-manual-verified		92.55	ge90
src/eventmgr.c	SetPaletteEntryFromTriplet	SetPaletteEntryFromTriplet		00464FE7	WC2-only		92.59	ge90
src/cockpt.c	draw_target_box	draw_target_box	004164B0	0043C6D8	WC1-fuzzy-very-low		92.66	ge90
src/geom.c	set_ship_rotation_goals	set_ship_rotation_goals	004194D0	0040BADB	WC1-fuzzy-followup		92.74	ge90
src/geom.c	position_child	position_child	00419A70	0040C08C	WC1-manual-verified		92.78	ge90
src/screen.c	UpdateInputDeviceTransitions	UpdateInputDeviceTransitions	00430710	00421210	WC1-manual-verified		92.79	ge90
src/screens.c	FindActiveCutsceneFileResources	FindActiveCutsceneFileResources		0042C607	WC2-only		92.86	ge90
src/screens.c	FindActiveCutsceneObjectResources	FindActiveCutsceneObjectResources		0042C659	WC2-only		92.86	ge90
src/cockpt.c	SetHudMessageText	SetHudMessageText	00416DE0	0043D956	WC1-fuzzy-low		92.86	ge90
src/winmain.c	ReportHeapGuardCorruption	ReportHeapGuardCorruption	00402CA0	00455565	WC1-auto-vt		92.86	ge90
src/geom.c	RestoreModalTextPanel	RestoreModalTextPanel	0041AB60	004595AA	WC1-manual-verified		92.86	ge90
src/logic.c	SetTargetCameraEyePosition	SetTargetCameraEyePosition		00460D3E	WC2-only		92.86	ge90
src/winmain.c	try_far_spot	try_far_spot	004016C0	00417EFF	WC1-fuzzy-followup		92.90	ge90
src/logic.c	attacker_in_range	attacker_in_range	004232B0	0042ABCE	WC1-manual-verified		92.98	ge90
src/ship.c	revise_shields	revise_shields	0041F1A0	00412F03	WC1-fuzzy-low		93.02	ge90
src/geom.c	distance_between_points	distance_between_points	004191D0	0040B7C9	WC1-manual-verified		93.10	ge90
src/cockpt.c	InitializeCockpitReadout	InitializeCockpitReadout	00413F70	00438454	WC1-callgraph-propagated		93.10	ge90
src/brains.c	ScaleNavMapCoordinates	ScaleNavMapCoordinates	0040CBE0	0044FB19	WC1-fuzzy-medium		93.10	ge90
src/ix/dsps.cpp	ix_dsps_get_buffer_free	ix_dsps_get_buffer_free	00445A6F	0048B2CF	WC1-auto-vt		93.14	ge90
src/brains.c	Mveer_away	Mveer_away	00407450	00442252	WC1-fuzzy-followup		93.16	ge90
src/sound.c	UpdateDamageDisplay	DrawTbl0059bff0FnC970	0042C970	004012E1	WC1-fuzzy-very-low		93.18	ge90
src/ship.c	pilot_hit	pilot_hit	0041EC60	0041262D	WC1-fuzzy-low		93.22	ge90
src/brains.c	streak_toward	streak_toward	0040A940	004441E5	WC1-fuzzy-low		93.22	ge90
src/geom.c	InitializeModalTextPanel	InitializeModalTextPanel	0041A9D0	004593D6	WC1-fuzzy-very-low		93.22	ge90
src/cockpt.c	cockpit_explosion	cockpit_explosion	004177B0	0043EB46	WC1-fuzzy-low		93.24	ge90
src/disk.c	FetchDiskPacketRetrying	FetchDiskPacketRetrying	0041D2E0	0040F5B6	WC1-fuzzy-very-low		93.27	ge90
src/sound.c	PlaySnowStaticSound	PlaySnowStaticSound	0042B680	004245F8	WC1-fuzzy-high		93.27	ge90
src/main.c	player_input	player_input	004285D0	00466B02	WC1-fuzzy-followup		93.30	ge90
src/music.c	KeyboardMousePump	KeyboardMousePump		00452450	WC2-only		93.31	ge90
src/geom.c	point_ship_behind_object	point_ship_behind_object	00419710	0040BDC2	WC1-manual-verified		93.33	ge90
src/gr.c	ClearViewport	ClearViewport	00441AE0	00427123	WC1-auto-vt		93.33	ge90
src/cockpt.c	RestoreTargetLeadIndicator	RestoreTargetLeadIndicator		0043D323	WC2-only		93.33	ge90
src/screen.c	EndCommSessionWithWingman	EndCommSessionWithWingman	00431470	00448070	WC1-fuzzy-low		93.33	ge90
src/eventmgr.c	FlushInputEvents	FlushInputEvents	00435DB0	0046354F	WC1-callgraph-propagated		93.33	ge90
src/ship.c	onboard_explosion	onboard_explosion	0041ECE0	0041270A	WC1-fuzzy-very-low		93.42	ge90
src/winmain.c	MainWindowProc	MainWindowProc	00402530	00454625	WC1-callgraph-propagated		93.50	ge90
src/nav.c	BriefingMap_LoadShapes	BriefingMap_LoadShapes	0040E190	00451AD3	WC1-fuzzy-followup		93.62	ge90
src/text.c	DrawCinematicFontCharacter	DrawCinematicFontCharacter		00433690	WC2-only		93.65	ge90
src/logic.c	DecodeSceneOffsetChunk	DecodeSceneOffsetChunk		00458B8C	WC2-only		93.67	ge90
src/logic.c	place_exhaust_on_ships	place_exhaust_on_ships	00421430	00416A87	WC1-callgraph-propagated		93.72	ge90
src/geom.c	get_facing_range_from_point	get_facing_range_from_point	00419290	0040B898	WC1-manual-verified		93.75	ge90
src/ship.c	send_at_point	send_at_point	00420190	00414BE9	WC1-order-callgraph-verified		93.75	ge90
src/winmain.c	match_ship_to_eye	match_ship_to_eye	00401A60	00418426	WC1-manual-verified		93.75	ge90
src/geom.c	DrawModalTextPanel	DrawModalTextPanel	0041AAE0	00459527	WC1-order-exact		93.75	ge90
src/logic.c	InitializeHighMemoryGraphicsBuffers	InitializeHighMemoryGraphicsBuffers		0045BF30	WC2-only		93.75	ge90
src/brains.c	Mturn_n_spin	Mturn_n_spin	004067A0	00440D0B	WC1-fuzzy-followup		93.83	ge90
src/brains.c	LoadSelectedPilotCampaign	get_pilot_talk	0040C1C0	00434043	WC1-callgraph-propagated		93.88	ge90
src/geom.c	ChooseRandomSignedMagnitude	ChooseRandomSignedMagnitude	00418750	0040ABCC	WC1-manual-verified		93.94	ge90
src/smart.c	chase_location	chase_location	004340F0	0041EDCC	WC1-fuzzy-low		93.94	ge90
src/gr.c	Streamer_open	Streamer_open	004423B0	004289BF	WC1-fuzzy-followup		93.94	ge90
src/screen.c	LoadCommPortraitResources	LoadCommPortraitResources	00431520	00447300	WC1-manual-verified		93.94	ge90
src/mathfp.c	RandomInRange	RandomInRange	00434D20	00461942	WC1-fuzzy-medium		93.94	ge90
src/eventmgr.c	draw_sorted_objects_to_buffer	draw_sorted_objects_to_buffer	00436520	004644DA	WC1-order-semantics-verified		93.94	ge90
src/ix/streamer.cpp	ix_streamer_service_audio	ix_streamer_service_audio	00443CC0	0046D2C0	WC1-auto-vt		93.94	ge90
src/spc.c	accelerate_and_move_object	GetTbl0059c3c0Fn29A0	004129A0	0041CC0A	WC1-fuzzy-followup		93.96	ge90
src/screen.c	ShouldWingmanAcceptRoutCommand	ShouldWingmanAcceptRoutCommand	0042F350	00421E6D	manual-verified		94.03	ge90
src/geom.c	AbsInt	DoLocalFn8500	00418500	0040A8BF	WC1-callgraph-single		94.12	ge90
src/cockpt.c	FormatTextBufferFromStart	FormatTextBufferFromStart	00413C70	004206F2	WC1-manual-verified		94.12	ge90
src/gr.c	DrawViewportPixel	DrawViewportPixel	00441B20	00427179	WC1-auto-vt		94.12	ge90
src/logic.c	get_follow_point	get_follow_point	00423820	0042B38F	WC1-fuzzy-followup		94.12	ge90
src/cockpt.c	message_showing	GetCombatFn49F0	004149F0	0043952E	WC1-callgraph-propagated		94.12	ge90
src/brains.c	Mtarget_laser	Mtarget_laser	00407580	00442404	WC1-manual-verified		94.12	ge90
src/mathfp.c	SeedRandomFromClock	DoLocalFn4CF0	00434CF0	004618FF	WC1-auto-vt		94.12	ge90
src/eventmgr.c	FreeIfNotNull	DoLocalFn6950	00436950	00464B3A	WC1-callgraph-propagated		94.12	ge90
src/main.c	fire_players_lasers	fire_players_lasers	00428480	00466908	WC1-fuzzy-very-low		94.12	ge90
src/hudmsg.c	ShowOnScreenMessage	ShowOnScreenMessage	00428FA0	00437DFA	WC1-callgraph-transfer		94.19	ge90
src/cockpt.c	show_weapon_disp	show_weapon_disp	00414EA0	00439BB7	WC1-callgraph-propagated		94.19	ge90
src/eventmgr.c	BuildObjectDepthOrder	BuildObjectDepthOrder	00436460	0046436E	WC1-order-semantics-verified		94.25	ge90
src/geom.c	vector_angle	vector_angle	00418A30	0040AE18	WC1-manual-verified		94.29	ge90
src/screens.c	WaitForCutsceneInputEvent	WaitForCutsceneInputEvent		0042C5A2	WC2-only		94.29	ge90
src/cockpt.c	CheckTargetLockMalfunction	CheckTargetLockMalfunction	00416040	0043BEFF	WC1-fuzzy-very-low		94.29	ge90
src/cmpgn.c	ejection_sequence	ejection_sequence	004046A0	0044EBCA	WC1-callgraph-propagated		94.29	ge90
src/logic.c	initialize_direction_view_frame	SetUiFn1E20	00421E20	0045C1A1	WC1-fuzzy-low		94.29	ge90
src/brains.c	set_formation_position	ScanTbl0046c97bFnC4E0	0040C4E0	0044DA2F	WC1-fuzzy-followup		94.34	ge90
src/disk.c	WaitForInputKey	WaitForInputKey	0041DAA0	0040FA2C	WC1-callgraph-propagated		94.44	ge90
src/spc.c	object_intelligence	DispatchTbl0059d100Fn3880	00413880	0041E276	WC1-callgraph-propagated		94.44	ge90
src/screens.c	ReleaseCutsceneSoundEffects	ReleaseCutsceneSoundEffects		0042CB08	WC2-only		94.44	ge90
src/brains.c	place_ship_near_player_until_valid	place_ship_near_player_until_valid	0040C360	0044D81F	WC1-fuzzy-low		94.44	ge90
src/nav.c	AddUniqueObjectiveNavLabel	AddUniqueObjectiveNavLabel	0040D410	004506F8	WC1-fuzzy-very-low		94.44	ge90
src/dib.c	SetSpaceFlightFrameTiming	SetSpaceFlightFrameTiming	004320E0	0045CF3B	WC2-manual-verified		94.44	ge90
src/dib.c	SetDefaultFrameTiming	SetDefaultFrameTiming		0045CF7F	WC2-only		94.44	ge90
src/dib.c	SetCinematicFrameTiming	SetCinematicFrameTiming	00432110	0045CFC3	WC1-manual-verified		94.44	ge90
src/dib.c	DIBwaitForVerticalBlank	DIBwaitForVerticalBlank	004331E0	0045E9C5	WC1-manual-verified		94.44	ge90
src/eventmgr.c	RetainInputEventsOfType	RetainInputEventsOfType	004358E0	00462C9C	WC1-manual-verified		94.44	ge90
src/screen.c	PollJoystickButtonEvents	PollJoystickButtonEvents	00430840	00421409	WC1-fuzzy-very-low		94.52	ge90
src/ship.c	analyze_kill	analyze_kill	0041FB40	00413F58	WC1-callgraph-propagated		94.55	ge90
src/brains.c	Mfish_hook	Mfish_hook	00406A50	004411E1	WC1-fuzzy-followup		94.55	ge90
src/eventmgr.c	FindQueuedInputEvent	FindQueuedInputEvent	00435D80	004633E7	WC1-manual-verified		94.62	ge90
src/personnel.c	SelectTransferredPilot	SelectTransferredPilot		00435064	WC2-only		94.71	ge90
src/gr.c	snow_viewport	snow_viewport	00442300	00427DE8	WC1-fuzzy-very-low		94.74	ge90
src/cockpt.c	show_navigation_disp	show_navigation_disp	00415180	0043A3F8	WC1-fuzzy-very-low		94.74	ge90
src/winmain.c	PumpWindowMessages	PumpWindowMessages	00402320	0045445A	WC1-fuzzy-very-low		94.74	ge90
src/sysinput.c	InitGameClockRandomEpoch	InitGameClockRandomEpoch	004030B0	00455F23	WC1-auto-vt		94.74	ge90
src/debug.cpp	DebugOverlayConsole::SetOverlayTextColor	DebugOverlayConsole::SetOverlayTextColor	0041CFA0	0045B654	WC1-manual-verified		94.74	ge90
src/debug.cpp	DebugOverlayConsole::SetOverlayBackgroundColor	DebugOverlayConsole::SetOverlayBackgroundColor	0041CFF0	0045B6BB	WC1-callgraph-propagated		94.74	ge90
src/mathfp.c	SplitPackedPoint	DoLocalFn50D0	004350D0	00461EFE	WC1-order-exact		94.74	ge90
src/eventmgr.c	DrawMouseCursor	DrawUiFn5EF0	00435EF0	004636F7	WC1-fuzzy-low		94.74	ge90
src/winmain.c	FreeGuardedAllocation	FreeGuardedAllocation	00402DB0	00455882	WC1-manual-verified		94.78	ge90
src/pilot.cpp	EraseLastTextInputCharacter	EraseLastTextInputCharacter	0041DDF0	00459160	WC1-manual-verified		94.81	ge90
src/screen.c	ReadCalibratedJoystick	ReadCalibratedJoystick	00431D20	004238E9	WC1-fuzzy-very-low		94.82	ge90
src/smart.c	pick_kilrathi_maneuver	pick_kilrathi_maneuver	004348A0	0041F83F	WC1-callgraph-propagated		94.83	ge90
src/sound.c	ServiceSoundSystem	ServiceSoundSystem	0042B7D0	0042476B	WC1-order-exact		94.87	ge90
src/cockpt.c	rotational_pos_to_scanner_pos	rotational_pos_to_scanner_pos	004158F0	0043B0EB	WC1-fuzzy-low		94.87	ge90
src/killbrd.c	RunTitleMenuInputLoop	RunTitleMenuInputLoop		00418ECD	WC2-only		94.90	ge90
src/logic.c	InitializeCockpitResources	LoopCombatFn45B0	004245B0	004577D7	WC1-callgraph-propagated		94.98	ge90
src/geom.c	vector_length_in_dir	vector_length_in_dir	00418B60	0040AF99	WC1-manual-verified		95.00	ge90
src/smart.c	pick_from_list	pick_from_list	00434800	0041F714	WC1-fuzzy-followup		95.00	ge90
src/logic.c	SaveAndFreeTemporaryCampaignGlobals	SaveAndFreeTemporaryCampaignGlobals		00429423	WC2-only		95.00	ge90
src/cockpt.c	set_new_objective	set_new_objective	004152C0	0043A75E	WC1-callgraph-propagated		95.00	ge90
src/screen.c	EndCommMenu	EndCommMenu	004314C0	004480C6	WC1-fuzzy-low		95.00	ge90
src/strdos.c	DosMemcpy	DosMemcpy	004354F0	00462527	WC1-manual-verified		95.00	ge90
src/strdos.c	DosMemset	DosMemset	00435510	00462550	WC2-manual-verified		95.00	ge90
src/eventmgr.c	TranslatePolledInputEvent	TranslatePolledInputEvent	004355F0	00462625	WC1-callgraph-single-low		95.00	ge90
src/eventmgr.c	RestoreMouseCursorBackground	GetUiFn5FA0	00435FA0	004637F4	WC1-fuzzy-low		95.00	ge90
src/sound.c	LoadWingCmdrCfgFile	LoadWingCmdrCfgFile	0042C580	00401000	WC1-fuzzy-followup		95.06	ge90
src/hudmsg.c	CopyHugeMemoryOverlapSafe	CopyHugeMemoryOverlapSafe		00419A40	WC2-only		95.10	ge90
src/geom.c	get_facing_range_from_object	get_facing_range_from_object	00419310	0040B92F	WC1-manual-verified		95.12	ge90
src/logic.c	hostile_sphere	hostile_sphere	00423970	0042B565	WC1-callgraph-single		95.12	ge90
src/pilot.cpp	ReadTextInput	ReadTextInput	00426200	004597E3	WC1-fuzzy-followup		95.15	ge90
src/logic.c	DecodeSceneStructChunk	DecodeSceneStructChunk		00458A90	WC2-only		95.18	ge90
src/cmpgn.c	RunCampaignContinuePromptLoop	RunCampaignContinuePromptLoop		004098F2	WC2-only		95.24	ge90
src/winmain.c	add_hazard_field	add_hazard_field	00401C00	00418626	WC1-manual-verified		95.24	ge90
src/gr.c	DrawSolidColourSprite	DrawSolidColourSprite	00441A40	00426FD9	WC1-callgraph-propagated		95.24	ge90
src/logic.c	GetMissionShipVelocityState	GetMissionShipVelocityState		00428E5C	WC2-only		95.24	ge90
src/logic.c	close_behind	close_behind	00422F60	0042A876	WC1-manual-verified		95.24	ge90
src/screens.c	RemoveCutsceneMemberIndex	RemoveCutsceneMemberIndex		0042C6AC	WC2-only		95.24	ge90
src/brains.c	Mroll_over	Mroll_over	00406990	004410C0	WC1-manual-verified		95.24	ge90
src/brains.c	Mget_distance	Mget_distance	004071E0	00441EC8	WC1-fuzzy-low		95.24	ge90
src/brains.c	maneuvering	maneuvering	00409C20	00442EFC	WC1-callgraph-propagated		95.24	ge90
src/hudmsg.c	FinishCannedScenePlayback	FinishCannedScenePlayback		0044698F	WC2-only		95.24	ge90
src/winmain.c	ShowNoticeMessageBox	ShowNoticeMessageBox	004020E0	0045418B	WC1-fuzzy-medium		95.24	ge90
src/eventmgr.c	CaptureMouseCursorBackground	WcOrphanRoutine435E20	00435E20	004635E3	WC1-fuzzy-low		95.24	ge90
src/eventmgr.c	SetMouseHomePosition	SetInputFn6160	00436160	00463F74	WC1-callgraph-single		95.24	ge90
src/eventmgr.c	ApplyPackedMousePosition	ApplyPackedMousePosition	00436190	00463FAA	WC1-manual-verified		95.24	ge90
src/hudmsg.c	ApplyCannedSceneFrameEvents	ApplyCannedSceneFrameEvents		00446D55	WC2-only		95.29	ge90
src/screen.c	BuildCommunicationRecipientMenu	BuildCommunicationRecipientMenu	00430E90	00447629	WC1-fuzzy-followup		95.30	ge90
src/cockpt.c	cycle_next_objective	cycle_next_objective	00415370	0043A851	WC1-fuzzy-low		95.35	ge90
src/brains.c	init_mission	init_mission	0040B730	0044B2E2	WC1-callgraph-propagated		95.35	ge90
src/personnel.c	ReadPersonnelTextField	LoadPaletteTripletsFile	00404610	00459BC8	WC1-fuzzy-very-low		95.35	ge90
src/brains.c	ProcessMissionWaveCommands	ProcessMissionWaveCommands		0044D0C7	WC2-only		95.42	ge90
src/logic.c	fire_afterburner	fire_afterburner	00421350	0041693A	WC1-manual-verified		95.45	ge90
src/smart.c	maintain_formation	maintain_formation	004344E0	0041F2C5	WC1-manual-verified		95.45	ge90
src/logic.c	free_cockpit	free_cockpit	004249A0	00458196	WC1-callgraph-propagated		95.51	ge90
src/screens.c	BlitRawFrame	BlitRawFrame	0043E4AB	00406CA7	WC1-auto-vt		95.53	ge90
src/gr.c	DrawViewportLine	DrawViewportLine	00441BA0	0042722E	WC1-manual-verified		95.56	ge90
src/logic.c	inherit_leader	inherit_leader	004235B0	0042B00A	WC1-fuzzy-followup		95.56	ge90
src/disk.c	LoadSceneHotspotBoundsForSelection	LoadSceneHotspotBoundsForSelection		0040926E	WC2-only		95.58	ge90
src/hudmsg.c	HandleSpaceFlightControls	HandleDebugCheatKeys	00429160	0046733D	WC1-fuzzy-followup		95.60	ge90
src/gr.c	DrawSpriteDefault	DrawSpriteDefault	00441400	004266E7	WC1-callgraph-propagated		95.65	ge90
src/logic.c	approach_half_speed	approach_half_speed	00422E10	0042A71D	WC1-fuzzy-followup		95.65	ge90
src/logic.c	EMStartUp	EMStartUp	00421AB0	0045B924	WC1-callgraph-propagated		95.65	ge90
src/dib.c	GetPaletteEntryAsWords	GetPaletteEntryAsWords	00433020	0045E61C	WC1-order-exact		95.65	ge90
src/hudmsg.c	ApplyCannedSceneObjectEventRecord	ApplyCannedSceneObjectEventRecord		00446B6A	WC2-only		95.74	ge90
src/nav.c	InflightComputer	BlitUiFnE480	0040E480	00451FAA	WC1-callgraph-propagated		95.75	ge90
src/spc.c	WaitForJoystickButtonRelease	WaitForJoystickButtonRelease	004106C0	00418D14	WC1-manual-verified		95.83	ge90
src/spc.c	WaitForJoystickButtonPress	WaitForJoystickButtonPress	00410700	00418D5F	WC1-manual-verified		95.83	ge90
src/screens.c	RestoreCutsceneTextBacking	RestoreCutsceneTextBacking		0042DE9D	WC2-only		95.83	ge90
src/screen.c	IssueQuickCommCommand	IssueQuickCommCommand	00431400	00448008	manual-verified		95.83	ge90
src/screen.c	ReleasePacketHandle	ReleasePacketHandle	0042FAE0	00459082	WC1-order-exact		95.83	ge90
src/pilot.cpp	EraseCharacterAfterTextCursor	EraseCharacterAfterTextCursor	004261D0	0045930A	WC1-manual-verified		95.83	ge90
src/winmain.c	WinMain	WinMain	00401E30	00453E60	WC1-callgraph-transfer		95.86	ge90
src/personnel.c	OpenDiskDataFile	OpenDiskDataFile	0041D6C0	004342E8	WC1-callgraph-propagated		95.88	ge90
src/ship.c	launch_object	launch_object	00420260	00414D3D	WC1-fuzzy-low		95.92	ge90
src/brains.c	Mhard_turn	Mhard_turn	004069F0	00441146	WC1-callgraph-propagated		95.92	ge90
src/nav.c	DrawNavMapLegend	DrawNavMapLegend	0040DEE0	004516C0	WC1-fuzzy-low		95.92	ge90
src/mathfp.c	Vector_magnitude	Vector_magnitude	00434F20	00461C71	WC1-callgraph-propagated		95.92	ge90
src/gr.c	DrawViewportBorder	DrawViewportBorder	00441CF0	00427EC8	WC1-fuzzy-followup		95.93	ge90
src/nav.c	DrawNavMapBriefingBeacons	DrawNavMapBriefingBeacons		00450F1E	WC2-only		95.95	ge90
src/screens.c	RecordCannedSceneBriefingCharacter	DrawBriefingCharacter	00439150	004021A7	WC1-fuzzy-very-low		96.00	ge90
src/smart.c	compute_formation_destination	compute_formation_destination	00433FF0	0041EC73	WC1-fuzzy-low		96.00	ge90
src/pilot.cpp	ClearTextInputCharacter	ClearTextInputCharacter	00426140	00459348	WC1-fuzzy-very-low		96.00	ge90
src/eventmgr.c	ReleaseInputEvent	ReleaseInputEvent	00435760	0046294F	WC1-manual-verified		96.00	ge90
src/killbrd.c	RunCampaignChalkboardMenu	RunCampaignChalkboardMenu		00459D74	WC2-only		96.03	ge90
src/music.c	InitializeConstellationField	InitializeConstellationField	0042D390	0045A441	WC1-fuzzy-followup		96.08	ge90
src/main.c	dump_buffer_to_screen	dump_buffer_to_screen	00427A40	00465D55	WC1-fuzzy-very-low		96.08	ge90
src/screens.c	CopyRasterDriverName	CopyRasterDriverName	00439C3E	0040243C	WC1-fuzzy-high		96.15	ge90
src/screens.c	FatalCutsceneError	FatalCutsceneError		0042C725	WC2-only		96.15	ge90
src/brains.c	kilrathi_patrol	kilrathi_patrol	0040A360	00443930	WC1-manual-verified		96.15	ge90
src/geom.c	MeasureTextPixelWidthClamped	MeasureTextPixelWidthClamped	00418080	00453B30	WC1-callgraph-propagated		96.15	ge90
src/screen.c	PollMenuInputDevices	PollMenuInputDevices	00430920	00421530	WC1-fuzzy-low		96.17	ge90
src/gr.c	GenerateWipeRadialEdges	GenerateWipeRadialEdges		0044A910	WC2-only		96.21	ge90
src/hudmsg.c	CheckCannedSceneBufferCapacity	CheckCannedSceneBufferCapacity		00401C1A	WC2-only		96.30	ge90
src/geom.c	IsPointWithinRange	IsPointWithinRange	00419990	0040BF55	WC1-callgraph-propagated		96.30	ge90
src/winmain.c	manage_hazard	manage_hazard	004019E0	0041836E	WC1-fuzzy-very-low		96.30	ge90
src/hudmsg.c	RestoreCannedSceneObjectState	RestoreCannedSceneObjectState		00446A1D	WC2-only		96.30	ge90
src/brains.c	Set_up_ship_info	SetTbl0059dd90FnC5E0	0040C5E0	0044DB7E	WC1-callgraph-propagated		96.30	ge90
src/killbrd.c	PollCampaignChalkboardMenu	PollCampaignChalkboardMenu		00459C4D	WC2-only		96.30	ge90
src/screens.c	DrawCutscenePlane	DrawCutscenePlane		0042DD9F	WC2-only		96.36	ge90
src/screen.c	InitFullScreenViewport	DoUiFnF7E0	0042F7E0	0040FC7E	WC1-callgraph-single		96.43	ge90
src/logic.c	reset_mission_type	reset_mission_type	00422BE0	0042A490	WC1-fuzzy-low		96.43	ge90
src/screens.c	LogChangedCutsceneWorkBuffers	LogChangedCutsceneWorkBuffers		0042BF0C	WC2-only		96.43	ge90
src/mathfp.c	ArcSin	ArcSin	00434E60	00461B1B	WC1-callgraph-propagated		96.43	ge90
src/mathfp.c	ArcCos	ArcCos	00434E90	00461B6B	WC1-callgraph-propagated		96.43	ge90
src/mathfp.c	Magnitude	Magnitude	00434EC0	00461BBB	WC1-callgraph-single-low		96.43	ge90
src/gr.c	DrawSpriteTransformed	DrawSpriteTransformed	00440FE0	00425FB4	WC1-fuzzy-very-low		96.45	ge90
src/brains.c	UpdateTargetCameraObject	UpdateTargetCameraObject		00460650	WC2-only		96.45	ge90
src/sound.c	show_damage_disp	show_damage_disp	0042C800	00401120	WC1-fuzzy-followup		96.46	ge90
src/barracks.c	RunCampaignSelectionFrame	RunCampaignSelectionFrame	0041C090	00418DAA	WC1-callgraph-propagated		96.47	ge90
src/screens.c	ExecuteCutsceneSequence	ExecuteCutsceneSequence		0042E12A	WC2-only		96.51	ge90
src/smart.c	reset_stress	reset_stress	00434550	0041F337	WC1-manual-verified		96.55	ge90
src/sound.c	RewriteCutsceneMusicExtensionForRetry	RewriteCutsceneMusicExtensionForRetry		00432EE4	WC2-only		96.55	ge90
src/brains.c	check_goal	check_goal	0040A900	00444199	WC1-fuzzy-followup		96.55	ge90
src/mono.c	WriteDataFileAtOffset	WriteDataFileAtOffset	00403520	0045A06C	WC1-fuzzy-high		96.55	ge90
src/eventmgr.c	ReleaseInputEventQueue	ReleaseInputEventQueue	004358B0	00462C43	WC1-manual-verified		96.55	ge90
src/screens.c	LoadCachedCutsceneResource	LoadCachedCutsceneResource		00432F2A	WC2-only		96.57	ge90
src/disk.c	ReportPacketLoadError	TextUiFnD120	0041D120	0040F0D2	WC1-fuzzy-followup		96.58	ge90
src/cockpt.c	fire_computer_graphic_missile	fire_computer_graphic_missile	00414D50	00439A5A	WC1-fuzzy-low		96.59	ge90
src/cockpt.c	update_VDUs	update_VDUs	00417B70	0043F2F5	WC1-fuzzy-followup		96.63	ge90
src/geom.c	transform_objects_to_your_view	ScanTbl0059d9b0FnA1D0	0041A1D0	0040C9DD	WC1-fuzzy-very-low		96.64	ge90
src/cockpt.c	draw_3d_scanner	draw_3d_scanner	00415CE0	0043B7C0	function order; parameter shape; unique BriefingMap_DisplayMap caller; scanner helper anchors; assembly control flow		96.66	ge90
src/geom.c	WrapDegrees	DoLocalFn8560	00418560	0040A925	WC1-fuzzy-medium		96.67	ge90
src/spc.c	rotate_object	GetTbl0059b2a0Fn2920	00412920	0041CB3C	WC1-fuzzy-low		96.67	ge90
src/hudmsg.c	ApplyCannedSceneMusicRecord	ApplyCannedSceneMusicRecord		00446D0D	WC2-only		96.67	ge90
src/brains.c	set_up_next_wave	set_up_next_wave	0040C3C0	0044D888	WC1-callgraph-propagated		96.67	ge90
src/eventmgr.c	RefreshMouseCursorDisplay	BlitUiFn6060	00436060	004638F1	WC1-fuzzy-followup		96.67	ge90
src/ship.c	internal_damage	internal_damage	0041EE20	004128A7	WC1-fuzzy-followup		96.69	ge90
src/disk.c	WaitForSceneAdvance	WaitForSceneAdvance	0041DBA0	00409120	WC1-fuzzy-very-low		96.70	ge90
src/personnel.c	RunPilotDatabaseMenu	RunPilotDatabaseMenu		00436A8F	WC2-only		96.70	ge90
src/eventmgr.c	set_up_screen_viewport	set_up_screen_viewport	00436740	004648C5	WC1-fuzzy-medium		96.74	ge90
src/logic.c	ships_within_range	ships_within_range	00423260	0042AB81	WC1-callgraph-single-low		96.77	ge90
src/screen.c	IsPushedPacketHandle	IsPushedPacketHandle	0042F9E0	00458EED	WC1-callgraph-single		96.77	ge90
src/main.c	HandleFleetOverviewInput	HandleFleetOverviewInput		0045E9F0	WC2-only		96.82	ge90
src/brains.c	imperial_wingman	imperial_wingman	00409F80	004433B1	WC1-fuzzy-followup		96.83	ge90
src/brains.c	mine_intelligence	mine_intelligence	0040B3A0	00446474	WC1-fuzzy-low		96.83	ge90
src/screens.c	ReleaseCutsceneMusicNodes	ReleaseCutsceneMusicNodes		0042CFDB	WC2-only		96.85	ge90
src/personnel.c	HighlightTransferredPilot	ConfirmQuitWingCommander	0041BF10	00434F7D	WC1-callgraph-propagated		96.88	ge90
src/dib.c	MarkDibDirty	MarkDibDirty	00432960	0045DB8C	WC2-manual-verified		96.88	ge90
src/ix/dspv.cpp	ix_dspv_set_active	ix_dspv_set_active	004467C5	0048A235	WC1-auto-vt		96.88	ge90
src/ix/dspv.cpp	ix_dspv_clear_flag4	ix_dspv_clear_flag4	0044688E	0048A2FE	WC1-auto-vt		96.88	ge90
src/ix/dspv.cpp	ix_dspv_get_flags	ix_dspv_get_flags	004468F2	0048A362	WC1-auto-vt		96.88	ge90
src/ix/dsps.cpp	ix_dsps_get_flags	ix_dsps_get_flags	00445A0B	0048B26B	WC1-auto-vt		96.88	ge90
src/cockpt.c	auto_pilot_valid	auto_pilot_valid	00414380	00438ADD	WC1-callgraph-propagated		96.90	ge90
src/nav.c	GetViewportIntersection	GetViewportIntersection		004651B7	WC2-only		96.91	ge90
src/spc.c	rotate_eye_to_goal	rotate_eye_to_goal	00410A30	00419C10	WC1-manual-verified		96.92	ge90
src/ship.c	GetAdaptiveTurnRate	GetAdaptiveTurnRate		00410289	WC2-only		96.97	ge90
src/spc.c	animate_object	SoundTbl0059de40Fn2E30	00412E30	0041D2DA	WC1-fuzzy-followup		96.97	ge90
src/logic.c	is_ship_tailing_player_target	is_ship_tailing_player_target	004229B0	0042A1C5	WC1-callgraph-propagated		96.97	ge90
src/brains.c	run_away	run_away	004099C0	00442B78	WC1-fuzzy-low		96.97	ge90
src/winmain.c	TrackFreedHeapBlock	TrackFreedHeapBlock		00455715	WC2-only		96.97	ge90
src/logic.c	ToggleTargetCameraTracking	ToggleTargetCameraTracking		00460498	WC2-only		97.00	ge90
src/screens.c	PanToScreen	PanToScreen	00439430	00433410	WC1-fuzzy-very-low		97.03	ge90
src/personnel.c	InitializeCampaignChalkboardScreen	InitializeCampaignChalkboardScreen		00433C84	WC2-only		97.06	ge90
src/disk.c	ParseCutsceneContainer	ParseCutsceneContainer		0040E31F	WC2-only		97.07	ge90
src/personnel.c	DrawPersonnelSourceChoices	WarnLoadGameFirst	0041B550	004346E9	WC1-callgraph-propagated		97.10	ge90
src/personnel.c	DrawPersonnelMenuChoices	InitializeTrainSimTextPanel	00426660	004347D6	WC1-callgraph-propagated		97.10	ge90
src/cockpt.c	send_message	send_message	00417420	0043E4A8	WC1-fuzzy-medium		97.10	ge90
src/brains.c	Mwabble	ShipAiState13	00406130	004406BA	WC1-fuzzy-followup		97.10	ge90
src/winmain.c	init_hazard	init_hazard	004013B0	00417AF9	WC1-fuzzy-followup		97.12	ge90
src/smart.c	offset_location	offset_location	00433F50	0041EBC1	WC1-manual-verified		97.14	ge90
src/sound.c	RewriteDiskFileGraphicsExtensions	RewriteDiskFileGraphicsExtensions	0042C510	00432E23	WC1-auto-vt		97.14	ge90
src/sound.c	RewriteCutsceneMusicExtensionForDriver	RewriteCutsceneMusicExtensionForDriver		00432E83	WC2-only		97.14	ge90
src/cockpt.c	DrawHudMessageSlot	DrawHudMessageSlot	004140A0	004385B3	WC1-fuzzy-very-low		97.14	ge90
src/screens.c	UpdateCutscenePlaneObject	UpdateCutscenePlaneObject		0042E3CF	WC2-only		97.17	ge90
src/brains.c	init_ship	GetTbl0046c96aFnC800	0040C800	0044E187	WC1-callgraph-propagated		97.17	ge90
src/hudmsg.c	RecordCannedSceneObjectEvent	RecordCannedSceneObjectEvent		00401FDD	WC2-only		97.20	ge90
src/logic.c	UpdateShipTurretGuns	UpdateShipTurretGuns		0045F7EC	WC2-only		97.20	ge90
src/logic.c	engage	engage	00423A50	0042B6C5	WC1-fuzzy-followup		97.22	ge90
src/nav.c	UpdateInflightNavText	DrawStandardTimeReadout	0040DDA0	0045153A	WC1-fuzzy-medium		97.22	ge90
src/eventmgr.c	SetMouseCursorShape	SetMouseCursorShape	004360F0	00463EEE	WC1-manual-verified		97.22	ge90
src/personnel.c	LocateLegacySaveGame	ConfirmAwakenAfterBadData	0041BF60	00436722	WC1-callgraph-propagated		97.25	ge90
src/cockpt.c	DrawCockpitReadout	DrawCockpitReadout	00413FB0	004384AD	WC1-fuzzy-followup		97.26	ge90
src/eventmgr.c	QueueInputEvent	QueueInputEvent	00435790	004629A7	WC1-manual-verified		97.26	ge90
src/disk.c	DecodeSceneResourceChunk	DecodeSceneResourceChunk		0040E130	WC2-only		97.30	ge90
src/ix/dsp.cpp	ix_dsp_set_master_volume	ix_dsp_set_master_volume	00444DC5	00489E45	WC1-auto-vt		97.30	ge90
src/ix/dspv.cpp	ix_dspv_set_volume	ix_dspv_set_volume	00446B18	0048A588	WC1-auto-vt		97.30	ge90
src/mathfp.c	DrawTextString	DrawTextString	004350F0	00461F22	WC1-fuzzy-high		97.31	ge90
src/dib.c	DIBsetPalette	DIBsetPalette	00432F10	0045E46C	WC1-fuzzy-followup		97.32	ge90
src/nav.c	DrawNavLocationReadout	DrawNavLocationReadout	0040DF70	0045180F	WC1-fuzzy-followup		97.34	ge90
src/nav.c	ShowVictoryScreen	ShowVictoryScreen		00408CC8	WC2-only		97.35	ge90
src/dib.c	DIBunInstall	DIBunInstall	00432680	0045D78C	WC1-manual-verified		97.37	ge90
src/cockpt.c	print_message_text	print_message_text	00416260	0043C364	WC1-manual-verified		97.39	ge90
src/logic.c	InitializeMusicResources	InitializeMusicResources		0045C419	WC2-only		97.40	ge90
src/screens.c	DrawCutsceneTextAt	DrawCutsceneTextAt		0042C0F1	WC2-only		97.42	ge90
src/disk.c	HasShipCockpitGunDisplay	HasShipCockpitGunDisplay		00410192	WC2-only		97.44	ge90
src/logic.c	find_ratio	find_ratio		0042B916	WC2-only		97.44	ge90
src/screens.c	PresentCutsceneFrame	PresentCutsceneFrame		0042C7BC	WC2-only		97.44	ge90
src/dib.c	DIBreInstall	DIBreInstall	004322B0	0045D1BB	WC1-fuzzy-followup		97.44	ge90
src/ix/sample.cpp	IxSample::ix_sample_load_aiff	ix_sample_load_aiff	0044879C	0046B21C	WC1-auto-vt		97.44	ge90
src/brains.c	imperial_formation	imperial_formation	00409D60	00443095	WC1-fuzzy-low		97.45	ge90
src/gr.c	AdvanceViewportWipe	AdvanceViewportWipe		00448D58	WC2-only		97.46	ge90
src/ix/sample.cpp	IxSample::ix_sample_convert_from_ieee_extended	ix_sample_convert_from_ieee_extended	0044914C	0046BBCC	WC1-auto-vt		97.46	ge90
src/dib.c	CachePaletteEntryFromWords	CachePaletteEntryFromWords	00432E30	0045E2DA	WC1-order-exact		97.50	ge90
src/dib.c	DIBerror	DIBerror	00432140	0045D004	WC1-fuzzy-high		97.53	ge90
src/main.c	RunGameApplication	GameFlow	0040F4B0	0046591A	WC1-callgraph-propagated		97.55	ge90
src/spc.c	object_collision	object_collision	004130D0	0041D591	same per-object update-loop caller; collision/vector callee family; 70.78% binary-comp; target 00445087 is capital-ship strike mission case		97.56	ge90
src/dib.c	ReportSpaceFlightMaxFps	ReportSpaceFlightMaxFps	00432050	0045CE9A	WC1-fuzzy-medium		97.56	ge90
src/geom.c	facing_to_object	facing_to_object	004193D0	0040B9B5	WC1-callgraph-propagated		97.62	ge90
src/hudmsg.c	RunSpaceFlight	RunSpaceFlight	0042A190	0046925E	WC1-callgraph-propagated	WC1-review-module-mismatch	97.63	ge90
src/geom.c	recalc_max_velocity	recalc_max_velocity	00418210	0040A481	WC1-fuzzy-low		97.67	ge90
src/smart.c	handle_collisions	handle_collisions	00433D90	0041E860	WC1-manual-verified		97.67	ge90
src/logic.c	report_kilrathi_rout	report_kilrathi_rout	00422640	00429CAD	WC1-fuzzy-low		97.67	ge90
src/ship.c	ProcessEnemyWaveCompletion	ProcessEnemyWaveCompletion		004138A8	WC2-only		97.75	ge90
src/music.c	InitializeSpeechCache	InitializeSpeechCache		0044F84F	WC2-only		97.76	ge90
src/nav.c	ReleaseNearHeapBlock	ReleaseNearHeapBlock	0040E900	00420874	WC1-callgraph-propagated		97.78	ge90
src/cockpt.c	kilrathi_near	kilrathi_near	00414300	0043895F	WC1-fuzzy-very-low		97.78	ge90
src/screen.c	real_vid_transmit	DrawTbl0059d650Fn16E0	004316E0	004482CA	WC1-fuzzy-followup		97.78	ge90
src/eventmgr.c	ServiceInputDevices	ServiceInputDevices		00464D5F	WC2-only		97.78	ge90
src/dib.c	DIBpositionWindow	DIBpositionWindow	00432230	0045D11F	WC1-fuzzy-medium		97.83	ge90
src/ix/streamer.cpp	ix_streamer_find_entry	ix_streamer_find_entry	00443755	0046CD55	WC1-auto-vt		97.83	ge90
src/disk.c	LoadPacketAllocated	LoadUiFnD250	0041D250	0040F49D	WC1-callgraph-propagated		97.85	ge90
src/screens.c	UpdateCutsceneSpriteObject	UpdateCutsceneSpriteObject		0042E553	WC2-only		97.85	ge90
src/hudmsg.c	SetMultimediaTimerCallback	SetMultimediaTimerCallback	0042AFC0	0040A2E7	WC1-fuzzy-medium		97.87	ge90
src/personnel.c	DrawPilotSaveMenuChoices	DrawPilotSaveMenuChoices		004345A1	WC2-only		97.87	ge90
src/smart.c	chase_speed	chase_speed	00434C70	00440571	WC1-callgraph-propagated		97.87	ge90
src/eventmgr.c	PeekInputEvent	PeekInputEvent	00435CE0	004632A5	WC1-manual-verified		97.87	ge90
src/ix/dspv.cpp	ix_dspv_set_buffer	ix_dspv_set_buffer	0044698F	0048A3FF	WC1-auto-vt		97.92	ge90
src/cockpt.c	DrawCalculatingLabel	DrawCalculatingLabel	004150D0	0043A2CD	WC1-fuzzy-followup		97.96	ge90
src/smart.c	goto_formation	goto_formation	00434360	0041F0C5	WC1-fuzzy-low		97.99	ge90
src/hudmsg.c	HandleCannedSceneBufferBoundary	HandleCannedSceneBufferBoundary		00401ACB	WC2-only		98.00	ge90
src/auto.c	function	auto_position	00403F40	004229B9	WC1-callgraph-propagated		98.00	ge90
src/logic.c	detect_enemy_tail	detect_enemy_tail	00422930	0042A108	WC1-fuzzy-very-low		98.00	ge90
src/screen.c	MapPacketHandleToBlock	MapPacketHandleToBlock	0042FA20	00458F5A	WC1-order-exact		98.00	ge90
src/screens.c	RunCutsceneWipeTransition	RunCutsceneWipeTransition		0042C43D	WC2-only		98.02	ge90
src/pload.c	RemoveActiveSoundEntry	RemoveActiveSoundEntry	0042B390	00423FAB	WC1-callgraph-single-low		98.04	ge90
src/music.c	changetrack	changetrack	0042EAD0	00452F90	WC1-fuzzy-very-low		98.04	ge90
src/logic.c	initialize_cockpit	initialize_cockpit	00423E90	00456B1A	WC1-callgraph-propagated		98.04	ge90
src/eventmgr.c	RemoveInputEvent	RemoveInputEvent	00435940	00462D48	WC1-manual-verified		98.04	ge90
src/dib.c	DIBramPalette	DIBramPalette	00432EA0	0045E37C	WC1-fuzzy-followup		98.08	ge90
src/ix/mixer.cpp	ix_mixer_service	ix_mixer_service	004463FC	0048BC5C	WC1-auto-vt		98.09	ge90
src/winmain.c	check_hazards	check_hazards	00401C60	004186A4	WC1-manual-verified		98.11	ge90
src/cockpt.c	HasInRangeGunForTargetLead	HasInRangeGunForTargetLead		0043CE8F	WC2-only		98.11	ge90
src/disk.c	LoadPacketIntoBuffer	LoadPacketIntoBuffer	0041D200	0040F40E	WC1-manual-verified		98.15	ge90
src/cockpt.c	build_your_target_list	build_your_target_list	00416E90	0043DA68	WC1-callgraph-propagated		98.17	ge90
src/hudmsg.c	RecordCannedSceneObjectState	RecordCannedSceneObjectState		00401D79	WC2-only		98.18	ge90
src/brains.c	find_next_ship_turn_slot	find_next_ship_turn_slot	0040C780	0044E09C	WC1-order-semantics-verified		98.18	ge90
src/ix/dspv.cpp	ix_dspv_set_bits_per_sample	ix_dspv_set_bits_per_sample	00446D2C	0048A79C	WC1-auto-vt		98.18	ge90
src/pload.c	RemoveWaveTableEntry	RemoveWaveTableEntry	0042B290	00423E12	WC1-manual-verified		98.21	ge90
src/ship.c	inflict_damage	inflict_damage	0041E9B0	00411C72	WC1-callgraph-propagated		98.22	ge90
src/gr.c	ValidateViewportBounds	ValidateViewportBounds	00440C00	00425A16	WC1-fuzzy-followup		98.25	ge90
src/hudmsg.c	FlushCannedSceneRecordingBuffer	FlushCannedSceneRecordingBuffer		00402385	WC2-only		98.28	ge90
src/brains.c	rendezvous_mission	rendezvous_mission	0040AD80	00444966	WC1-fuzzy-followup		98.28	ge90
src/hudmsg.c	LoadCannedScenePlaybackBuffer	LoadCannedScenePlaybackBuffer		00446F14	WC2-only		98.28	ge90
src/geom.c	CollectActivePaletteIndices	CollectActivePaletteIndices	00418140	004589D0	WC1-manual-verified		98.33	ge90
src/nav.c	MergeAdjacentNearHeapBlocks	MergeAdjacentNearHeapBlocks		004207B0	WC2-only		98.39	ge90
src/cmpgn.c	PromptToContinueCampaign	PromptToContinueCampaign		004099A8	WC2-only		98.43	ge90
src/ix/dsps.cpp	ix_dsps_alloc	ix_dsps_alloc	004451B5	0048AA15	WC1-auto-vt		98.46	ge90
src/gr.c	FinishViewportWipe	FinishViewportWipe		0044A03C	WC2-only		98.51	ge90
src/system.c	LogMemoryUsage	LogMemoryUsage	004272F0	0046579D	WC1-callgraph-propagated	WC1-review-module-mismatch	98.55	ge90
src/nav.c	AnimateTitleOrchestra	AnimateTitleOrchestra		0040815F	WC2-only		98.67	ge90
src/ix/dsps.cpp	ix_dsps_set_volume	ix_dsps_set_volume	00445906	0048B166	WC1-auto-vt		98.72	ge90
src/brains.c	cruise_to_destination	cruise_to_destination	0040A410	00443A08	WC1-fuzzy-followup		98.75	ge90
src/cockpt.c	target_locking	target_locking	00416120	0043C048	WC1-callgraph-propagated		98.82	ge90
src/music.c	TheEndFireWorks	TheEndFireWorks	0042D2A0	0045A300	WC1-fuzzy-very-low		98.82	ge90
src/ship.c	ResolveObjectDestruction	ResolveObjectDestruction		004148F5	WC2-only		98.84	ge90
src/screen.c	ThrottleFrameAndDrawFps	ThrottleFrameAndDrawFps	00431F00	0045CD2C	WC1-fuzzy-very-low		98.86	ge90
src/hudmsg.c	FadeViewportPaletteToColour	FadeViewportPaletteToColour	0042A700	00453820	WC1-fuzzy-very-low		98.88	ge90
src/personnel.c	PollPersonnelMenuInput	PollPersonnelMenuInput		00433AD0	WC2-only		98.90	ge90
src/hudmsg.c	ProcessCannedSceneInput	ProcessCannedSceneInput		00446FC8	WC2-only		98.92	ge90
src/dib.c	DIBslamReal	DIBslamReal	00432970	0045DC33	WC1-fuzzy-followup		98.92	ge90
src/cockpt.c	vdu_polygon	vdu_polygon	00413DA0	00438194	WC1-fuzzy-very-low		98.94	ge90
src/dib.c	DIBwholePaletteFromTriplets	DIBwholePaletteFromTriplets	00433060	0045E667	WC1-fuzzy-followup		98.95	ge90
src/dib.c	DIBwholePaletteFromWords	DIBwholePaletteFromWords	00433120	0045E816	WC1-callgraph-single		98.95	ge90
src/cmpgn.c	UpdateMap	UpdateMap	00405CC0	0042ECCB	function order; parameter shape; unique BriefingMap_DisplayMap caller; scanner helper anchors; assembly control flow		99.00	ge90
src/logic.c	LoadOriginFxDrivers	LoadOriginFxDrivers	00421B10	0045B9D3	WC1-callgraph-propagated		99.00	ge90
src/screens.c	AdvanceSceneFlicStream	AdvanceSceneFlicStream		0042E868	WC2-only		99.08	ge90
src/brains.c	init_intelligence_data	DispatchTbl0059d4b0FnC950	0040C950	0044E44F	WC1-callgraph-propagated		99.15	ge90
src/brains.c	escort_mission	escort_mission	0040A7D0	00443FE4	WC1-fuzzy-followup		99.17	ge90
src/logic.c	main	main	004274E0	0045C558	WC1-fuzzy-very-low		99.22	ge90
src/music.c	DrawConstellationField	DrawConstellationField	0042D500	0045A634	WC1-callgraph-propagated		99.24	ge90
src/screen.c	BuildCommunicationCommandMenu	BuildCommunicationCommandMenu	00430FC0	00447890	WC1-fuzzy-followup		99.27	ge90
src/brains.c	function	load_ship	0040B9F0	0044BEE5	WC1-manual-verified		99.28	ge90
src/brains.c	FF_missile_intelligence	FF_missile_intelligence	0040B570	00446133	WC1-callgraph-propagated		99.30	ge90
src/nav.c	Title_Sequence	Title_Sequence		00407E40	WC2-only		99.31	ge90
src/screens.c	FillRasterEllipse	FillRasterEllipse	0043D1C1	004059BD	WC1-auto-vt		99.32	ge90
src/personnel.c	DrawPersonnelFileSlot	DrawPersonnelFileSlot	00426600	004348C3	WC2-manual-verified		99.33	ge90
src/nav.c	RevealTitleLogo	RevealTitleLogo		00408A88	WC2-only		99.36	ge90
src/screens.c	RunLoadedCutscene	RunLoadedCutscene	00436E30	0042D568	WC2-manual-verified		99.37	ge90
src/logic.c	StoreMissionResultsInCampaignGlobals	StoreMissionResultsInCampaignGlobals		00428EDC	WC2-only		99.42	ge90
src/ship.c	explosion_shock_wave	explosion_shock_wave	0041FEE0	00414025	WC1-callgraph-propagated		99.46	ge90
src/spc.c	house_keep_objects	ScanTbl0059b560Fn2430	00412430	0041BD81	WC1-callgraph-propagated		99.49	ge90
src/spc.c	update_objects_in_space	ScanTbl0059d100Fn2820	00412820	0041C7ED	WC1-callgraph-propagated		99.50	ge90
src/ix/sound.cpp	ix_sound_start	ix_sound_start	00447CD8	0046A758	WC1-auto-vt		99.56	ge90
src/nav.c	PlayTitleConductorCue	PlayTitleConductorCue		004083E6	WC2-only		99.62	ge90
src/screen.c	LoadJoystickCalibrationFile	LoadJoystickCalibrationFile	00431A10	00423480	WC1-fuzzy-high		99.64	ge90
src/ship.c	your_internal_damage	your_internal_damage	0041F220	00413099	WC1-fuzzy-low		99.69	ge90
src/ship.c	fire	fire	004202D0	00414DC0	WC1-fuzzy-followup		99.77	ge90
src/spc.c	new_view	DispatchTbl0059b9e0Fn17D0	004117D0	0041AE40	WC1-fuzzy-very-low		99.80	ge90
src/brains.c	capital_ship_strike_mission	capital_ship_strike_mission		00445087	WC2-only		99.86	ge90
src/screen.c	ConfigureDefaultSpacePalette	ConfigureDefaultSpacePalette		00401840	WC2-only		100.00	exact
src/hudmsg.c	InitializeCannedSceneFrameIndex	InitializeCannedSceneFrameIndex		00401A62	WC2-only		100.00	exact
src/hudmsg.c	GetCannedSceneObjectMode	GetCannedSceneObjectMode		00401C72	WC2-only		100.00	exact
src/screens.c	InstallRasterDriverCallbacks	InstallRasterDriverCallbacks	00439C69	00402465	WC1-fuzzy-high		100.00	exact
src/screens.c	optimize	DrawClippedLine	00439E39	00402635	WC1-auto-vt		100.00	exact
src/screens.c	optimize	FillRasterClipCheckerboard	0043A83B	00403037	WC1-auto-vt		100.00	exact
src/screens.c	optimize	DrawRLEImage	0043A974	00403170	WC1-auto-vt		100.00	exact
src/screens.c	optimize	DrawRLEImageUnclipped	0043AD78	00403574	WC1-auto-vt		100.00	exact
src/screens.c	SetPaletteTranslationTable	SetPaletteTranslationTable	0043AE3F	0040363B	WC1-fuzzy-medium		100.00	exact
src/screens.c	optimize	DrawRLEImageColor	0043AE5E	0040365A	WC1-auto-vt		100.00	exact
src/screens.c	optimize	DrawRLEImageColorUnclipped	0043B336	00403B32	WC1-auto-vt		100.00	exact
src/screens.c	optimize	RotateRLEImage	0043B469	00403C65	WC1-auto-vt		100.00	exact
src/screens.c	optimize	GetRLEFrameBounds	0043C015	00404811	WC1-auto-vt		100.00	exact
src/screens.c	EncodeRasterClipToRLEFrame	EncodeRasterClipToRLEFrame	0043C18D	00404989	WC1-auto-vt		100.00	exact
src/screens.c	optimize	TranslateRLEFramePalette	0043C410	00404C0C	WC1-auto-vt		100.00	exact
src/screens.c	FillRasterClip	FillRasterClip	0043C808	00405004	WC1-auto-vt		100.00	exact
src/screens.c	BlitRasterClip	BlitRasterClip	0043C8E7	004050E3	WC1-auto-vt		100.00	exact
src/screens.c	ScrollRasterClipWrapped	ScrollRasterClipWrapped	0043CC83	0040547F	WC1-auto-vt		100.00	exact
src/screens.c	optimize	DrawRasterEllipse	0043CE80	0040567C	WC1-auto-vt		100.00	exact
src/screens.c	GetRLETransformTrig	GetRLETransformTrig	0043E2D3	00406ACF	WC1-auto-vt		100.00	exact
src/screens.c	CalculateRoundedRLEFixedProduct	CalculateRoundedRLEFixedProduct	0043E38B	00406B87	WC1-auto-vt		100.00	exact
src/screens.c	TransformRLEPoint	TransformRLEPoint	0043E3B1	00406BAD	WC1-auto-vt		100.00	exact
src/screens.c	GetRawImageHeight	GetRawImageHeight	0043E478	00406C74	WC1-auto-vt		100.00	exact
src/screens.c	GetRawFrameWidth	GetRawFrameWidth	0043E48B	00406C87	WC1-auto-vt		100.00	exact
src/screens.c	BlitSelectedRawFrames	BlitSelectedRawFrames	0043E63E	00406E3A	WC1-auto-vt		100.00	exact
src/screens.c	BlitRawScanline	BlitRawScanline	0043E675	00406E71	WC1-auto-vt		100.00	exact
src/screens.c	FindIFFChunkData	FindIFFChunkData	0043E784	00406F80	WC1-auto-vt		100.00	exact
src/screens.c	DecodeIFFImage	DecodeIFFImage	0043E7C6	00406FC2	WC1-auto-vt		100.00	exact
src/screens.c	CopyILBMPalette	CopyILBMPalette	0043E98D	00407189	WC1-auto-vt		100.00	exact
src/screens.c	GetILBMImageSize	GetILBMImageSize	0043E9BE	004071BA	WC1-auto-vt		100.00	exact
src/screens.c	DecodePCXImage	DecodePCXImage	0043E9EB	004071E7	WC1-auto-vt		100.00	exact
src/screens.c	CopyPCXPaletteFromFileTail	CopyPCXPaletteFromFileTail	0043EA6D	00407269	WC1-auto-vt		100.00	exact
src/screens.c	GetPCXImageSize	GetPCXImageSize	0043EA98	00407294	WC1-auto-vt		100.00	exact
src/screens.c	ResetGIFLZWDictionary	ResetGIFLZWDictionary	0043EABF	004072BB	WC1-auto-vt		100.00	exact
src/screens.c	ReadGIFDataSubBlockByte	ReadGIFDataSubBlockByte	0043EB07	00407303	WC1-auto-vt		100.00	exact
src/screens.c	ReadGIFLZWCode	ReadGIFLZWCode	0043EB20	0040731C	WC1-auto-vt		100.00	exact
src/screens.c	AppendGIFLZWDictionaryEntry	AppendGIFLZWDictionaryEntry	0043EB66	00407362	WC1-auto-vt		100.00	exact
src/screens.c	EmitGIFDecodedPixel	EmitGIFDecodedPixel	0043EBAC	004073A8	WC1-auto-vt		100.00	exact
src/screens.c	ExpandGIFLZWImage	ExpandGIFLZWImage	0043EC29	00407425	WC1-auto-vt		100.00	exact
src/screens.c	CopyGIFPalette	CopyGIFPalette	0043EE42	0040763E	WC1-auto-vt		100.00	exact
src/screens.c	GetGIFImageSize	GetGIFImageSize	0043EEA3	0040769F	WC1-auto-vt		100.00	exact
src/screens.c	GetRLEFrameDimensions	GetRLEFrameDimensions	0043EEDB	004076D7	WC1-auto-vt		100.00	exact
src/screens.c	GetRLEFrameExtents	GetRLEFrameExtents	0043EEFD	004076F9	WC1-auto-vt		100.00	exact
src/screens.c	ApplyRLEFramePalette	ApplyRLEFramePalette	0043EF7E	0040777A	WC1-auto-vt		100.00	exact
src/screens.c	CopyRLEFramePalette	CopyRLEFramePalette	0043EFC9	004077C5	WC1-auto-vt		100.00	exact
src/screens.c	SetRLEFramePalette	SetRLEFramePalette	0043F011	0040780D	WC1-auto-vt		100.00	exact
src/screens.c	GetRLEFrameCount	GetRLEFrameCount	0043F05B	00407857	WC1-auto-vt		100.00	exact
src/screens.c	CollectUniqueRLEImageFrames	CollectUniqueRLEImageFrames	0043F06E	0040786A	WC1-auto-vt		100.00	exact
src/screens.c	CollectUniqueRLEPaletteFrames	CollectUniqueRLEPaletteFrames	0043F0D0	004078CC	WC1-auto-vt		100.00	exact
src/screens.c	FadeRasterPaletteToPalette	FadeRasterPaletteToPalette	0043F425	00407C21	WC1-auto-vt		100.00	exact
src/screens.c	CollectRasterClipColours	CollectRasterClipColours	0043F5A9	00407DA5	WC1-auto-vt		100.00	exact
src/nav.c	DrawTitleSky	DrawTitleSky		0040809D	WC2-only		100.00	exact
src/nav.c	DrawTitleOrchestra	DrawTitleOrchestra		004080DF	WC2-only		100.00	exact
src/nav.c	DrawScaledTitleLogo	DrawScaledTitleLogo		004087FF	WC2-only		100.00	exact
src/nav.c	PushTitleOrchestraAway	PushTitleOrchestraAway		004088A9	WC2-only		100.00	exact
src/disk.c	PollSceneHotspotInput	PollSceneHotspotInput		0040963B	WC2-only		100.00	exact
src/brains.c	InitializeNewPilotCampaign	InitializeNewPilotCampaign		00409850	WC2-only		100.00	exact
src/cmpgn.c	ReleaseSpaceflightResources	ReleaseSpaceflightResources		00409B80	WC2-only		100.00	exact
src/brains.c	LoadStartingCampaignGlobals	LoadStartingCampaignGlobals		0040A27A	WC2-only		100.00	exact
src/brains.c	RunSelectedCampaign	RunSelectedCampaign		0040A2A3	WC2-only		100.00	exact
src/hudmsg.c	FrameTimerCallback	FrameTimerCallback	0042AFB0	0040A2D0	WC1-order-exact		100.00	exact
src/geom.c	get_ship_max_velocity	get_ship_max_velocity	004181C0	0040A3A0	WC1-manual-verified		100.00	exact
src/geom.c	drain_fuel	drain_fuel	00418280	0040A51D	WC1-order-semantics-verified		100.00	exact
src/geom.c	damage_ion_drive	damage_ion_drive	004182B0	0040A556	WC1-order-semantics-verified		100.00	exact
src/geom.c	GetShipAccelerationRate	GetShipAccelerationRate	004182F0	0040A5A0	WC1-callgraph-propagated		100.00	exact
src/geom.c	point_at	SetTbl0059bce0Fn8330	00418330	0040A691	WC1-fuzzy-low		100.00	exact
src/geom.c	look_at	DoLocalFn83A0	004183A0	0040A6F7	WC1-fuzzy-followup		100.00	exact
src/geom.c	position_relative	position_relative	004183D0	0040A725	WC1-fuzzy-low		100.00	exact
src/geom.c	position_relative_ijk	position_relative_ijk	00418420	0040A774	WC1-manual-verified		100.00	exact
src/geom.c	FixedToShortSaturating	FixedToShortSaturating	004184C0	0040A81B	WC1-fuzzy-medium		100.00	exact
src/geom.c	SignFixed	DoLocalFn8540	00418540	0040A8EB	WC1-fuzzy-medium		100.00	exact
src/geom.c	equ_vector	equ_vector	00418590	0040A981	WC1-manual-verified		100.00	exact
src/geom.c	IsPairEqualityDifferentFromFlag	IsPairEqualityDifferentFromFlag	004185C0	0040A9D1	WC1-manual-verified		100.00	exact
src/geom.c	zero_vector	zero_vector	004185F0	0040AA0B	WC1-callgraph-propagated		100.00	exact
src/geom.c	negate_vector	negate_vector	00418600	0040AA37	WC1-manual-verified		100.00	exact
src/geom.c	AddFixedVectors	AddFixedVectors	00418620	0040AA6A	WC1-callgraph-propagated		100.00	exact
src/geom.c	SubtractFixedVectors	SubtractFixedVectors	00418650	0040AAA8	WC1-callgraph-propagated		100.00	exact
src/geom.c	ComputeVectorDelta	ComputeVectorDelta	00418680	0040AAE6	WC1-callgraph-propagated		100.00	exact
src/geom.c	ScaleFixedVector	ScaleFixedVector	004186B0	0040AB24	WC1-manual-verified		100.00	exact
src/geom.c	divide_vector	divide_vector	00418700	0040AB78	WC1-fuzzy-followup		100.00	exact
src/geom.c	MakeRandomVectorFixed	MakeRandomVectorFixed	00418780	0040AC24	WC1-fuzzy-low		100.00	exact
src/geom.c	FillFixedVectorWithRandomComponents	FillFixedVectorWithRandomComponents	004187E0	0040AC88	WC1-fuzzy-followup		100.00	exact
src/geom.c	random_radial	random_radial	00418800	0040ACA5	WC1-manual-verified		100.00	exact
src/geom.c	ConvertFixedVectorToShortVector	ConvertFixedVectorToShortVector	004189B0	0040AD89	WC1-manual-verified		100.00	exact
src/geom.c	dot_product	dot_product	004189E0	0040ADC2	WC1-manual-verified		100.00	exact
src/geom.c	vector_cross_product	DoLocalFn8A80	00418A80	0040AE70	WC1-fuzzy-low		100.00	exact
src/geom.c	NormalizeFixedVector	NormalizeFixedVector	00418B10	0040AF18	WC1-fuzzy-followup		100.00	exact
src/geom.c	vector_component_in_dir	vector_component_in_dir	00418BB0	0040AFFA	WC1-manual-verified		100.00	exact
src/geom.c	rotate_about_i	rotate_about_i	00418BE0	0040B02F	WC1-manual-verified		100.00	exact
src/geom.c	rotate_about_j	rotate_about_j	00418D00	0040B17F	WC1-manual-verified		100.00	exact
src/geom.c	rotate_about_k	DoLocalFn8E40	00418E40	0040B2CF	WC1-callgraph-propagated		100.00	exact
src/geom.c	copy_frame	copy_frame	00418FD0	0040B550	WC1-manual-verified		100.00	exact
src/geom.c	fix_objects_ijk	SetUiFn9050	00419050	0040B5DF	WC1-fuzzy-followup		100.00	exact
src/geom.c	transform_to_objects_frame	transform_to_objects_frame	004190B0	0040B699	WC1-manual-verified		100.00	exact
src/geom.c	alter_yaw	GetUiFn9150	00419150	0040B706	WC1-fuzzy-followup		100.00	exact
src/geom.c	alter_pitch	GetUiFn9110	00419110	0040B747	WC1-callgraph-propagated		100.00	exact
src/geom.c	alter_roll	GetUiFn9190	00419190	0040B788	WC1-callgraph-propagated		100.00	exact
src/geom.c	distance_from_object	distance_from_object	00419260	0040B85C	WC1-callgraph-propagated		100.00	exact
src/geom.c	match_roll_orientation	match_roll_orientation	00419440	0040BA2E	WC1-callgraph-propagated		100.00	exact
src/geom.c	point_ship_at_point	point_ship_at_point	00419660	0040BCA9	WC1-manual-verified		100.00	exact
src/geom.c	point_ship_at_object	point_ship_at_object	004196A0	0040BCE8	WC1-callgraph-propagated		100.00	exact
src/geom.c	point_capital_ship_at_object	point_capital_ship_at_object	004196C0	0040BD0E	WC1-manual-verified		100.00	exact
src/geom.c	point_perpendicular_to_point	point_perpendicular_to_point	00419810	0040BD58	WC1-fuzzy-very-low		100.00	exact
src/geom.c	point_ship_below_object	point_ship_below_object	00419790	0040BE3A	WC1-fuzzy-low		100.00	exact
src/geom.c	point_perpendicular	point_perpendicular	00419850	0040BEB0	WC1-callgraph-propagated		100.00	exact
src/geom.c	point_parallel	point_parallel	00419870	0040BED6	WC1-manual-verified		100.00	exact
src/geom.c	NormalizeAndScaleVector	NormalizeAndScaleVector	00419950	0040BF0B	WC1-fuzzy-low		100.00	exact
src/geom.c	SetVectorFixedPoint	DoLocalFn9970	00419970	0040BF36	WC1-fuzzy-followup		100.00	exact
src/geom.c	check_for_collision	check_for_collision	004199C0	0040BF8C	WC1-order-exact		100.00	exact
src/geom.c	child_object	child_object	00419B40	0040C1DA	WC1-manual-verified		100.00	exact
src/geom.c	get_ship_slot	get_ship_slot	00419B70	0040C211	WC1-callgraph-single-low		100.00	exact
src/geom.c	find_vacant_3d_object	find_vacant_3d_object	00419BA0	0040C266	WC1-callgraph-propagated		100.00	exact
src/geom.c	apply_force_to_objects_center	apply_force_to_objects_center	00419CC0	0040C46C	WC1-callgraph-propagated		100.00	exact
src/geom.c	ClampVectorTo30	ClampVectorTo30	0041A0F0	0040C959	WC1-order-exact		100.00	exact
src/geom.c	ClampTo30	DoLocalFnA110	0041A110	0040C99F	WC1-fuzzy-medium		100.00	exact
src/disk.c	SwapSceneChunkSizeEndian	SwapSceneChunkSizeEndian		0040D6E1	WC2-only		100.00	exact
src/disk.c	AreCutsceneResourceNamesEqual	AreCutsceneResourceNamesEqual		0040D762	WC2-only		100.00	exact
src/disk.c	ReadNextSceneForm	ReadNextSceneForm		0040D812	WC2-only		100.00	exact
src/disk.c	AllocateScenePointerTable	AllocateScenePointerTable		0040D9AD	WC2-only		100.00	exact
src/disk.c	PushCutsceneFileResource	PushCutsceneFileResource		0040E230	WC2-only		100.00	exact
src/disk.c	ReleaseCutsceneObjectResourceData	ReleaseCutsceneObjectResourceData		0040E985	WC2-only		100.00	exact
src/disk.c	PushCutsceneObjectResource	PushCutsceneObjectResource		0040EA0F	WC2-only		100.00	exact
src/disk.c	ReleaseCutsceneFileResourceExceptPacket	ReleaseCutsceneFileResourceExceptPacket		0040ED9F	WC2-only		100.00	exact
src/disk.c	ReleaseCutsceneTextResource	ReleaseCutsceneTextResource		0040EEC7	WC2-only		100.00	exact
src/disk.c	ReleaseCutsceneResourceLevel	ReleaseCutsceneResourceLevel		0040EF15	WC2-only		100.00	exact
src/mathutil.c	MinShort	MinShort	0041D0C0	0040F040	WC1-manual-verified		100.00	exact
src/mathutil.c	MaxShort	MaxShort	0041D0E0	0040F072	WC1-callgraph-propagated		100.00	exact
src/disk.c	AppendPacketLoadDebugLog	AppendPacketLoadDebugLog		0040F266	WC2-only		100.00	exact
src/disk.c	RewritePacketFilenameForInstalledData	RewritePacketFilenameForInstalledData		0040F3AE	WC2-only		100.00	exact
src/disk.c	InitializeTextContextFromFont	InitializeTextContextFromFont	0041D510	0040F882	manual-verified		100.00	exact
src/disk.c	ReleaseTextFont	ReleaseTextFont	0041D590	0040F91C	WC1-manual-verified		100.00	exact
src/disk.c	DrawTextAt	DrawTextAt	0041D5F0	0040F96E	WC1-callgraph-propagated		100.00	exact
src/screen.c	InitializeDIBScreenViewport	InitializeDIBScreenViewport	0042F740	0040FB80	WC1-fuzzy-followup		100.00	exact
src/pilot.cpp	CreateDebugOverlayConsole	CreateDebugOverlayConsole	00425B00	0040FCD0	WC1-fuzzy-medium		100.00	exact
src/pilot.cpp	DestroyGlobalDebugOverlayConsole	DestroyGlobalDebugOverlayConsole	00425B90	0040FD73	WC1-order-exact		100.00	exact
src/pilot.cpp	SystemDebugPrintf	SystemDebugPrintf	00425BB0	0040FDAD	WC1-callgraph-transfer		100.00	exact
src/pilot.cpp	PumpMessagesDuringWait	GetG004763f0Fn5BC0	00425BC0	0040FE23	WC1-callgraph-transfer		100.00	exact
src/pilot.cpp	TakeDebugStepFlag	GetDebugFn5BD0	00425BD0	0040FE3E	WC1-order-exact		100.00	exact
src/pilot.cpp	SetDebugTextPosition	SetDebugTextPosition	00425BE0	0040FE59	WC1-order-exact		100.00	exact
src/pilot.cpp	SetDebugCursorPosition	SetDebugCursorPosition	00425BF0	0040FE7E	WC1-order-exact		100.00	exact
src/pilot.cpp	ResetDebugOverlay	ResetDebugOverlay	00425C00	0040FEA3	WC1-order-exact		100.00	exact
src/pilot.cpp	ClearDebugOverlay	ClearDebugOverlay	00425C10	0040FEBE	WC1-order-exact		100.00	exact
src/pilot.cpp	ClearDebugPauseFlags	SetDebugFn5C20	00425C20	0040FED9	WC1-callgraph-transfer		100.00	exact
src/pilot.cpp	DebugOverlayConsole::SetTextPosition	DebugOverlayConsole::SetTextPosition		0040FF40	WC2-only		100.00	exact
src/pilot.cpp	DebugOverlayConsole::SetCursorPosition	DebugOverlayConsole::SetCursorPosition		0040FF70	WC2-only		100.00	exact
src/pilot.cpp	DebugOverlayConsole::Reset	DebugOverlayConsole::Reset		0040FFA0	WC2-only		100.00	exact
src/pilot.cpp	DebugOverlayConsole::TakeStepFlag	DebugOverlayConsole::TakeStepFlag		0040FFC0	WC2-only		100.00	exact
src/pilot.cpp	DebugOverlayConsole::ClearPauseFlags	DebugOverlayConsole::ClearPauseFlags		0040FFF0	WC2-only		100.00	exact
src/disk.c	CountShipProjectiles	CountShipProjectiles		00410020	WC2-only		100.00	exact
src/disk.c	CanShipWeaponDamageTarget	CanShipWeaponDamageTarget		00410102	WC2-only		100.00	exact
src/ship.c	IsCapitalShipObject	IsCapitalShipObject		00410161	WC2-only		100.00	exact
src/disk.c	ShipHasTorpedo	ShipHasTorpedo		00410215	WC2-only		100.00	exact
src/ship.c	IncreaseAdaptiveDifficulty	IncreaseAdaptiveDifficulty		004102FD	WC2-only		100.00	exact
src/ship.c	DecreaseAdaptiveDifficulty	DecreaseAdaptiveDifficulty		00410352	WC2-only		100.00	exact
src/disk.c	initialize_object	initialize_object	0041DEE0	004103A6	WC1-callgraph-propagated		100.00	exact
src/disk.c	borrow_dust	borrow_dust	0041DF40	0041040D	WC1-callgraph-single		100.00	exact
src/disk.c	initialize_ship	initialize_ship	0041DFA0	0041062D	WC1-callgraph-propagated		100.00	exact
src/disk.c	any_selected	any_selected	0041DFE0	00410680	WC1-manual-verified		100.00	exact
src/disk.c	InitializeShipWeaponTypeIndices	InitializeShipWeaponTypeIndices		0041090F	WC2-only		100.00	exact
src/disk.c	real_velocity	real_velocity	0041E7F0	004118F2	WC1-callgraph-propagated		100.00	exact
src/disk.c	SortViableTargetsByDistance	SortViableTargetsByDistance	0041E860	0041195F	WC1-manual-verified		100.00	exact
src/ship.c	send_appropriate_message	send_appropriate_message	0041E900	00411A50	WC1-fuzzy-followup		100.00	exact
src/ship.c	call_enemy	call_enemy	0041EDB0	0041280B	WC1-fuzzy-followup		100.00	exact
src/ship.c	check_computer_damage	check_computer_damage	0041F5D0	00412F90	WC1-fuzzy-low		100.00	exact
src/ship.c	IsOnlyShipGun	IsOnlyShipGun		00412FA9	WC2-only		100.00	exact
src/ship.c	ReportComponentRepaired	ReportComponentRepaired	0041F5F0	00413578	WC1-auto-vt		100.00	exact
src/ship.c	repair_internal_damage	repair_internal_damage	0041F660	004135F1	WC1-fuzzy-followup		100.00	exact
src/ship.c	check_next_wave	check_next_wave	0041F7C0	004137C2	WC1-order-semantics-verified		100.00	exact
src/ship.c	affect_mission_score	affect_mission_score	0041F9E0	00413D61	WC1-fuzzy-medium		100.00	exact
src/ship.c	Explosion	SoundTbl0059b560FnFCD0	0041FCD0	0041444C	WC1-fuzzy-followup		100.00	exact
src/ship.c	explode	explode		00414835	WC2-only		100.00	exact
src/ship.c	find_child_object	find_child_object	004201D0	00414C39	WC1-order-semantics-verified		100.00	exact
src/ship.c	find_child_ship	find_child_ship	00420210	00414CA9	WC1-fuzzy-low		100.00	exact
src/ship.c	hemisphere	hemisphere	004207E0	00415508	WC1-fuzzy-very-low		100.00	exact
src/ship.c	fire_flack	fire_flack	00420840	00415563	WC1-callgraph-propagated		100.00	exact
src/ship.c	RandomSign	RandomSign	004208C0	00415625	manual-verified		100.00	exact
src/ship.c	RandomFixedAimComponent	RandomFixedAimComponent	004208E0	0041565E	manual-verified		100.00	exact
src/ship.c	SpawnFlakBurst	SpawnFlakBurst	00420920	004156A7	manual-verified		100.00	exact
src/ship.c	HasShipActiveMissile	HasShipActiveMissile		0041596F	WC2-only		100.00	exact
src/ship.c	fire_turrets	fire_turrets	00420AA0	004159DB	WC1-callgraph-propagated		100.00	exact
src/ship.c	fire_weapon	fire_weapon	00420C20	00415E2C	WC1-callgraph-propagated		100.00	exact
src/logic.c	fire_missile	fire_missile	00421150	0041670E	WC1-manual-verified		100.00	exact
src/logic.c	fire_fixed_projectile_weapon	fire_fixed_projectile_weapon	00421220	0041687F	WC1-manual-verified		100.00	exact
src/logic.c	fire_super_brake	fire_super_brake	004213B0	004169CC	WC1-fuzzy-low		100.00	exact
src/logic.c	flip_angle	flip_angle	004213D0	004169F3	WC1-fuzzy-medium		100.00	exact
src/logic.c	reposition_fixed_child_objects	reposition_fixed_child_objects	004215E0	00416DC3	WC1-order-exact		100.00	exact
src/logic.c	housekeep_power_plant_and_fuel	housekeep_power_plant_and_fuel	00421760	004170F9	WC1-fuzzy-low		100.00	exact
src/logic.c	replenish_shields	replenish_shields	00421780	00417124	WC1-manual-verified		100.00	exact
src/logic.c	replenish_weapon_energy_bank	replenish_weapon_energy_bank	00421830	0041724A	WC1-callgraph-propagated		100.00	exact
src/logic.c	accelerate	accelerate	004218D0	0041740F	WC1-fuzzy-low		100.00	exact
src/logic.c	your_afterburner	your_afterburner	00421920	00417471	WC1-fuzzy-low		100.00	exact
src/winmain.c	RestoreGamePalette	RestoreGamePalette	00401020	004175AD	WC2-manual-verified		100.00	exact
src/winmain.c	remove_hazard	remove_hazard	004011D0	00417838	WC1-order-exact		100.00	exact
src/winmain.c	remove_all_hazards	remove_all_hazards	00401210	0041787A	WC1-order-exact		100.00	exact
src/winmain.c	difficulty	difficulty	00401250	004178E5	WC1-manual-verified		100.00	exact
src/winmain.c	asteroid_velocity	asteroid_velocity	00401270	00417916	WC1-fuzzy-followup		100.00	exact
src/winmain.c	skew_randomly	skew_randomly	00401290	00417941	WC1-fuzzy-low		100.00	exact
src/winmain.c	align	align	00401390	00417AD7	WC1-order-exact		100.00	exact
src/winmain.c	near_field	near_field	00401680	00417EA4	WC1-manual-verified		100.00	exact
src/winmain.c	within_field	within_field	004016A0	00417ED4	WC1-manual-verified		100.00	exact
src/winmain.c	rear_sphere	rear_sphere	00401870	00418175	WC1-fuzzy-very-low		100.00	exact
src/winmain.c	ok_hazard_spot	ok_hazard_spot	00401890	004181A2	WC1-manual-verified		100.00	exact
src/winmain.c	make_hazard	make_hazard	004018D0	0041820B	WC1-manual-verified		100.00	exact
src/winmain.c	extra_hazard	extra_hazard	00401930	00418288	WC1-manual-verified		100.00	exact
src/winmain.c	approach	approach	00401950	004182B6	WC1-callgraph-propagated		100.00	exact
src/winmain.c	update_hazards	update_hazards	00401B30	004184F6	WC1-fuzzy-low		100.00	exact
src/winmain.c	start_hazard_field	start_hazard_field	00401BC0	004185CC	WC1-order-exact		100.00	exact
src/barracks.c	BarracksScreen	BarracksScreen	0041C170	00419831	WC1-callgraph-propagated		100.00	exact
src/winmain.c	SetPersonnelMousePosition	SetInputFn1CE0	00401CE0	004199F0	WC1-callgraph-propagated		100.00	exact
src/spc.c	GetVectorMagnitude	GetVectorMagnitude	00410AD0	00419CDC	WC1-fuzzy-followup		100.00	exact
src/spc.c	set_eye_direction_and_position	DispatchTbl0059c014Fn0AF0	00410AF0	00419D01	WC1-callgraph-propagated		100.00	exact
src/spc.c	force_view	DoUiFn17B0	004117B0	0041AD51	WC1-callgraph-propagated		100.00	exact
src/spc.c	SaveTorpedoTargetLockForViewChange	SaveTorpedoTargetLockForViewChange		0041AD8B	WC2-only		100.00	exact
src/spc.c	start_dust	GetTbl0059cd90Fn1EC0	00411EC0	0041B62E	WC1-fuzzy-followup		100.00	exact
src/spc.c	generate_stars	generate_stars	00411FE0	0041B762	WC1-fuzzy-followup		100.00	exact
src/spc.c	count_down	count_down	00412410	0041BD44	WC1-manual-verified		100.00	exact
src/spc.c	animate_shape	SoundTbl0059de40Fn2CD0	00412CD0	0041D07B	WC1-fuzzy-very-low		100.00	exact
src/spc.c	hit_asteroid	ScanTbl0059c010Fn3030	00413030	0041D4C7	WC1-fuzzy-low		100.00	exact
src/smart.c	CountEnemyFighters	CountEnemyFighters		0041E8D3	WC2-only		100.00	exact
src/smart.c	regulate_turn	regulate_turn	00433DE0	0041E945	manual-verified		100.00	exact
src/smart.c	goto_location	goto_location	004342C0	0041EFFE	WC1-fuzzy-low		100.00	exact
src/smart.c	stress_morale	stress_morale	004345D0	0041F3EF	WC1-fuzzy-low		100.00	exact
src/smart.c	any_defense	any_defense	004345F0	0041F446	WC1-manual-verified		100.00	exact
src/smart.c	pick_regular_maneuver	pick_regular_maneuver	00434630	0041F4C6	WC1-fuzzy-followup		100.00	exact
src/smart.c	CountAlliesOnSameTarget	CountAlliesOnSameTarget		0041F902	WC2-only		100.00	exact
src/cockpt.c	DrawFormattedText	DrawFormattedText	00413C40	0042067F	manual-verified		100.00	exact
src/cockpt.c	AppendFormattedText	AppendFormattedText	00413CB0	0042075F	WC1-manual-verified		100.00	exact
src/nav.c	ShutdownNearHeap	ShutdownNearHeap		00420B12	WC2-only		100.00	exact
src/screen.c	IsShipRouting	IsShipRouting	0042F1F0	00421BC6	manual-verified		100.00	exact
src/screen.c	SendWingmanCommandAcknowledgement	SendWingmanCommandAcknowledgement	0042F210	00421BFC	manual-verified		100.00	exact
src/screen.c	CanPlayerLand	CanPlayerLand	0042F2B0	00421D59	manual-verified		100.00	exact
src/barracks.c	StepPaletteTransition	StepPaletteTransition	0041C510	004225A0	WC1-fuzzy-very-low		100.00	exact
src/auto.c	visit_the_cinema	visit_the_cinema	00403E50	004228B0	WC1-fuzzy-very-low		100.00	exact
src/auto.c	player_wingman	player_wingman	00403EE0	00422953	WC1-callgraph-propagated		100.00	exact
src/auto.c	set_speed	set_speed	00403F10	00422990	WC1-callgraph-single-low		100.00	exact
src/screens.c	SetViewportRect	SetViewportRect	00439400	00423C60	WC2-manual-verified		100.00	exact
src/pload.c	AllocateWaveTableEntry	AllocateWaveTableEntry	0042B1F0	00423D4F	WC1-fuzzy-medium		100.00	exact
src/pload.c	FindWaveTableEntryByName	FindWaveTableEntryByName	0042B240	00423DBB	WC1-order-exact		100.00	exact
src/pload.c	AllocateActiveSoundEntry	AllocateActiveSoundEntry	0042B340	00423F3F	WC1-fuzzy-medium	WC1-review-module-mismatch	100.00	exact
src/sound.c	ReleaseFinishedSoundEntries	ReleaseFinishedSoundEntries	0042B410	004240AE	WC1-manual-verified		100.00	exact
src/sound.c	stop_all_sounds	stop_all_sounds	0042B640	004245A2	WC1-auto-vt		100.00	exact
src/sound.c	SetSoundEffectsVolume	HelperOf427F20A	0042B7E0	0042482E	WC1-fuzzy-very-low		100.00	exact
src/sound.c	RegistryQueryValue	RegistryQueryValue	0042B810	0042485C	WC1-callgraph-propagated		100.00	exact
src/sound.c	RegistryStoreValue	RegistryStoreValue	0042B840	00424888	WC1-callgraph-propagated		100.00	exact
src/sound.c	LoadVolumeSettingsFromRegistry	LoadVolumeSettingsFromRegistry	0042B870	004248B4	WC1-fuzzy-low		100.00	exact
src/sound.c	SaveVolumeSettingsToRegistry	SaveVolumeSettingsToRegistry	0042B930	00424980	WC1-fuzzy-low		100.00	exact
src/hudmsg.c	unwarp	unwarp	0042AA10	00424C05	WC1-callgraph-propagated		100.00	exact
src/hudmsg.c	warp	warp	0042AAF0	00424D4D	WC2-manual-verified		100.00	exact
src/cmpgn.c	MarkPilotDead	MarkPilotDead		00424E8C	WC2-only		100.00	exact
src/cmpgn.c	clean_up_cockpit	clean_up_cockpit		00424EA7	WC2-only		100.00	exact
src/cmpgn.c	CompleteStarSystemJump	CompleteStarSystemJump		004251F2	WC2-only		100.00	exact
src/killbrd.c	CheckHeapBlockSignature	CheckHeapBlockSignature	004408A0	004254C0	WC1-fuzzy-very-low		100.00	exact
src/killbrd.c	HasValidShapeAllocationSignature	HasValidShapeAllocationSignature		0042550E	WC2-only		100.00	exact
src/killbrd.c	GetPreparedShapeData	GetPreparedShapeData	004408C0	0042553A	WC1-callgraph-propagated		100.00	exact
src/killbrd.c	GetShapeFrameCount	GetShapeFrameCount	004408D0	00425550	WC1-callgraph-propagated		100.00	exact
src/killbrd.c	SignExtendClipCoord	SignExtendClipCoord	00440BE0	004259E2	WC1-fuzzy-medium		100.00	exact
src/gr.c	ClipViewportToScreen	ClipViewportToScreen	00440CF0	00425B9E	WC1-manual-verified		100.00	exact
src/gr.c	SetSolidColourTranslation	SetSolidColourTranslation	00440D10	00425BBF	WC1-fuzzy-very-low		100.00	exact
src/gr.c	MarkActivePaletteEntries	MarkActivePaletteEntries	00441370	00426694	WC1-manual-verified		100.00	exact
src/gr.c	GetPaletteEntry	GetPaletteEntry	004413C0	004266B1	WC1-manual-verified		100.00	exact
src/gr.c	SetPaletteEntry	PaletteLocalFn13E0	004413E0	004266CC	WC1-callgraph-propagated		100.00	exact
src/gr.c	CopyViewportContents	CopyViewportContents	00441A90	00427047	WC1-callgraph-propagated		100.00	exact
src/gr.c	DrawSpriteScaled	DrawSpriteScaled	00441FC0	004282F0	WC1-manual-verified		100.00	exact
src/gr.c	DrawSolidColourSpriteScaled	DoLocalFn2000	00442000	00428344	WC1-callgraph-propagated		100.00	exact
src/gr.c	InitializeAudioStreamer	InitializeAudioStreamer	00442370	00428900	WC1-auto-vt		100.00	exact
src/gr.c	SignalAudioMixerWakeEvent	SignalAudioMixerWakeEvent	00442350	0042894B	WC1-fuzzy-very-low		100.00	exact
src/gr.c	Streamer_play	Streamer_play	00442430	00428A2F	WC1-fuzzy-very-low		100.00	exact
src/gr.c	Streamer_stop	Streamer_stop	00442460	00428A6D	WC1-manual-verified		100.00	exact
src/gr.c	Streamer_close	Streamer_close	004425D0	00428B86	WC1-auto-vt		100.00	exact
src/gr.c	DestroyAudioStreamer	DestroyAudioStreamer		00428BAD	WC2-only		100.00	exact
src/ix/ixlog.cpp	ix_log_printf	ix_log_printf	004426A0	00428BD4	WC1-auto-vt		100.00	exact
src/personnel.c	GetWingCommanderOneGameDataPath	GetWingCommanderOneGameDataPath		00428C35	WC2-only		100.00	exact
src/gr.c	ReadCheaterFlagFromRegistry	ReadCheaterFlagFromRegistry	00442600	00428D09	WC1-auto-vt		100.00	exact
src/gr.c	SetMusicStreamVolume	HelperOf427F20B	00442590	00428DA3	WC1-auto-vt		100.00	exact
src/gr.c	GetStreamerState	GetStreamerState		00428DE0	WC2-only		100.00	exact
src/logic.c	GetMissionShipPilotSaveIndex	GetMissionShipPilotSaveIndex		00428E00	WC2-only		100.00	exact
src/logic.c	GetInitialMissionShipPilotSaveIndex	GetInitialMissionShipPilotSaveIndex		00428E98	WC2-only		100.00	exact
src/logic.c	InitializeCampaignConstellationState	InitializeCampaignConstellationState		0042917D	WC2-only		100.00	exact
src/screen.c	RunCampaignScript	RunCampaignScript	004304F0	00429261	WC2-manual-verified		100.00	exact
src/logic.c	LoadTemporaryCampaignGlobals	LoadTemporaryCampaignGlobals		004293F9	WC2-only		100.00	exact
src/logic.c	LoadWholeDataFile	LoadWholeDataFile		0042949F	WC2-only		100.00	exact
src/logic.c	SendKilrathiAceGreetingOnce	SendKilrathiAceGreetingOnce	00422090	00429550	manual-verified		100.00	exact
src/logic.c	signed_random	signed_random	004220F0	00429581	WC1-fuzzy-followup		100.00	exact
src/logic.c	alert_flag	alert_flag	00422110	004295A9	WC1-callgraph-propagated		100.00	exact
src/logic.c	set_alert	set_alert	00422140	004295D9	WC1-callgraph-propagated		100.00	exact
src/logic.c	clear_alert	clear_alert	00422160	004295F2	WC1-fuzzy-medium		100.00	exact
src/logic.c	start_collision_alert	start_collision_alert	00422180	00429625	WC1-fuzzy-low		100.00	exact
src/logic.c	try2end_collision_alert	try2end_collision_alert	004221E0	00429698	WC1-fuzzy-followup		100.00	exact
src/logic.c	normal_speed	normal_speed	00422220	004296E2	WC1-manual-verified		100.00	exact
src/logic.c	crash_time	crash_time	00422460	00429958	WC1-fuzzy-very-low		100.00	exact
src/logic.c	unactive	unactive	00422560	00429B55	WC1-callgraph-propagated		100.00	exact
src/logic.c	are_alive	are_alive	00422590	00429BA8	WC1-manual-verified		100.00	exact
src/logic.c	trim_goals	trim_goals	004225C0	00429BF0	WC1-fuzzy-medium		100.00	exact
src/logic.c	find_ship_index	find_ship_index	00422710	00429E24	WC1-fuzzy-medium		100.00	exact
src/logic.c	CanSetNewShipTurnGoal	CanSetNewShipTurnGoal		0042A003	WC2-only		100.00	exact
src/logic.c	no_goal	no_goal	00422830	0042A062	WC1-manual-verified		100.00	exact
src/logic.c	being_tailed	being_tailed	00422860	0042A0A9	WC1-manual-verified		100.00	exact
src/logic.c	FindMissileTargetingObject	FindMissileTargetingObject	004229F0	0042A222	manual-verified		100.00	exact
src/logic.c	reset_maneuver	reset_maneuver	00422D30	0042A5F1	WC1-callgraph-propagated		100.00	exact
src/logic.c	try2reset_maneuver	try2reset_maneuver	00422D60	0042A625	WC1-fuzzy-low		100.00	exact
src/logic.c	set_special	set_special	00422D90	0042A664	WC1-fuzzy-followup		100.00	exact
src/logic.c	ComputePointAheadOfObject	ComputePointAheadOfObject	00422EC0	0042A7D2	manual-verified		100.00	exact
src/logic.c	ComputePointBehindObject	ComputePointBehindObject	00422F10	0042A823	manual-verified		100.00	exact
src/logic.c	any_enemy	any_enemy	00423070	0042AA0D	WC1-fuzzy-followup		100.00	exact
src/logic.c	target_within_range	target_within_range	00423400	0042ADB8	WC1-manual-verified		100.00	exact
src/logic.c	dead_ship	dead_ship	00423610	0042B0B7	WC1-manual-verified		100.00	exact
src/logic.c	gone_ship	gone_ship	00423640	0042B0FB	WC1-callgraph-propagated		100.00	exact
src/logic.c	skill_check	skill_check	004236B0	0042B15A	WC1-manual-verified		100.00	exact
src/logic.c	locate_ship	locate_ship	00423780	0042B2A7	WC1-fuzzy-followup		100.00	exact
src/logic.c	abandoned	abandoned	004239D0	0042B5F7	WC1-fuzzy-low		100.00	exact
src/logic.c	target_valid	target_valid	00423AC0	0042B73B	WC1-callgraph-propagated		100.00	exact
src/logic.c	triumph	triumph	00423B00	0042B80C	manual-verified		100.00	exact
src/eventmgr.c	FillGraphicSuffix	FillGraphicSuffix	00436C70	0042BAC0	WC1-fuzzy-followup		100.00	exact
src/eventmgr.c	ConvertChar_Int	ConvertChar_Int	00436CB0	0042BB17	WC1-fuzzy-medium		100.00	exact
src/screens.c	AnimateCutsceneSpeakerMouth	AnimateCutsceneSpeakerMouth		0042BB70	WC2-only		100.00	exact
src/screens.c	HasCutsceneMusicNode	HasCutsceneMusicNode		0042BDDB	WC2-only		100.00	exact
src/nav.c	WriteMemoryStateReportHook	WriteMemoryStateReportHook		0042BDFE	WC2-only		100.00	exact
src/nav.c	LogMemoryStateToFile	LogMemoryStateToFile		0042BE09	WC2-only		100.00	exact
src/nav.c	WriteDetailedMemoryStateReport	WriteDetailedMemoryStateReport		0042BE4B	WC2-only		100.00	exact
src/screens.c	RouteCutsceneViewportToDisplay	RouteCutsceneViewportToDisplay		0042BFB8	WC2-only		100.00	exact
src/screens.c	ClearActiveCutscenePixelAlias	ClearActiveCutscenePixelAlias		0042C04B	WC2-only		100.00	exact
src/screens.c	IsCutsceneSpeechLoaded	IsCutsceneSpeechLoaded		0042C0A2	WC2-only		100.00	exact
src/screens.c	LoadCutsceneCockpitOverlay	LoadCutsceneCockpitOverlay		0042C373	WC2-only		100.00	exact
src/screens.c	DrawCutsceneCockpitOverlay	DrawCutsceneCockpitOverlay		0042C3A7	WC2-only		100.00	exact
src/screens.c	ResetCutsceneSpriteDrawTicks	ResetCutsceneSpriteDrawTicks		0042C75D	WC2-only		100.00	exact
src/screens.c	FindLoadedCutsceneMusic	FindLoadedCutsceneMusic		0042D181	WC2-only		100.00	exact
src/screens.c	InitializeCutsceneViewports	InitializeCutsceneViewports		0042D444	WC2-only		100.00	exact
src/hudmsg.c	ReleaseSceneMusicPacket	ReleaseSceneMusicPacket		0042D4C1	WC2-only		100.00	exact
src/screens.c	ReleaseCutsceneSpeechPackets	ReleaseCutsceneSpeechPackets		0042D4FA	WC2-only		100.00	exact
src/screens.c	ExecuteCutsceneScene	ExecuteCutsceneScene		0042D81C	WC2-only		100.00	exact
src/screens.c	ClearCutsceneViewport	ClearCutsceneViewport		0042DE62	WC2-only		100.00	exact
src/screens.c	ClearCutsceneTextViewport	ClearCutsceneTextViewport		0042DF32	WC2-only		100.00	exact
src/screens.c	DispatchCutsceneSpriteHandler	DispatchCutsceneSpriteHandler		0042E692	WC2-only		100.00	exact
src/screens.c	InitializeSceneFlicStream	InitializeSceneFlicStream		0042E6EB	WC2-only		100.00	exact
src/screens.c	ReleaseSceneFlicPackets	ReleaseSceneFlicPackets		0042E762	WC2-only		100.00	exact
src/screens.c	ReleaseActiveCutscenePacket	ReleaseActiveCutscenePacket		0042EBD0	WC2-only		100.00	exact
src/screens.c	ReleaseCutsceneFontPacket	ReleaseCutsceneFontPacket		0042EC7F	WC2-only		100.00	exact
src/screens.c	AllocateCutsceneViewportOrFatal	AllocateCutsceneViewportOrFatal		0042EE4F	WC2-only		100.00	exact
src/screens.c	DrawCinematicMemoryStatus	DrawCinematicMemoryStatus		0042EF12	WC2-only		100.00	exact
src/screens.c	ReportCutscenePacketAllocationFailure	ReportCutscenePacketAllocationFailure		0042F100	WC2-only		100.00	exact
src/screens.c	PopCutsceneScriptValue	PopCutsceneScriptValue		0042F135	WC2-only		100.00	exact
src/screens.c	PushCutsceneScriptValue	PushCutsceneScriptValue		0042F19A	WC2-only		100.00	exact
src/sound.c	GetPackedStringByIndex	GetPackedStringByIndex		00432DCC	WC2-only		100.00	exact
src/screens.c	ReleaseCutsceneSpriteShape	ReleaseCutsceneSpriteShape		00433269	WC2-only		100.00	exact
src/pilot.cpp	MapCutsceneSoundEffectNumber	GameNoBodyStubv3	00425AF0	004333F8	WC1-callgraph-single-low		100.00	exact
src/text.c	IsCinematicFontCharacterPrintable	IsCinematicFontCharacterPrintable		0043374E	WC2-only		100.00	exact
src/text.c	DrawWrappedCinematicText	DrawWrappedCinematicText		00433777	WC2-only		100.00	exact
src/text.c	MeasureCinematicFontCharacterWidth	MeasureCinematicFontCharacterWidth		00433A14	WC2-only		100.00	exact
src/text.c	MeasureCinematicFontLineHeight	MeasureCinematicFontLineHeight		00433A75	WC2-only		100.00	exact
src/text.c	InitializeCinematicTextRenderer	InitializeCinematicTextRenderer		00433AB0	WC2-only		100.00	exact
src/personnel.c	RefreshCampaignChalkboardScreen	RefreshCampaignChalkboardScreen		00433E8C	WC2-only		100.00	exact
src/personnel.c	DrawCampaignChalkboardFrame	DrawCampaignChalkboardFrame		00433ED7	WC2-only		100.00	exact
src/personnel.c	RestorePersonnelMenuBackground	RestorePersonnelMenuBackground		0043456E	WC2-only		100.00	exact
src/personnel.c	DrawTransferredPilotRow	DrawArcadeScorePanel	00429E90	00434EBC	WC1-callgraph-single-low		100.00	exact
src/personnel.c	SelectLegacyGameSource	ConfirmReplaceFaultyData	0041BFE0	0043641C	WC1-callgraph-propagated		100.00	exact
src/personnel.c	ShowNoTransferablePilots	ShowNoTransferablePilots		00436A4D	WC2-only		100.00	exact
src/mono.c	SplitGameClockTicks	DoLocalFn3C40	00403C40	00437760	WC1-fuzzy-low		100.00	exact
src/mono.c	MonoDebug_install	MonoDebug_install	00403C90	004377F0	WC1-fuzzy-low		100.00	exact
src/mono.c	MonoDebug_remove	MonoDebug_remove	00403D60	004378D9	WC1-callgraph-propagated		100.00	exact
src/mono.c	SoundDebugPrintf	SoundDebugPrintf	00403DB0	00437946	WC1-manual-verified		100.00	exact
src/mono.c	MonoDebug_print	MonoDebug_print	00403DE0	00437983	WC1-fuzzy-low		100.00	exact
src/mono.c	ReadPerformanceCounter	QueryPerfCounterValue	00403E30	004379D4	WC1-callgraph-single-low		100.00	exact
src/hudmsg.c	InitializeSpaceFlightInput	InitializeSpaceFlightInput		004379F0	WC2-only		100.00	exact
src/system.c	exit_squadron	exit_squadron	00427370	00437AB4	WC1-callgraph-propagated		100.00	exact
src/hudmsg.c	ReportOutOfMemoryAndExit	ReportOutOfMemoryAndExit	00428F80	00437C96	WC1-auto-vt		100.00	exact
src/main.c	InitializeConversationViewport	InitializeConversationViewport	00427B20	00437CBF	WC1-fuzzy-followup		100.00	exact
src/main.c	ResetScreenClipToFullHeight	ResetScreenClipToFullHeight	00427BA0	00437D68	WC1-fuzzy-followup		100.00	exact
src/main.c	InitializeConversationText	InitializeConversationText	00427BC0	00437D92	WC1-fuzzy-low		100.00	exact
src/hudmsg.c	ShowGamePausedBanner	ShowGamePausedBanner	004290A0	00437F2F	WC1-fuzzy-very-low		100.00	exact
src/hudmsg.c	ShowVersionBanner	ShowVersionBanner	004290D0	00437F77	WC1-auto-vt		100.00	exact
src/hudmsg.c	SetMessageDisplaySpeed	SetMessageDisplaySpeed	004290F0	00437F9A	WC1-fuzzy-followup		100.00	exact
src/hudmsg.c	ReportFramesSkipped	ReportFramesSkipped	00429120	00437FD3	WC1-fuzzy-followup		100.00	exact
src/cockpt.c	ShowPlayerEjectionSequence	ShowPlayerEjectionSequence		00438020	WC2-only		100.00	exact
src/cockpt.c	ShowPlayerStrandingSequence	ShowPlayerStrandingSequence		00438080	WC2-only		100.00	exact
src/cockpt.c	FatalErrorAndExit	HelperOf428F80A	00413CE0	004380B0	WC1-auto-vt		100.00	exact
src/cockpt.c	IsCockpitExplosionActive	IsCockpitExplosionActive	00413D20	004380FD	WC1-manual-verified		100.00	exact
src/cockpt.c	EraseCockpitReadoutRegion	EraseCockpitReadoutRegion	00413D40	00438129	WC1-fuzzy-medium		100.00	exact
src/cockpt.c	ClearHudMessageSlot	ClearHudMessageSlot	00414180	00438711	WC1-order-exact		100.00	exact
src/cockpt.c	ClearHudMessageIfMatching	ClearHudMessageIfMatching	004141B0	004387A7	WC1-fuzzy-followup		100.00	exact
src/cockpt.c	ClearHudGunReadouts	ClearHudGunReadouts	004141D0	004387CD	WC1-manual-verified		100.00	exact
src/cockpt.c	SetHudMessageSlot	SetHudMessageSlot	004141F0	004387FA	WC1-manual-verified		100.00	exact
src/cockpt.c	UpdateMessage	UpdateMessage	00414240	00438864	WC1-fuzzy-low		100.00	exact
src/cockpt.c	set_global_message	set_global_message	00414270	004388B6	WC1-manual-verified		100.00	exact
src/cockpt.c	CockpitMessage	CockpitMessage	004142B0	004388F5	WC1-manual-verified		100.00	exact
src/cockpt.c	remove_message	remove_message	004142E0	0043893F	WC1-callgraph-propagated		100.00	exact
src/cockpt.c	IsMissionObjectiveOutOfSystem	IsMissionObjectiveOutOfSystem		004389FE	WC2-only		100.00	exact
src/cockpt.c	reset_cockpit	reset_cockpit	00414410	00438CEB	WC1-manual-verified		100.00	exact
src/cockpt.c	SetCockpitLightBlink	SetCockpitLightBlink	00414440	00438D30	WC1-fuzzy-medium		100.00	exact
src/cockpt.c	draw_cockpit_lights	draw_cockpit_lights	00414490	00438DAD	WC1-fuzzy-very-low		100.00	exact
src/cockpt.c	update_lights	update_lights	004145B0	00438F62	WC1-fuzzy-low		100.00	exact
src/cockpt.c	update_bars	update_bars	00414690	00439076	WC1-fuzzy-followup		100.00	exact
src/cockpt.c	get_mode	get_mode	004147E0	00439264	WC1-callgraph-propagated		100.00	exact
src/cockpt.c	set_mode	set_mode	00414800	0043928E	WC1-manual-verified		100.00	exact
src/cockpt.c	SetVduModeIfChanged	SetVduModeIfChanged	00414850	004392F1	WC1-manual-verified		100.00	exact
src/cockpt.c	GetVduModeStackDepth	GetVduModeStackDepth	00414890	0043934D	WC1-callgraph-single-low		100.00	exact
src/cockpt.c	push_mode	push_mode	004148A0	00439369	WC1-manual-verified		100.00	exact
src/cockpt.c	pop_mode	pop_mode	004148E0	004393B3	WC1-manual-verified		100.00	exact
src/cockpt.c	set_new_vdu	set_new_vdu	00414910	004393E1	WC1-fuzzy-followup		100.00	exact
src/cockpt.c	update_vid_disp	update_vid_disp	00414980	004394A0	WC1-manual-verified		100.00	exact
src/cockpt.c	InvalidateVduMode	DebugNoBodyStub	004149C0	00439500	WC1-callgraph-propagated		100.00	exact
src/cockpt.c	clear_message_time	clear_message_time	004149E0	0043951A	WC1-manual-verified		100.00	exact
src/cockpt.c	set_message_time	set_message_time	00414A10	00439559	WC1-manual-verified		100.00	exact
src/cockpt.c	check_message	GetCombatFn4A20	00414A20	00439588	WC1-callgraph-propagated		100.00	exact
src/cockpt.c	update_digital_readouts	update_digital_readouts	00414A50	004396BF	WC1-fuzzy-medium		100.00	exact
src/cockpt.c	malf_sound	malf_sound	00414AE0	00439753	WC1-callgraph-propagated		100.00	exact
src/cockpt.c	malf	malf	00414AF0	00439789	WC1-fuzzy-followup		100.00	exact
src/cockpt.c	vdu_malf	vdu_malf	00414B20	004397D5	WC1-manual-verified		100.00	exact
src/cockpt.c	ShowComponentHitHudMessage	ShowComponentHitHudMessage	00414B70	0043984F	WC1-fuzzy-medium		100.00	exact
src/cockpt.c	RemovePlayerReleaseWeapon	RemovePlayerReleaseWeapon	00414CB0	004399C6	WC1-fuzzy-low		100.00	exact
src/cockpt.c	update_status_text	update_status_text	00415040	00439F5F	WC1-order-exact		100.00	exact
src/cockpt.c	sighted	sighted	00415050	0043A1EB	WC1-manual-verified		100.00	exact
src/cockpt.c	visited	visited	00415070	0043A21E	WC1-manual-verified		100.00	exact
src/cockpt.c	achieved	achieved	00415090	0043A251	WC1-order-exact		100.00	exact
src/cockpt.c	flag_objective	flag_objective	004150B0	0043A29E	WC1-order-exact		100.00	exact
src/cockpt.c	LocateMobileObjective	LocateMobileObjective	00415470	0043A9D7	WC1-callgraph-propagated		100.00	exact
src/cockpt.c	is_any_ship_returning_to_current_nav_point	is_any_ship_returning_to_current_nav_point	004154C0	0043AA3F	WC1-order-exact		100.00	exact
src/cockpt.c	check_sighting	check_sighting	004156D0	0043AD61	WC1-fuzzy-very-low		100.00	exact
src/cockpt.c	objective_lost	objective_lost	00415850	0043AFD3	WC1-manual-verified		100.00	exact
src/cockpt.c	check_objectives	check_objectives	004158A0	0043B089	WC1-fuzzy-low		100.00	exact
src/cockpt.c	set_objective_range	set_objective_range	00415B70	0043B4CF	WC1-fuzzy-followup		100.00	exact
src/cockpt.c	AdjustScannerContactColourForRange	AdjustScannerContactColourForRange		0043B570	WC2-only		100.00	exact
src/cockpt.c	start_lock	start_lock	00415FC0	0043BE1B	WC1-fuzzy-followup		100.00	exact
src/cockpt.c	starting_lock	starting_lock	00415FF0	0043BE55	WC1-fuzzy-very-low		100.00	exact
src/cockpt.c	lock_off	lock_off	00416010	0043BE8D	WC1-fuzzy-very-low		100.00	exact
src/cockpt.c	decrement_lock_time	decrement_lock_time	00416090	0043BF67	WC1-fuzzy-very-low		100.00	exact
src/cockpt.c	SetRectBounds	DoLocalFn6220	00416220	0043C30D	WC1-callgraph-propagated		100.00	exact
src/cockpt.c	GetRectHeight	GetRectHeight	00416250	0043C344	WC1-manual-verified		100.00	exact
src/cockpt.c	ShowHudTextLine	ShowHudTextLine	00416460	0043C570	WC1-manual-verified		100.00	exact
src/cockpt.c	RestoreHudMessageBackground	RestoreHudMessageBackground		0043C5B0	WC2-only		100.00	exact
src/cockpt.c	SetHudTextColour	SetHudTextColour	00416480	0043C601	WC1-manual-verified		100.00	exact
src/cockpt.c	ClearHudMessageDisplay	ClearHudMessageDisplay		0043C64D	WC2-only		100.00	exact
src/cockpt.c	remove_nav_pointer	remove_nav_pointer	004168A0	0043CBD3	WC1-manual-verified		100.00	exact
src/cockpt.c	RestoreCockpitExplosionIfVisible	RestoreCockpitExplosionIfVisible	00416C90	0043D7F2	WC1-manual-verified		100.00	exact
src/cockpt.c	RestoreTransientCockpitGraphics	RestoreTransientCockpitGraphics	00416CB0	0043D81F	WC1-order-exact		100.00	exact
src/cockpt.c	DismissHudMessageIfShowing	DismissHudMessageIfShowing		0043D9AB	WC2-only		100.00	exact
src/cockpt.c	malf_noise	malf_noise	00416E20	0043D9DA	WC1-fuzzy-low		100.00	exact
src/cockpt.c	FindNearestMissileTargetingObject	FindNearestMissileTargetingObject		0043E101	WC2-only		100.00	exact
src/cockpt.c	update_missile_warning	update_missile_warning	00417190	0043E1B2	WC1-callgraph-propagated		100.00	exact
src/cockpt.c	determine_pilot_hand	determine_pilot_hand	004171D0	0043E297	WC1-fuzzy-very-low		100.00	exact
src/cockpt.c	DrawPilotHandFrame	DrawPilotHandFrame	00417260	0043E371	WC1-fuzzy-low		100.00	exact
src/cockpt.c	ResetPilotHandAnimation	ResetPilotHandAnimation	004173F0	0043E472	WC1-manual-verified		100.00	exact
src/cockpt.c	clear_cockpit_damage	clear_cockpit_damage	00417610	0043E870	WC1-order-exact		100.00	exact
src/cockpt.c	explosion_draw	explosion_draw	00417630	0043E8B2	WC1-callgraph-propagated		100.00	exact
src/cockpt.c	DrawPendingCockpitDamage	DrawPendingCockpitDamage	004176C0	0043E9E2	WC1-callgraph-propagated		100.00	exact
src/cockpt.c	RestoreCockpitExplosionBackground	RestoreCockpitExplosionBackground	00417760	0043EAE3	WC1-fuzzy-low		100.00	exact
src/cockpt.c	place_damage_on_cockpit	place_damage_on_cockpit	004178A0	0043EC50	WC1-fuzzy-very-low		100.00	exact
src/cockpt.c	update_dead_disp	update_dead_disp	00417B10	0043F09D	WC1-fuzzy-low		100.00	exact
src/cockpt.c	CopyTrainSimPilotViewToVdus	CopyTrainSimPilotViewToVdus	00417320	0043F110	WC1-manual-verified		100.00	exact
src/cockpt.c	update_cockpit	update_cockpit	00417E70	0043F6C9	WC1-callgraph-propagated		100.00	exact
src/cockpt.c	IsCockpitWeaponShapeLoaded	IsCockpitWeaponShapeLoaded		0043F81B	WC2-only		100.00	exact
src/cockpt.c	PlayCockpitSelectionSfx	PlayCockpitSelectionSfx	00417F00	0043F849	WC1-fuzzy-low		100.00	exact
src/cockpt.c	SelectCockpitVduMode	SelectCockpitVduMode	00417F60	0043F8CD	WC1-fuzzy-followup		100.00	exact
src/cmpgn.c	LoadMissionData	LoadMissionData	004059B0	004401C0	WC2-manual-verified		100.00	exact
src/brains.c	HandleUnsupportedManeuver	HandleUnsupportedManeuver		00440490	WC2-only		100.00	exact
src/brains.c	BeginShipCloak	BeginShipCloak		004404CC	WC2-only		100.00	exact
src/brains.c	ResetShipCloakState	ResetShipCloakState		00440549	WC2-only		100.00	exact
src/brains.c	SetShipAiScratchWord	HelperOf4075D0A	004060A0	00440606	WC1-callgraph-single		100.00	exact
src/brains.c	maneuver_complete	maneuver_complete	004060B0	0044061B	WC1-fuzzy-low		100.00	exact
src/brains.c	Mline_up_drop	Mline_up_drop	004060D0	00440642	WC1-fuzzy-low		100.00	exact
src/brains.c	advance	advance	004061E0	004407B0	WC1-order-exact		100.00	exact
src/brains.c	ShipAiState35	ShipAiState35	00406200	004407DA	WC1-order-exact		100.00	exact
src/brains.c	Mfull_ahead	Mfull_ahead	00406310	004407F7	WC1-order-exact		100.00	exact
src/brains.c	Mchill	Mchill	00406350	00440814	WC1-order-exact		100.00	exact
src/brains.c	Mdrop_a_mine	Mdrop_a_mine	004063B0	00440831	WC1-order-exact		100.00	exact
src/brains.c	Mthink	Mthink	00406400	0044084E	WC1-order-exact		100.00	exact
src/brains.c	Mtight_loop	Mtight_loop	00406440	0044086B	WC1-fuzzy-very-low		100.00	exact
src/brains.c	Mhard_break	Mhard_break	004064F0	00440967	WC1-fuzzy-followup		100.00	exact
src/brains.c	Mkickit	Mkickit	004068D0	00440F01	WC1-manual-verified		100.00	exact
src/brains.c	Mgloat	ShipAiState25	00406C70	004415DC	WC1-fuzzy-followup		100.00	exact
src/brains.c	Mtail_fire	Mtail_fire	00406D20	004416D5	WC1-manual-verified		100.00	exact
src/brains.c	ShipAiState47	ShipAiState47		00441837	WC2-only		100.00	exact
src/brains.c	ShipAiState28	ShipAiState28		00441895	WC2-only		100.00	exact
src/brains.c	ShipAiState46	ShipAiState46		004418B2	WC2-only		100.00	exact
src/brains.c	Mram_missile	Mram_missile	00406EC0	0044199B	WC1-fuzzy-low		100.00	exact
src/brains.c	Mbuzz_debris	Mbuzz_debris	00406F20	00441A13	WC1-fuzzy-followup		100.00	exact
src/brains.c	Mstrafe_enemy	Mstrafe_enemy	00406FB0	00441AFC	WC1-order-exact		100.00	exact
src/brains.c	Mbest_strafe	Mbest_strafe	00407030	00441BC1	WC1-fuzzy-very-low		100.00	exact
src/brains.c	Mtarget_missile	Mtarget_missile	00406E10	00441C01	WC1-callgraph-propagated		100.00	exact
src/brains.c	Msit_n_fire	Msit_n_fire	00407060	00441D00	WC1-fuzzy-very-low		100.00	exact
src/brains.c	Mstrafe_n_roll	Mstrafe_n_roll	004070D0	00441D71	WC1-fuzzy-very-low		100.00	exact
src/brains.c	Mkill_missile	Mkill_missile	00407100	00441DB3	WC1-fuzzy-very-low		100.00	exact
src/brains.c	Msuicide_run	Msuicide_run	004071B0	00441E9C	WC1-order-exact		100.00	exact
src/brains.c	Mzig_zag	Mzig_zag	00407350	0044210C	WC1-callgraph-single		100.00	exact
src/brains.c	Mzig_zag_pitch	Mzig_zag_pitch	00407370	00442129	WC1-fuzzy-low		100.00	exact
src/brains.c	Mcorkscrew	ShipAiState38	00407390	00442146	WC1-fuzzy-very-low		100.00	exact
src/brains.c	ShipAiState44	ShipAiState44	00407560	004423E2	WC1-callgraph-single-low		100.00	exact
src/brains.c	Mrout_me	Mrout_me	004075A0	00442421	WC1-manual-verified		100.00	exact
src/brains.c	ShipAiState3	ShipAiState3		00442438	WC2-only		100.00	exact
src/brains.c	ShipAiState45	ShipAiState45		00442455	WC2-only		100.00	exact
src/brains.c	Mnone	Mnone	004075B0	004424C2	WC1-manual-verified		100.00	exact
src/brains.c	Mreset	ShipAiState03	004075C0	004424CD	WC1-fuzzy-followup		100.00	exact
src/brains.c	perform_maneuver	perform_maneuver	004075D0	004424E4	WC1-fuzzy-followup		100.00	exact
src/brains.c	fail	fail	004098C0	004429A7	WC1-manual-verified		100.00	exact
src/brains.c	coming_home	coming_home	004098D0	004429C0	WC1-manual-verified		100.00	exact
src/brains.c	check_engage_target	check_engage_target	00409AC0	00442CC3	WC1-callgraph-propagated		100.00	exact
src/brains.c	formation_burst	formation_burst	00409C50	00442F2D	WC1-callgraph-propagated		100.00	exact
src/brains.c	disallow_engage	disallow_engage	00409CE0	00442FE9	WC1-callgraph-single-low		100.00	exact
src/brains.c	allow_engage	allow_engage	00409CF0	00442FFD	WC1-fuzzy-medium		100.00	exact
src/brains.c	try2allow_engage	try2allow_engage	00409D10	0044301A	WC1-fuzzy-followup		100.00	exact
src/brains.c	formation_break	formation_break	00409F00	004432EB	WC1-callgraph-propagated		100.00	exact
src/brains.c	wingman_mission	wingman_mission	0040A130	00443631	WC1-manual-verified		100.00	exact
src/brains.c	dist_from_home	dist_from_home	0040A160	0044366D	WC1-callgraph-single-low		100.00	exact
src/brains.c	scan_and_lock	scan_and_lock	0040A180	00443698	WC1-callgraph-propagated		100.00	exact
src/brains.c	accelerate_and_jump	accelerate_and_jump	0040A630	00443D6E	WC1-manual-verified		100.00	exact
src/brains.c	reach_warp	reach_warp	0040A670	00443DBD	WC1-fuzzy-low		100.00	exact
src/brains.c	split_patrol_mission	split_patrol_mission		00443E8C	WC2-only		100.00	exact
src/brains.c	warp_arrival	warp_arrival	0040A710	00443EE9	WC1-fuzzy-very-low		100.00	exact
src/brains.c	return_to_buddy	return_to_buddy	0040A740	00443F28	WC1-fuzzy-followup		100.00	exact
src/brains.c	escort_buddy	escort_buddy	0040A7A0	00443FA2	WC1-fuzzy-low		100.00	exact
src/brains.c	return_to_master	return_to_master	0040ABB0	004446C9	WC1-fuzzy-followup		100.00	exact
src/brains.c	ship_intelligence	ship_intelligence	0040AE80	00444ADC	WC1-fuzzy-followup		100.00	exact
src/brains.c	orbit_sphere	orbit_sphere	0040AF70	00444C80	WC1-fuzzy-followup		100.00	exact
src/brains.c	destroyer_intelligence	destroyer_intelligence	0040B0C0	00444E51	WC1-callgraph-propagated		100.00	exact
src/brains.c	stationary_intelligence	stationary_intelligence	0040B110	00444EA7	WC1-manual-verified		100.00	exact
src/brains.c	SpawnCapitalFlakProjectile	SpawnCapitalFlakProjectile		00444F53	WC2-only		100.00	exact
src/brains.c	capital_ship_intelligence	capital_ship_intelligence	0040B140	00445AAC	WC1-manual-verified		100.00	exact
src/brains.c	futurion_intelligence	futurion_intelligence	0040B320	00445D9A	WC1-fuzzy-low		100.00	exact
src/brains.c	heat_seeking_missile_intelligence	heat_seeking_missile_intelligence	0040B430	00445E68	WC1-callgraph-propagated		100.00	exact
src/brains.c	chaff_intelligence	chaff_intelligence		00446395	WC2-only		100.00	exact
src/pload.c	LoadGraphicsDriver	LoadGraphicsDriver		00446560	WC2-only		100.00	exact
src/pload.c	PacketLoad	PacketLoad	0042B050	004465A0	WC1-fuzzy-followup		100.00	exact
src/ship.c	BeginShipDestructionSequence	BeginShipDestructionSequence		00446710	WC2-only		100.00	exact
src/ship.c	SpawnMissionEjectionPod	SpawnMissionEjectionPod		00446823	WC2-only		100.00	exact
src/barracks.c	DosStrcat	DosStrcat	0041C740	00446910	WC1-callgraph-propagated		100.00	exact
src/hudmsg.c	ResetCannedScenePlaybackBuffer	ResetCannedScenePlaybackBuffer		00446960	WC2-only		100.00	exact
src/hudmsg.c	ApplyCannedSceneSoundRecord	ApplyCannedSceneSoundRecord		00446CC2	WC2-only		100.00	exact
src/brains.c	GetShapeFrameExtent	GetShapeFrameExtent	00407710	00447170	WC1-fuzzy-followup		100.00	exact
src/nav.c	free_viewport	free_viewport	0040F940	004471B0	WC1-fuzzy-medium		100.00	exact
src/screen.c	ResetCommMenuChoices	ResetCommMenuChoices	00430C50	00447369	WC2-manual-verified		100.00	exact
src/screen.c	IsCommMenuIdle	IsCommMenuIdle	00430CA0	004473D1	WC1-callgraph-single-low		100.00	exact
src/screen.c	AppendCommMenuChoice	AppendCommMenuChoice	00430CB0	004473FC	WC1-order-exact		100.00	exact
src/screen.c	SendCommMenuChoice	SendCommMenuChoice	00430D30	00447479	WC1-order-exact		100.00	exact
src/screen.c	OpenCommMenuForTarget	OpenCommMenuForTarget	00430D50	004474CA	WC1-fuzzy-low		100.00	exact
src/screen.c	IsCommChoiceMenuOpen	IsCommChoiceMenuOpen	00430D80	004474F4	WC1-manual-verified		100.00	exact
src/screen.c	OpenCommRecipientMenu	OpenCommRecipientMenu	00430DC0	00447526	WC1-fuzzy-very-low		100.00	exact
src/screen.c	CloseCommChoiceMenu	CloseCommChoiceMenu	00430DE0	00447544	WC1-manual-verified		100.00	exact
src/screen.c	wingman_dead	wingman_dead	00430E10	0044756F	WC1-callgraph-propagated		100.00	exact
src/screen.c	have_target	have_target	00430E30	0044759B	WC1-manual-verified		100.00	exact
src/screen.c	CanOpenCommMenu	CanOpenCommMenu	00430E50	004475D3	WC1-callgraph-single		100.00	exact
src/screen.c	SelectCommRecipient	SelectCommRecipient	00430E70	0044760F	WC1-manual-verified		100.00	exact
src/screen.c	RefreshCommunicationMenu	RefreshCommunicationMenu	00431200	00447D85	WC1-fuzzy-low		100.00	exact
src/screen.c	HandleCommunicationMenuRequest	HandleCommunicationMenuRequest	00431240	00447DE3	WC1-fuzzy-low		100.00	exact
src/screen.c	Chosen_communicate_option	Chosen_communicate_option	00431350	00447EF5	WC1-callgraph-propagated		100.00	exact
src/screen.c	FreeCommDisplayResources	FreeCommDisplayResources	00431410	0044804A	WC1-order-exact		100.00	exact
src/screen.c	ShowCentredPrompt	ShowCentredPrompt	004314F0	00448100	WC1-fuzzy-followup		100.00	exact
src/gr.c	InitializeViewportWipe	InitializeViewportWipe		00448570	WC2-only		100.00	exact
src/gr.c	SetViewportHorizontalBounds	SetViewportHorizontalBounds		00448D1A	WC2-only		100.00	exact
src/gr.c	SetViewportVerticalBounds	SetViewportVerticalBounds		00448D39	WC2-only		100.00	exact
src/gr.c	OffsetViewportBounds	OffsetViewportBounds		00449FAE	WC2-only		100.00	exact
src/gr.c	SetViewportRectangleBounds	SetViewportRectangleBounds		0044A009	WC2-only		100.00	exact
src/gr.c	BlitWipeRadialBands	BlitWipeRadialBands		0044AAE5	WC2-only		100.00	exact
src/brains.c	set_sphere_point	set_sphere_point	0040B670	0044B200	WC1-callgraph-propagated		100.00	exact
src/brains.c	is_alive	is_alive	0040B6A0	0044B239	WC1-order-exact		100.00	exact
src/brains.c	check_futurion	check_futurion	0040B700	0044B257	WC1-fuzzy-medium		100.00	exact
src/brains.c	ResetWeaponDisplayPositions	ResetWeaponDisplayPositions		0044B29D	WC2-only		100.00	exact
src/brains.c	LoadAlternateShipType	LoadAlternateShipType		0044B83C	WC2-only		100.00	exact
src/brains.c	release_all_capital_ship_shapes	release_all_capital_ship_shapes	0040B940	0044BCF7	WC1-manual-verified		100.00	exact
src/brains.c	release_capital_ship_shapes	release_capital_ship_shapes	0040B990	0044BD83	WC1-manual-verified		100.00	exact
src/brains.c	FindObjectResourceSlot	FindObjectResourceSlot		0044BE84	WC2-only		100.00	exact
src/brains.c	free_ship	free_ship	0040BC70	0044C796	WC1-manual-verified		100.00	exact
src/brains.c	free_all_slots	free_all_slots	0040BE20	0044CC84	WC1-manual-verified		100.00	exact
src/brains.c	load_all_slots	load_all_slots	0040BE60	0044CCE1	WC1-manual-verified		100.00	exact
src/brains.c	remove_nav_point_objects	remove_nav_point_objects	0040BEA0	0044CDCF	WC1-manual-verified		100.00	exact
src/brains.c	get_shape_slot	get_shape_slot	0040BEC0	0044CE0A	WC1-manual-verified		100.00	exact
src/brains.c	shape_loaded	shape_loaded	0040BEF0	0044CE68	WC1-manual-verified		100.00	exact
src/brains.c	shape_needed	shape_needed	0040BF20	0044CEC8	WC1-manual-verified		100.00	exact
src/brains.c	new_sphere_shapes	new_sphere_shapes	0040BF50	0044CF2D	WC1-manual-verified		100.00	exact
src/brains.c	room_for_me	room_for_me	0040C350	0044D72E	WC1-order-semantics-verified		100.00	exact
src/brains.c	sub_int_vector	sub_int_vector	0040C4A0	0044D9E2	WC1-manual-verified		100.00	exact
src/brains.c	is_team_member	is_team_member	0040C740	0044E028	WC1-order-semantics-verified		100.00	exact
src/cmpgn.c	ClearTransientObjectsForEjection	ClearTransientObjectsForEjection		0044EA50	WC2-only		100.00	exact
src/cmpgn.c	FlagCurrentNavObjectivesReached	FlagCurrentNavObjectivesReached		0044EB4E	WC2-only		100.00	exact
src/music.c	CloseDataFileByHandle	CloseDataFileByHandle	0042D870	0044F1C7	WC1-fuzzy-followup		100.00	exact
src/brains.c	SampleBothJoysticks	HelperOf431A10A	0040CAA0	0044F1F0	WC1-callgraph-single		100.00	exact
src/brains.c	SampleJoystickDevice	SampleJoystickDevice	0040CAE0	0044F247	WC1-manual-verified		100.00	exact
src/music.c	LoadSpeechPacketIntoBuffer	LoadSpeechPacketIntoBuffer		0044F332	WC2-only		100.00	exact
src/music.c	LoadAndPlaySpeechPacket	LoadAndPlaySpeechPacket		0044F52E	WC2-only		100.00	exact
src/music.c	ShutdownSpeechCache	ShutdownSpeechCache		0044FA31	WC2-only		100.00	exact
src/brains.c	SetNavMapCoordinateScaling	SetNavMapCoordinateScaling	0040CBB0	0044FADA	WC1-callgraph-propagated		100.00	exact
src/brains.c	ScaleNavMapMarkerSize	ScaleNavMapMarkerSize	0040CBC0	0044FAEF	WC1-manual-verified		100.00	exact
src/brains.c	CheckPoint	CheckPoint	0040CC80	0044FBC8	WC1-fuzzy-low		100.00	exact
src/brains.c	IncludeNavMapWorldPoint	IncludeNavMapWorldPoint	0040CCF0	0044FC37	WC1-fuzzy-followup		100.00	exact
src/nav.c	NavMapLabelFits	NavMapLabelFits	0040D0E0	004501B2	WC1-fuzzy-medium		100.00	exact
src/nav.c	ResetNavMapReservedAreas	ResetNavMapReservedAreas	0040D1D0	00450329	WC1-manual-verified		100.00	exact
src/nav.c	ReserveNavMapArea	ReserveNavMapArea	0040D1E0	0045033D	WC1-order-exact		100.00	exact
src/nav.c	ResetNavMapLabels	ResetNavMapLabels	0040D240	004503A7	WC1-manual-verified		100.00	exact
src/nav.c	TryPlaceNavMapLabel	TryPlaceNavMapLabel	0040D250	004503BB	WC1-fuzzy-followup		100.00	exact
src/nav.c	ObjectivesShareNavLabel	ObjectivesShareNavLabel		00450623	WC2-only		100.00	exact
src/nav.c	DrawNavRectangleMarker	DrawNavRectangleMarker	0040D5A0	00450900	WC1-fuzzy-low		100.00	exact
src/nav.c	DrawNavSquareOutline	DrawNavSquareOutline	0040D640	004509C9	WC1-manual-verified		100.00	exact
src/nav.c	DrawNavSquareMarker	DrawNavSquareMarker	0040D680	00450A12	WC1-fuzzy-medium		100.00	exact
src/nav.c	DrawNavTriangleOutline	DrawNavTriangleOutline	0040D740	00450B03	WC1-manual-verified		100.00	exact
src/nav.c	DrawNavTriangleMarker	DrawNavTriangleMarker	0040D7D0	00450BBA	WC1-fuzzy-low		100.00	exact
src/nav.c	DrawNavCrossMarker	DrawNavCrossMarker	0040D830	00450C2A	WC1-fuzzy-low		100.00	exact
src/nav.c	IsObjectiveInDisplayedSystem	IsObjectiveInDisplayedSystem		00450CF8	WC2-only		100.00	exact
src/nav.c	SetScreenClipRect	DoUiFnD8C0	0040D8C0	00450DF6	WC1-fuzzy-low		100.00	exact
src/nav.c	DrawNavHazardMarker	DrawNavHazardMarker	0040D8F0	00450E1E	WC1-fuzzy-low		100.00	exact
src/nav.c	DrawNavPlayerMarker	DrawNavPlayerMarker	0040D980	00450E98	WC1-manual-verified		100.00	exact
src/nav.c	FormatNavCoordinates	DoLocalFnDE70	0040DE70	00451637	WC1-callgraph-single-low		100.00	exact
src/nav.c	DrawSelectedNavLegendEntry	DrawSelectedNavLegendEntry	0040DEA0	00451673	WC1-manual-verified		100.00	exact
src/nav.c	nav_note	nav_note	0040DF50	00451756	WC1-callgraph-single		100.00	exact
src/nav.c	CentreMouseOnCurrentNavObjective	GetTbl0059c000FnE3C0	0040E3C0	00451DDB	WC1-fuzzy-followup		100.00	exact
src/nav.c	ShowConfedNavScan	ShowConfedNavScan	0040E430	00451E57	WC1-fuzzy-very-low		100.00	exact
src/nav.c	FollowSelectedObjectiveSystem	FollowSelectedObjectiveSystem		00451EC9	WC2-only		100.00	exact
src/music.c	StopMusicStream	StopMusicStream		00452A00	WC2-only		100.00	exact
src/music.c	SetMusBreakpt	SetMusBreakpt	0042E380	00452A10	WC1-manual-verified		100.00	exact
src/music.c	StopMusic	StopMusic	0042E350	00452A26	WC1-callgraph-propagated		100.00	exact
src/music.c	StartMusic	StartMusic		00452A40	WC2-only		100.00	exact
src/music.c	PaletteFadeHook	PaletteFadeHook	0042E390	00452A99	WC1-manual-verified		100.00	exact
src/music.c	FlushSoundEffect	DoLocalFnE3A0	0042E3A0	00452AAB	WC1-fuzzy-very-low		100.00	exact
src/music.c	FlushSoundEffects	FlushSoundEffects	0042E3C0	00452AC8	WC1-manual-verified		100.00	exact
src/music.c	FadeMusic	FadeMusic	0042E320	00452AE5	WC1-manual-verified		100.00	exact
src/music.c	ProcessMusicScriptCommand	ProcessMusicScriptCommand	0042E6F0	00452B03	WC1-manual-verified		100.00	exact
src/music.c	spacetrack	spacetrack	0042E880	00452CF4	WC1-fuzzy-very-low		100.00	exact
src/music.c	StopMusicUnlessSuppressed	SoundG0046a9f8FnE8B0	0042E8B0	00452D32	WC1-fuzzy-low		100.00	exact
src/music.c	IsMusicTrackComplete	IsMusicTrackComplete	0042E8D0	00452D66	WC1-order-semantics-verified		100.00	exact
src/music.c	wait_for_end_of_music	wait_for_end_of_music	0042E900	00452DB0	WC1-fuzzy-low		100.00	exact
src/music.c	gametrack	gametrack	0042EB60	00453085	WC1-fuzzy-followup		100.00	exact
src/music.c	ResetSoundState	ResetSoundState	0042EE80	00453496	WC1-order-callgraph-verified		100.00	exact
src/music.c	ResetSoundStateForScene	ResetSoundStateForScene	0042EEA0	004534BA	WC1-order-callgraph-verified		100.00	exact
src/music.c	EnableMusicForScene	EnableMusicForScene	0042EEE0	004534FC	WC1-order-callgraph-verified		100.00	exact
src/music.c	LogUnknownSoundEffect	LogUnknownSoundEffect		0045351A	WC2-only		100.00	exact
src/music.c	FlushSoundEffectsAndLog	FlushSoundEffectsAndLog	0042EF10	0045357E	WC1-callgraph-propagated		100.00	exact
src/music.c	sound_effect	sound_effect	0042EF20	004535BB	WC1-order-exact		100.00	exact
src/music.c	PlaySfxWaveFileByNumber	PlaySfxWaveFileByNumber	0042EF30	0045373B	WC1-fuzzy-followup		100.00	exact
src/screen.c	GetPacketSize	GetPacketSize	0042F810	00453A70	WC1-callgraph-propagated		100.00	exact
src/winmain.c	GetF1KeyLatch	GetF1KeyLatch	00402520	00453C80	WC1-manual-verified		100.00	exact
src/winmain.c	CheckLauncherAndConfig	CheckLauncherAndConfig	00401D10	00453C95	WC1-fuzzy-followup		100.00	exact
src/winmain.c	ShutdownGameWindow	ShutdownGameWindow	00402070	00454103	WC1-fuzzy-high		100.00	exact
src/winmain.c	AbortToDesktop	AbortToDesktop	00402110	0045422D	WC1-fuzzy-medium		100.00	exact
src/winmain.c	GetJoystickButtons	GetJoystickButtons	00402AC0	00455346	WC1-manual-verified		100.00	exact
src/winmain.c	GetApplicationInstance	ReadDAT005a8a40	00402B80	00455427	WC1-order-exact		100.00	exact
src/winmain.c	GetMainWindowHandle	GetMainWindowHandle	00402B90	0045543C	WC1-order-exact		100.00	exact
src/winmain.c	GetMainWindowDeviceContext	GetMainWindowDeviceContext	00402BA0	00455451	WC1-order-exact		100.00	exact
src/winmain.c	CheckAllGuardedAllocations	CheckAllGuardedAllocations	00402D40	00455624	WC1-manual-verified		100.00	exact
src/winmain.c	IsFreedHeapBlockTracked	IsFreedHeapBlockTracked		0045562F	WC2-only		100.00	exact
src/winmain.c	DetectDoubleFree	DetectDoubleFree		00455697	WC2-only		100.00	exact
src/sysinput.c	SetMousePosition	SetMousePosition	00402E80	00455A85	WC1-manual-verified		100.00	exact
src/sysinput.c	PollKeyboardState	PollKeyboardState	00402EA0	00455AC8	WC1-fuzzy-very-low		100.00	exact
src/sysinput.c	GetHomeKeyState	GetHomeKeyState		00455D2D	WC2-only		100.00	exact
src/sysinput.c	GetUpArrowKeyState	GetUpArrowKeyState		00455D48	WC2-only		100.00	exact
src/sysinput.c	GetPageUpKeyState	GetPageUpKeyState		00455D63	WC2-only		100.00	exact
src/sysinput.c	GetLeftArrowKeyState	GetLeftArrowKeyState		00455D7E	WC2-only		100.00	exact
src/sysinput.c	GetRightArrowKeyState	GetRightArrowKeyState		00455D99	WC2-only		100.00	exact
src/sysinput.c	GetEndKeyState	GetEndKeyState		00455DB4	WC2-only		100.00	exact
src/sysinput.c	GetDownArrowKeyState	GetDownArrowKeyState		00455DCF	WC2-only		100.00	exact
src/sysinput.c	GetPageDownKeyState	GetPageDownKeyState		00455DEA	WC2-only		100.00	exact
src/sysinput.c	GetNumLockKeyState	GetNumLockKeyState		00455E05	WC2-only		100.00	exact
src/sysinput.c	GetNumpadPlusKeyState	GetNumpadPlusKeyState		00455E23	WC2-only		100.00	exact
src/sysinput.c	GetNumpadMinusKeyState	GetNumpadMinusKeyState		00455E3E	WC2-only		100.00	exact
src/sysinput.c	GetReturnKeyState	GetReturnKeyState		00455E59	WC2-only		100.00	exact
src/sysinput.c	GetSpaceKeyState	GetSpaceKeyState		00455E74	WC2-only		100.00	exact
src/sysinput.c	GetShiftKeyState	GetShiftKeyState	00403060	00455E8F	WC1-fuzzy-medium		100.00	exact
src/sysinput.c	GetKeyboardModifiers	ReadDAT005a8964	00403080	00455EAA	WC1-callgraph-propagated		100.00	exact
src/sysinput.c	GetControlKeyState	GetControlKeyState	00403070	00455EBF	WC1-fuzzy-medium		100.00	exact
src/sysinput.c	GetGameClockTicks	GetGameClockTicks	00403090	00455EF5	WC1-callgraph-propagated		100.00	exact
src/sysinput.c	WriteDebugString	WriteDebugString	004030D0	00455F59	WC1-manual-verified		100.00	exact
src/sysinput.c	SetInputCursorHostPosition	SetInputCursorHostPosition	004030E0	00455FD3	WC1-manual-verified		100.00	exact
src/cdrom.c	SetCurrentDirOnDrive	SetCurrentDirOnDrive	004033E0	004563A3	WC1-fuzzy-medium		100.00	exact
src/sysinput.c	TakeInputPressCount	TakeInputPressCount		0045641B	WC2-only		100.00	exact
src/cdrom.c	PromptInsertCorrectCd	PromptInsertCorrectCd	00403450	00456443	WC1-auto-vt		100.00	exact
src/logic.c	has_opposing_ship	has_opposing_ship		004564F0	WC2-only		100.00	exact
src/logic.c	launch_carrier_fighter	launch_carrier_fighter		0045655D	WC2-only		100.00	exact
src/logic.c	LoadShapeSet	LoadShapeSet	00423CE0	004568E0	WC1-callgraph-propagated		100.00	exact
src/logic.c	FreeShapeSet	FreeShapeSet	00423D50	00456988	WC1-manual-verified		100.00	exact
src/logic.c	LoadPacketResourceList	LoadPacketResourceList	00423D80	004569C8	WC1-manual-verified		100.00	exact
src/logic.c	ResetCockpitPaletteEntries	HelperOf4219C0C	00423E10	00456A68	WC1-callgraph-propagated		100.00	exact
src/logic.c	InitializeConstellationObject	InitializeConstellationObject	004242D0	00457434	WC1-manual-verified		100.00	exact
src/logic.c	FreeConstellationObject	FreeConstellationObject	004243B0	00457587	WC1-manual-verified		100.00	exact
src/logic.c	init_constellation	init_constellation	004243E0	004575B4	WC1-manual-verified		100.00	exact
src/logic.c	free_constellation	free_constellation	00424490	004576AB	WC1-manual-verified		100.00	exact
src/logic.c	init_vdus	init_vdus	004244E0	00457720	WC1-fuzzy-low		100.00	exact
src/logic.c	init_3Space_objects	init_3Space_objects	00424A80	00458467	WC1-manual-verified		100.00	exact
src/logic.c	load_common_3Space_objects	load_common_3Space_objects	00424B00	00458532	WC1-manual-verified		100.00	exact
src/logic.c	remove_all_3d_objects	remove_all_3d_objects	00424B80	0045865D	WC1-manual-verified		100.00	exact
src/logic.c	free_3Space	free_3Space	00424BA0	00458698	WC1-manual-verified		100.00	exact
src/logic.c	init_inflight_music	init_inflight_music	00424C60	004587E0	WC1-order-exact		100.00	exact
src/logic.c	free_inflight_music	free_inflight_music	00424C80	00458806	WC1-fuzzy-followup		100.00	exact
src/logic.c	PreloadMusicTrack	PreloadMusicTrack		0045887B	WC2-only		100.00	exact
src/logic.c	ReleaseMusicTrack	ReleaseMusicTrack		0045890E	WC2-only		100.00	exact
src/logic.c	DecodeSceneSymbolChunk	DecodeSceneSymbolChunk		00458C81	WC2-only		100.00	exact
src/logic.c	DecodeSceneFileChunk	DecodeSceneFileChunk		00458D94	WC2-only		100.00	exact
src/screen.c	IsSoundHardwarePresent	DoLocalFnF940	0042F940	00458E20	WC1-callgraph-single-low		100.00	exact
src/screen.c	MessagePumpHook	MessagePumpHook	0042F950	00458E39	WC1-manual-verified		100.00	exact
src/screen.c	AllocateTaggedMemory	AllocateTaggedMemory	0042FA90	0045901D	WC1-fuzzy-followup		100.00	exact
src/screen.c	GetAvailableFarMemoryByType	GetAvailableFarMemoryByType	0042FB20	00459134	WC1-order-exact		100.00	exact
src/screen.c	GetLargestFreeMemoryBlockByType	GetLargestFreeMemoryBlockByType	0042FB30	00459149	WC1-order-exact		100.00	exact
src/geom.c	ReleaseModalTextPanel	ReleaseModalTextPanel	0041AD10	0045979B	WC1-fuzzy-followup		100.00	exact
src/cdrom.c	OpenDataFileOrDie	OpenDataFileOrDie	004034D0	0045A010	WC1-auto-vt		100.00	exact
src/mono.c	CloseDataFile	DoUiFn3500	00403500	0045A04A	WC1-auto-vt		100.00	exact
src/mono.c	CreateDataFile	CreateDataFile	004035C0	0045A12D	WC1-auto-vt		100.00	exact
src/mono.c	ReadDataFileAtOffset	ReadDataFileAtOffset	00403610	0045A19B	WC1-fuzzy-high		100.00	exact
src/mono.c	SeekDataFile	SeekDataFile	004036B0	0045A259	WC1-fuzzy-medium		100.00	exact
src/music.c	InitializeFireworks	InitializeFireworks	0042D270	0045A2C0	WC1-callgraph-single-low		100.00	exact
src/debug.cpp	DebugOverlayConsole::WaitForKey	DebugOverlayConsole::WaitForKey	0041CD40	0045B49C	WC1-callgraph-propagated		100.00	exact
src/debug.cpp	DebugOverlayConsole::EnableReverseVideo	DebugOverlayConsole::EnableReverseVideo	0041CF50	0045B55C	WC1-callgraph-propagated		100.00	exact
src/debug.cpp	DebugOverlayConsole::DisableReverseVideo	DebugOverlayConsole::DisableReverseVideo	0041CF00	0045B5D8	WC1-callgraph-propagated		100.00	exact
src/debug.cpp	DebugOverlayConsole::SetTransparentBackground	DebugOverlayConsole::SetTransparentBackground	0041D040	0045B722	WC1-callgraph-propagated		100.00	exact
src/logic.c	QueryCurrentGraphicsMode	QueryCurrentGraphicsMode		0045B7E0	WC2-only		100.00	exact
src/logic.c	InitializeGameTextContexts	InitializeGameTextContexts	00421D80	0045C088	WC1-fuzzy-low		100.00	exact
src/killbrd.c	ResetGameTextContexts	ResetGameTextContexts	0043F810	0045C128	manual-verified		100.00	exact
src/logic.c	LoadSpaceflightResources	LoadSpaceflightResources	00421F50	0045C35C	manual-verified		100.00	exact
src/logic.c	StopMusicIfDriverActive	StopMusicIfDriverActive		0045C3FA	WC2-only		100.00	exact
src/music.c	LogDisplayMode	LogDisplayMode	0042E020	0045CA50	WC1-auto-vt		100.00	exact
src/dib.c	DIBinstall	DIBinstall	00432310	0045D23B	WC1-fuzzy-followup		100.00	exact
src/dib.c	DIBmakeDIB	DIBmakeDIB	004326E0	0045D80F	WC1-fuzzy-followup		100.00	exact
src/dib.c	DIBdestroyDIB	DIBdestroyDIB	004328A0	0045DA8C	WC1-fuzzy-followup		100.00	exact
src/dib.c	GetDIBPixelBuffer	HelperOf4326E0A	00432DE0	0045E276	WC1-callgraph-propagated		100.00	exact
src/dib.c	GetDIBHeight	GetDIBHeight	00432E00	0045E2C5	WC1-manual-verified		100.00	exact
src/main.c	UpdateFleetOverviewCameraRotation	UpdateFleetOverviewCameraRotation		0045F200	WC2-only		100.00	exact
src/logic.c	ResetTargetCameraView	ResetTargetCameraView		004601F1	WC2-only		100.00	exact
src/logic.c	ToggleTargetCameraOverlay	ToggleTargetCameraOverlay		004602BE	WC2-only		100.00	exact
src/logic.c	ClearTargetCameraView	ClearTargetCameraView		004603C5	WC2-only		100.00	exact
src/logic.c	ClearSavedTorpedoTargetLock	ClearSavedTorpedoTargetLock		00460BAF	WC2-only		100.00	exact
src/logic.c	UpdateSavedTorpedoTargetLock	UpdateSavedTorpedoTargetLock		00460BCC	WC2-only		100.00	exact
src/logic.c	DrawTargetCameraAttitudeIndicators	DrawTargetCameraAttitudeIndicators		00460DFE	WC2-only		100.00	exact
src/logic.c	RestoreTargetCameraAttitudeIndicators	RestoreTargetCameraAttitudeIndicators		004610BC	WC2-only		100.00	exact
src/barracks.c	DrawUnreferencedPilotHandFrame	SceneRoutine02	0041BBD0	0046138D	WC1-callgraph-propagated		100.00	exact
src/mathfp.c	RandomBelow	DoLocalFn4CD0	00434CD0	004618E0	WC1-fuzzy-medium		100.00	exact
src/mathfp.c	GetRandomWord	GetRandomWord		00461922	WC2-only		100.00	exact
src/mathfp.c	SinFixed	CalcVideoFn4E00	00434E00	00461A91	WC1-callgraph-propagated		100.00	exact
src/mathfp.c	CosFixed	CalcVideoFn4E30	00434E30	00461AD6	WC1-callgraph-propagated		100.00	exact
src/mathfp.c	SetTextCursor	SetTextCursor	00434F70	00461D02	WC1-manual-verified		100.00	exact
src/mathfp.c	SetTextContext	SetTextContext	00434FA0	00461D29	WC1-manual-verified		100.00	exact
src/mathfp.c	IdentityHandle	IdentityHandle	00434FC0	00461D7D	WC1-manual-verified		100.00	exact
src/mathfp.c	SetWholePaletteFromTriplets	CallThrough433060	00434FD0	00461D90	WC1-callgraph-single		100.00	exact
src/mathfp.c	ReadWord	DoLocalFn4FE0	00434FE0	00461DA7	WC1-callgraph-propagated		100.00	exact
src/mathfp.c	GetFontCharWidth	UiRoutine09	00434FF0	00461DBD	WC1-callgraph-propagated		100.00	exact
src/mathfp.c	IsPointInRect	DoLocalFn5090	00435090	00461E97	WC1-order-exact		100.00	exact
src/mathfp.c	AppendTextCharacter	AppendTextCharacter	00435310	004622BD	manual-verified		100.00	exact
src/mathfp.c	MeasureShapeFrameStorage	MeasureShapeFrameStorage	00435340	004622EE	WC2-manual-verified		100.00	exact
src/strdos.c	DosFarPtrToNear	DosFarPtrToNear	00435410	0046243F	WC1-manual-verified		100.00	exact
src/strdos.c	DosNearPtrToFar	DoLocalFn5420	00435420	00462452	WC1-callgraph-propagated		100.00	exact
src/strdos.c	DosStrrchr	DosStrrchr	00435430	00462465	WC1-auto-vt		100.00	exact
src/strdos.c	DosStrchr	DosStrchr	00435450	00462486	WC1-callgraph-propagated		100.00	exact
src/strdos.c	DosStrcpy	DosStrcpy	00435470	004624A7	WC2-manual-verified		100.00	exact
src/strdos.c	CopyStringAndReturnEnd	CopyStringAndReturnEnd		004624C7	WC2-only		100.00	exact
src/strdos.c	DosStrlen	DosStrlen	004354D0	0046250B	WC1-callgraph-propagated		100.00	exact
src/strdos.c	InitializePostPaletteState	InitializePostPaletteState		0046257A	WC2-only		100.00	exact
src/strdos.c	InitializeInputManagerMemory	InitializeInputManagerMemory		0046259D	WC2-only		100.00	exact
src/eventmgr.c	AllocateInputEvent	AllocateInputEvent	004356E0	00462890	WC1-manual-verified		100.00	exact
src/eventmgr.c	PollInputEvent	PollInputEvent	00435CC0	0046327F	WC1-manual-verified		100.00	exact
src/eventmgr.c	InitializeMouseCursorDepth	InitializeMouseCursorDepth	00435DC0	00463571	WC1-order-semantics-verified		100.00	exact
src/eventmgr.c	SetFrameTimerPeriod	SetFrameTimerPeriod	004361E0	00464009	WC1-manual-verified		100.00	exact
src/eventmgr.c	SetFrameTimerAndWait	SetFrameTimerAndWait	004361F0	00464021	WC1-manual-verified		100.00	exact
src/eventmgr.c	SetFrameTimerPeriodDirect	SetFrameTimerPeriodDirect	00436210	0046403D	WC1-manual-verified		100.00	exact
src/eventmgr.c	WaitForFrameTick	WaitForFrameTick	00436230	00464055	WC1-manual-verified		100.00	exact
src/eventmgr.c	IsFrameTickElapsed	IsFrameTickElapsed	00436240	00464072	WC1-manual-verified		100.00	exact
src/eventmgr.c	AllocateZeroedRecords	AllocateZeroedRecords		0046409B	WC2-only		100.00	exact
src/eventmgr.c	AllocateDefaultMemory	AllocateDefaultMemory		00464123	WC2-only		100.00	exact
src/eventmgr.c	IdentityDword	GetVideoReleaseResult	004362B0	0046417A	WC1-manual-verified		100.00	exact
src/eventmgr.c	IdentityWord	DoLocalFn62C0	004362C0	0046418D	WC1-callgraph-single-low		100.00	exact
src/eventmgr.c	GetAvailableFarMemory	GetAvailableFarMemory	004362E0	004641B0	WC1-order-exact		100.00	exact
src/eventmgr.c	GetLargestFreeMemoryBlock	GetLargestFreeMemoryBlock	004362F0	004641C5	WC1-order-exact		100.00	exact
src/eventmgr.c	ClearInputKeyState	ClearInputKeyState	004363E0	004642D6	WC1-order-exact		100.00	exact
src/eventmgr.c	SetInputKeyState	SetInputKeyState	00436420	0046431A	WC1-fuzzy-medium		100.00	exact
src/eventmgr.c	GetNavRangeSentinel	GetNavRangeSentinel	004368E0	00464AB0	WC1-order-semantics-verified		100.00	exact
src/eventmgr.c	GetOriginalFreeMemory	GetOriginalFreeMemory	004368F0	00464AC4	WC1-order-semantics-verified		100.00	exact
src/eventmgr.c	GetStartupErrorCode	GetStartupErrorCode	00436970	00464B60	manual-verified		100.00	exact
src/eventmgr.c	SelectDiskDriveHook	SelectDiskDriveHook	004369A0	00464B92	manual-verified		100.00	exact
src/eventmgr.c	GetCurrentDiskDriveHook	GetCurrentDiskDriveHook	004369B0	00464BA5	manual-verified		100.00	exact
src/eventmgr.c	GetShutdownErrorCode	GetShutdownErrorCode	004369C0	00464BB8	manual-verified		100.00	exact
src/eventmgr.c	IsVectorWithinRange	IsVectorWithinRange	00436A00	00464BFE	WC1-order-semantics-verified		100.00	exact
src/eventmgr.c	SetInputViewport	SetInputViewport		00464E06	WC2-only		100.00	exact
src/eventmgr.c	ClearInputPump	ClearInputPump		00464E1E	WC2-only		100.00	exact
src/eventmgr.c	SetMenuInputPump	SetMenuInputPump		00464E35	WC2-only		100.00	exact
src/eventmgr.c	ConfigureInputPump	ConfigureInputPump		00464E4F	WC2-only		100.00	exact
src/eventmgr.c	LoadInputCursorShape	LoadInputCursorShape		00464E73	WC2-only		100.00	exact
src/eventmgr.c	FlushPendingInputEvents	FlushPendingInputEvents		00464F10	WC2-only		100.00	exact
src/eventmgr.c	GetNamedPacketSize	GetNamedPacketSize		00464F25	WC2-only		100.00	exact
src/eventmgr.c	LoadNamedPacket	LoadNamedPacket		00464F45	WC2-only		100.00	exact
src/eventmgr.c	OffsetSceneHotspotBounds	OffsetSceneHotspotBounds		00464F75	WC2-only		100.00	exact
src/system.c	AllocateApplicationScratchBuffer	AllocateApplicationScratchBuffer		004656CC	WC2-only		100.00	exact
src/system.c	ReleaseApplicationScratchBuffer	ReleaseApplicationScratchBuffer		004656EB	WC2-only		100.00	exact
src/system.c	GetInputCursorShape	GetInputCursorShape		0046570E	WC2-only		100.00	exact
src/main.c	SetPersonnelCursorPosition	SetPersonnelCursorPosition		00465780	WC2-only		100.00	exact
src/system.c	AdjustSpaceFramePeriod	AdjustSpaceFramePeriod		0046589D	WC2-only		100.00	exact
src/main.c	free_view_buffer	free_view_buffer	004279D0	00465CBC	WC1-manual-verified		100.00	exact
src/main.c	initialize_view_buffer	initialize_view_buffer	00427A00	00465CF6	WC1-fuzzy-medium		100.00	exact
src/main.c	SelectNextExternalViewObject	SelectNextExternalViewObject	00428C90	00465E25	WC1-fuzzy-medium		100.00	exact
src/main.c	RefreshMemoryStatusOverlay	RefreshMemoryStatusOverlay	00427C30	00465EA9	WC1-manual-verified		100.00	exact
src/main.c	Update_3Space	Update_3Space	00427C50	00465EE9	WC1-callgraph-propagated	WC1-review-module-mismatch	100.00	exact
src/main.c	TriggerPlayerHitPaletteFlash	TriggerPlayerHitPaletteFlash	00427C80	00465F3A	WC1-fuzzy-medium		100.00	exact
src/main.c	FadeFlightPaletteEntry	FadeFlightPaletteEntry	00427CA0	00465F5B	WC1-manual-verified		100.00	exact
src/main.c	UpdateSpacePaletteFade	UpdateSpacePaletteFade	00427CD0	00465FA3	WC1-fuzzy-followup		100.00	exact
src/main.c	get_player_input	get_player_input	00427E40	004661C2	WC1-manual-verified		100.00	exact
src/main.c	process_player_input	process_player_input	00427F20	004663A2	WC1-fuzzy-very-low		100.00	exact
src/main.c	players_flight_dynamics	players_flight_dynamics	004284D0	0046696E	WC1-fuzzy-medium		100.00	exact
src/main.c	IsInputEventQueued	IsInputEventQueued		00466AD2	WC2-only		100.00	exact
src/hudmsg.c	DrawSpaceSceneFrame	DrawSpaceSceneFrame		00468E7A	WC2-only		100.00	exact
src/hudmsg.c	RenderSpaceViewFrame	RenderSpaceViewFrame	00429FC0	0046903F	WC1-callgraph-propagated	WC1-review-module-mismatch	100.00	exact
src/hudmsg.c	Draw_3Space_Frame	Draw_3Space_Frame	00429DD0	004690FF	WC1-fuzzy-low	WC1-review-module-mismatch	100.00	exact
src/hudmsg.c	GetShipDistanceToNavPoint	GetShipDistanceToNavPoint	0042A0E0	00469143	WC1-callgraph-propagated		100.00	exact
src/hudmsg.c	FindNearestNavPoint	FindNearestNavPoint	0042A120	0046918D	WC1-callgraph-propagated		100.00	exact
src/hudmsg.c	calculate_damage_level	calculate_damage_level	0042A520	004695FD	WC1-fuzzy-medium	WC1-review-module-mismatch	100.00	exact
src/screens.c	death_sequence	death_sequence	00439660	004697A0	WC1-callgraph-propagated	WC1-review-module-mismatch	100.00	exact
src/killbrd.c	ReadPacketSectionData	ReadPacketSectionData	00440840	00469BE0	WC1-callgraph-propagated	WC1-review-module-mismatch	100.00	exact
src/ix/system.cpp	ix_system_init	ix_system_init	00447200	00469C80	WC1-auto-vt		100.00	exact
src/ix/system.cpp	ix_system_service_sounds	ix_system_service_sounds	004472A7	00469D27	WC1-auto-vt		100.00	exact
src/ix/system.cpp	ix_system_shutdown	ix_system_shutdown	004473F3	00469E73	WC1-auto-vt		100.00	exact
src/ix/system.cpp	ix_system_configure	ix_system_configure	00447426	00469EA6	WC2-manual-verified		100.00	exact
src/ix/system.cpp	ix_system_get_master_volume	ix_system_get_master_volume	00447446	00469EC6	WC1-auto-vt		100.00	exact
src/ix/system.cpp	ix_system_set_master_volume	ix_system_set_master_volume	0044745B	00469EDB	WC1-auto-vt		100.00	exact
src/ix/system.cpp	ix_system_get_voice_count	ix_system_get_voice_count	00447477	00469EF7	WC1-order-exact		100.00	exact
src/ix/system.cpp	ix_system_set_voice_count	ix_system_set_voice_count	0044748C	00469F0C	WC1-auto-vt		100.00	exact
src/ix/system.cpp	ix_system_new_sample	ix_system_new_sample	004474E3	00469F63	WC1-auto-vt		100.00	exact
src/ix/system.cpp	ix_system_delete_sample	ix_system_delete_sample	00447519	00469F99	WC1-auto-vt		100.00	exact
src/ix/system.cpp	ix_system_delete_all_samples	ix_system_delete_all_samples	00447548	00469FC8	WC1-auto-vt		100.00	exact
src/ix/system.cpp	ix_system_new_sound	ix_system_new_sound	0044758D	0046A00D	WC1-auto-vt		100.00	exact
src/ix/system.cpp	ix_system_delete_sound	ix_system_delete_sound	004475C7	0046A047	WC1-auto-vt		100.00	exact
src/ix/system.cpp	ix_system_delete_all_sounds	ix_system_delete_all_sounds	00447610	0046A090	WC1-auto-vt		100.00	exact
src/ix/system.cpp	ix_system_release_voice	ix_system_release_voice	004476B9	0046A139	WC1-auto-vt		100.00	exact
src/ix/system.cpp	ix_system_assign_voice	ix_system_assign_voice	004476FA	0046A17A	WC1-auto-vt		100.00	exact
src/ix/system.cpp	ix_system_find_highest_waiting	ix_system_find_highest_waiting	00447921	0046A3A1	WC1-auto-vt		100.00	exact
src/ix/system.cpp	ix_system_find_lowest_playing	ix_system_find_lowest_playing	00447974	0046A3F4	WC1-auto-vt		100.00	exact
src/ix/system.cpp	ix_system_find_free_voice	ix_system_find_free_voice	004479C7	0046A447	WC1-auto-vt		100.00	exact
src/ix/system.cpp	IxSound::ix_system_sound_init	ix_system_sound_init	00447A20	0046A4A0	WC1-auto-vt		100.00	exact
src/ix/system.cpp	IxSound::ix_system_sound_construct	ix_system_sound_construct	00447B17	0046A597	WC1-auto-vt		100.00	exact
src/ix/system.cpp	IxSound::ix_system_sound_construct_centred	ix_system_sound_construct_centred	00447B48	0046A5C8	WC1-auto-vt		100.00	exact
src/ix/system.cpp	ix_sound_unlink_from_free_list	ix_sound_unlink_from_free_list	00447B7A	0046A5FA	WC1-auto-vt		100.00	exact
src/ix/system.cpp	IxSound::ix_system_sound_set_volume	ix_system_sound_set_volume	00447BE7	0046A667	WC1-auto-vt		100.00	exact
src/ix/system.cpp	IxSound::ix_system_sound_set_pan	ix_system_sound_set_pan	00447C18	0046A698	WC1-auto-vt		100.00	exact
src/ix/system.cpp	IxSound::ix_system_sound_set_frequency	ix_system_sound_set_frequency	00447C44	0046A6C4	WC1-auto-vt		100.00	exact
src/ix/system.cpp	IxSound::ix_system_sound_set_priority	ix_system_sound_set_priority	00447CAF	0046A72F	WC1-auto-vt		100.00	exact
src/ix/sound.cpp	ix_sound_release	ix_sound_release	0044801E	0046AA9E	WC1-auto-vt		100.00	exact
src/ix/sound.cpp	ix_sound_stop	ix_sound_stop	004480CF	0046AB4F	WC1-auto-vt		100.00	exact
src/ix/sound.cpp	IxSound::ix_sound_reprioritise	ix_sound_reprioritise	0044831A	0046AD9A	WC1-auto-vt		100.00	exact
src/ix/sound.cpp	IxSound::ix_sound_set_delete_on_stop	ix_sound_set_delete_on_stop	00448645	0046B0C5	WC1-auto-vt		100.00	exact
src/ix/sound.cpp	ix_sound_is_playing	ix_sound_is_playing	00448678	0046B0F8	WC1-manual-verified		100.00	exact
src/ix/sound.cpp	IxSample::ix_sample_construct	ix_sample_construct	004486B0	0046B130	WC1-auto-vt		100.00	exact
src/ix/sound.cpp	IxSample::ix_sample_destruct	ix_sample_destruct	0044870F	0046B18F	WC1-auto-vt		100.00	exact
src/ix/sample.cpp	IxSample::ix_sample_load_wav	ix_sample_load_wav	00448C8B	0046B70B	WC1-auto-vt		100.00	exact
src/ix/sample.cpp	IxSample::ix_sample_load_raw	ix_sample_load_raw	00449044	0046BAC4	WC1-auto-vt		100.00	exact
src/ix/streamer.cpp	ix_streamer_init	ix_streamer_init	00442750	0046BD50	WC1-auto-vt		100.00	exact
src/ix/streamer.cpp	ix_streamer_destroy	ix_streamer_destroy	0044286F	0046BE6F	WC1-auto-vt		100.00	exact
src/ix/streamer.cpp	ix_streamer_configure	ix_streamer_configure	0044291E	0046BF1E	WC2-manual-verified		100.00	exact
src/ix/streamer.cpp	ix_streamer_set_dev_mode	ix_streamer_set_dev_mode	0044293E	0046BF3E	WC1-auto-vt		100.00	exact
src/ix/streamer.cpp	ix_streamer_open_stream_file	ix_streamer_open_stream_file	004429B6	0046BFB6	WC1-auto-vt		100.00	exact
src/ix/streamer.cpp	ix_streamer_close_stream_file	ix_streamer_close_stream_file	0044307A	0046C67A	WC1-auto-vt		100.00	exact
src/ix/streamer.cpp	ix_streamer_audio_play	ix_streamer_audio_play	004431F3	0046C7F3	WC1-auto-vt		100.00	exact
src/ix/streamer.cpp	ix_streamer_audio_stop	ix_streamer_audio_stop	00443253	0046C853	WC1-auto-vt		100.00	exact
src/ix/streamer.cpp	ix_streamer_audio_pause	ix_streamer_audio_pause	004432B6	0046C8B6	WC1-auto-vt		100.00	exact
src/ix/streamer.cpp	ix_streamer_audio_reprepare	ix_streamer_audio_reprepare	0044330F	0046C90F	WC1-auto-vt		100.00	exact
src/ix/streamer.cpp	ix_streamer_set_intensity	ix_streamer_set_intensity	0044336B	0046C96B	WC1-auto-vt		100.00	exact
src/ix/streamer.cpp	ix_streamer_get_intensity	ix_streamer_get_intensity	004433AC	0046C9AC	WC1-fuzzy-high		100.00	exact
src/ix/streamer.cpp	ix_streamer_set_trigger	ix_streamer_set_trigger	004433C1	0046C9C1	WC1-auto-vt		100.00	exact
src/ix/streamer.cpp	ix_streamer_get_trigger	ix_streamer_get_trigger	00443419	0046CA19	WC1-order-exact		100.00	exact
src/ix/streamer.cpp	ix_streamer_force_trigger	ix_streamer_force_trigger	0044342E	0046CA2E	WC1-auto-vt		100.00	exact
src/ix/streamer.cpp	ix_streamer_set_volume	ix_streamer_set_volume	004435BE	0046CBBE	WC1-auto-vt		100.00	exact
src/ix/streamer.cpp	ix_streamer_get_volume	ix_streamer_get_volume	0044363B	0046CC3B	WC1-fuzzy-high		100.00	exact
src/ix/streamer.cpp	ix_streamer_get_audio_chunk	ix_streamer_get_audio_chunk	00443651	0046CC51	WC1-manual-verified		100.00	exact
src/ix/streamer.cpp	ix_streamer_seek_chunk	ix_streamer_seek_chunk	00443666	0046CC66	WC1-auto-vt		100.00	exact
src/ix/streamer.cpp	ix_streamer_hash_name	ix_streamer_hash_name	004436C0	0046CCC0	WC1-auto-vt		100.00	exact
src/ix/streamer.cpp	ix_streamer_open_file	ix_streamer_open_file	004437E3	0046CDE3	WC1-auto-vt		100.00	exact
src/ix/streamer.cpp	ix_streamer_close_file	ix_streamer_close_file	00443A5D	0046D05D	WC1-auto-vt		100.00	exact
src/ix/streamer.cpp	ix_streamer_thread_proc	ix_streamer_thread_proc	00443B10	0046D110	WC1-auto-vt		100.00	exact
src/ix/thread.cpp	ix_thread_handle_file_chunk	ix_thread_handle_file_chunk	00443DA6	0046D3A6	WC1-auto-vt		100.00	exact
src/ix/thread.cpp	ix_thread_advance_audio_chunk	ix_thread_advance_audio_chunk	00444316	0046D916	WC1-auto-vt		100.00	exact
src/ix/thread.cpp	ix_thread_lock_stream_buffer	ix_thread_lock_stream_buffer	004445C9	0046DBC9	WC1-auto-vt		100.00	exact
src/ix/thread.cpp	ix_thread_get_audio_chunk_size	ix_thread_get_audio_chunk_size	004446A6	0046DCA6	WC1-auto-vt		100.00	exact
src/ix/thread.cpp	IxStreamFile::ix_stream_file_read	ix_stream_file_read	00444700	0046DD00	WC1-auto-vt		100.00	exact
src/ix/thread.cpp	IxStreamFile::ix_stream_file_seek	ix_stream_file_seek	00444809	0046DE09	WC1-auto-vt		100.00	exact
src/ix/thread.cpp	IxStreamFile::ix_stream_file_tell	IxStreamFile::ix_stream_file_tell	0044485B	0046DE5B	WC1-manual-verified		100.00	exact
src/ix/thread.cpp	IxStreamFile::ix_stream_file_size	ix_stream_file_size	0044487F	0046DE7F	WC1-auto-vt		100.00	exact
src/ix/thread.cpp	IxStreamFile::ix_stream_file_wait	ix_stream_file_wait	0044489B	0046DE9B	WC1-auto-vt		100.00	exact
src/ix/dsp.cpp	ix_dsp_init	ix_dsp_init	00444910	00489990	WC1-auto-vt		100.00	exact
src/ix/dsp.cpp	ix_dsp_shutdown	ix_dsp_shutdown	004449CF	00489A4F	WC1-auto-vt		100.00	exact
src/ix/dsp.cpp	ix_dsp_configure	ix_dsp_configure	00444A62	00489AE2	WC1-auto-vt		100.00	exact
src/ix/dsp.cpp	ix_dsp_open_driver	ix_dsp_open_driver	00444B25	00489BA5	WC1-auto-vt		100.00	exact
src/ix/dsp.cpp	ix_dsp_get_tick	ix_dsp_get_tick	00444BFD	00489C7D	WC1-callgraph-propagated		100.00	exact
src/ix/dsp.cpp	ix_dsp_get_flags	ix_dsp_get_flags	00444C12	00489C92	WC1-order-exact		100.00	exact
src/ix/dsp.cpp	ix_dsp_set_config_bit1	ix_dsp_set_config_bit1	00444C27	00489CA7	WC1-auto-vt		100.00	exact
src/ix/dsp.cpp	ix_dsp_set_config_bit3	ix_dsp_set_config_bit3	00444C54	00489CD4	WC1-auto-vt		100.00	exact
src/ix/dsp.cpp	ix_dsp_get_voice_count	ix_dsp_get_voice_count	00444C81	00489D01	WC1-callgraph-propagated		100.00	exact
src/ix/dsp.cpp	ix_dsp_set_voice_count	ix_dsp_set_voice_count	00444C96	00489D16	WC1-fuzzy-high		100.00	exact
src/ix/dsp.cpp	ix_dsp_get_stream_count	ix_dsp_get_stream_count	00444D18	00489D98	WC1-order-exact		100.00	exact
src/ix/dsp.cpp	ix_dsp_set_stream_count	ix_dsp_set_stream_count	00444D2D	00489DAD	WC1-fuzzy-medium		100.00	exact
src/ix/dsp.cpp	ix_dsp_get_master_volume	ix_dsp_get_master_volume	00444DAF	00489E2F	WC1-callgraph-single		100.00	exact
src/ix/dsp.cpp	ix_dsp_build_pan_tables	ix_dsp_build_pan_tables	00444E52	00489ED2	WC1-auto-vt		100.00	exact
src/ix/dsp.cpp	ix_dsp_result_to_text	ix_dsp_result_to_text	00444F97	0048A017	WC1-auto-vt		100.00	exact
src/ix/dsp.cpp	ix_dsp_alloc	ix_dsp_alloc	00445123	0048A1A3	WC1-fuzzy-high		100.00	exact
src/ix/dsp.cpp	function	ix_dsp_copy	00445140	0048A1C0	WC1-auto-vt		100.00	exact
src/ix/dsp.cpp	ix_dsp_free	ix_dsp_free	00445164	0048A1E4	WC1-callgraph-propagated		100.00	exact
src/ix/dspv.cpp	ix_dspv_clear_active	ix_dspv_clear_active	00446829	0048A299	WC1-auto-vt		100.00	exact
src/ix/dspv.cpp	ix_dspv_set_flag4	ix_dspv_set_flag4	00446956	0048A3C6	WC1-auto-vt		100.00	exact
src/ix/dspv.cpp	ix_dspv_get_position	ix_dspv_get_position	00446A2B	0048A49B	WC1-auto-vt		100.00	exact
src/ix/dspv.cpp	ix_dspv_set_position	ix_dspv_set_position	00446AA0	0048A510	WC1-auto-vt		100.00	exact
src/ix/dspv.cpp	ix_dspv_set_pan	ix_dspv_set_pan	00446B8C	0048A5FC	WC1-auto-vt		100.00	exact
src/ix/dspv.cpp	ix_dspv_set_frequency	ix_dspv_set_frequency	00446CB1	0048A721	WC1-auto-vt		100.00	exact
src/ix/dspv.cpp	ix_dspv_set_channels	ix_dspv_set_channels	00446DF5	0048A865	WC1-auto-vt		100.00	exact
src/ix/dspv.cpp	ix_dspv_recalc_mix	ix_dspv_recalc_mix	00446EBF	0048A92F	WC1-auto-vt		100.00	exact
src/ix/dsps.cpp	ix_dsps_free	ix_dsps_free	0044546B	0048ACCB	WC1-auto-vt		100.00	exact
src/ix/dsps.cpp	ix_dsps_prepare	ix_dsps_prepare	00445582	0048ADE2	WC1-auto-vt		100.00	exact
src/ix/dsps.cpp	ix_dsps_play	ix_dsps_play	004456D8	0048AF38	WC1-auto-vt		100.00	exact
src/ix/dsps.cpp	ix_dsps_stop	ix_dsps_stop	00445808	0048B068	WC1-auto-vt		100.00	exact
src/ix/dsps.cpp	ix_dsps_lock	ix_dsps_lock	00445CDB	0048B53B	WC1-auto-vt		100.00	exact
src/ix/dsps.cpp	ix_dsps_unlock	ix_dsps_unlock	00445E3C	0048B69C	WC1-auto-vt		100.00	exact
src/ix/mixer.cpp	ix_mixer_thread_proc	ix_mixer_thread_proc	00445F60	0048B7C0	WC1-auto-vt		100.00	exact
src/ix/dspv.cpp	ix_dspv_mix	ix_dspv_mix	00446F74	0048BFF8	WC1-auto-vt		100.00	exact
src/ix/lzo1x.cpp	ix_lzo1x_decompress	ix_lzo1x_decompress	004614C0	0048C290	WC1-auto-vt		100.00	exact
src/ix/lzo1x.cpp	ix_file_open	ix_file_open	00461650	0048C420	WC1-auto-vt		100.00	exact
src/ix/lzo1x.cpp	ix_file_close	ix_file_close	004616BE	0048C48E	WC1-auto-vt		100.00	exact
src/ix/lzo1x.cpp	ix_file_seek	ix_file_seek	004616DA	0048C4AA	WC1-auto-vt		100.00	exact
src/ix/lzo1x.cpp	ix_file_tell	ix_file_tell	004616FC	0048C4CC	WC1-auto-vt		100.00	exact
src/ix/lzo1x.cpp	ix_file_read	ix_file_read	00461718	0048C4E8	WC1-manual-verified		100.00	exact
src/ix/lzo1x.cpp	ix_file_size	ix_file_size	00461764	0048C534	WC1-auto-vt		100.00	exact
