source_file	source_line	wc1_address	wc2_address	source_name	mapping_name	evidence	review_flags	status
src/auto.c	12	00403E50	004228B0	visit_the_cinema	visit_the_cinema	WC1-fuzzy-very-low		mapped
src/auto.c	39	00403EE0	00422953	player_wingman	player_wingman	WC1-callgraph-propagated		mapped
src/auto.c	47	00403F10	00422990	set_speed	set_speed	WC1-callgraph-single-low		mapped
src/auto.c	54	00403F40	004229B9	auto_position	auto_position	WC1-callgraph-propagated		mapped
src/auto.c	93	00404050	00422B1C	auto_pilot_sequence	auto_pilot_sequence	WC1-callgraph-propagated		mapped
src/barracks.c	10	0041ADA0		CreateEmptySaveGameFile				unmapped
src/barracks.c	122	0041B020		EnsureSaveGameFile				unmapped
src/barracks.c	140	0041B070		InitializeBarracksAnimation				unmapped
src/barracks.c	164	0041B0E0		FreeBarracksMenuLabel				unmapped
src/barracks.c	175			SetAwakenBarracksMenuLabel				unmapped
src/barracks.c	192	0041B180		FreeBarracksMenuLabels				unmapped
src/barracks.c	215	0041B1E0		SaveGame				unmapped
src/barracks.c	306	0041B420		RunWc1TextInputPrompt				unmapped
src/barracks.c	348	0041B550	004346E9	WarnLoadGameFirst	WarnLoadGameFirst	WC1-callgraph-propagated		mapped
src/barracks.c	368	0041B5C0		SaveGameWithNamePrompt				unmapped
src/barracks.c	407	0041B710		LoadGame				unmapped
src/barracks.c	508	0041B980		LoadGameFromSlot				unmapped
src/barracks.c	547	0041BAD0		SetBunkMenuLabel				unmapped
src/barracks.c	562	0041BB20		GetBunkInfo				unmapped
src/barracks.c	589	0041BBD0	0046138D	DrawBarracksBunks	SceneRoutine02	WC1-callgraph-propagated		mapped
src/barracks.c	617	0041BC90		DrawBarracksStaticDetails				unmapped
src/barracks.c	627	0041BCE0		AnimateWc1Barracks				unmapped
src/barracks.c	711	0041BF10	00434F7D	ConfirmQuitWingCommander	ConfirmQuitWingCommander	WC1-callgraph-propagated		mapped
src/barracks.c	727	0041BF60	00436722	ConfirmAwakenAfterBadData	ConfirmAwakenAfterBadData	WC1-callgraph-propagated		mapped
src/barracks.c	747	0041BFE0	0043641C	ConfirmReplaceFaultyData	ConfirmReplaceFaultyData	WC1-callgraph-propagated		mapped
src/barracks.c	771	0041C090	00418DAA	HandleBarracksBunkSelection	GetNavFnC090	WC1-callgraph-propagated		mapped
src/barracks.c	804	0041C140		UpdateBarracksScreen				unmapped
src/barracks.c	813	0041C170	00419831	BarracksScreen	BarracksScreen	WC1-callgraph-propagated		mapped
src/barracks.c	837	0041C090	00418DAA	RunCampaignSelectionFrame	RunCampaignSelectionFrame	WC2-manual-verified		mapped
src/barracks.c	949	0041C510	004225A0	StepPaletteTransition	StepPaletteTransition	WC1-fuzzy-very-low		mapped
src/barracks.c	991	0041C170	00419831	BarracksScreen	BarracksScreen	WC2-manual-verified		mapped
src/barracks.c	1029	0041C740	00446910	DosStrcat	DosStrcat	WC1-callgraph-propagated		mapped
src/brains.c			00460650	UpdateTargetCameraObject	UpdateTargetCameraObject	WC2-only		wc2-only
src/brains.c	0		00441837	ShipAiState47	ShipAiState47	WC2-only		wc2-only
src/brains.c	0		00441895	ShipAiState28	ShipAiState28	WC2-only		wc2-only
src/brains.c	0		004418B2	ShipAiState46	ShipAiState46	WC2-only		wc2-only
src/brains.c	0		00442438	ShipAiState3	ShipAiState3	WC2-only		wc2-only
src/brains.c	0		00442455	ShipAiState45	ShipAiState45	WC2-only		wc2-only
src/brains.c	0		0044B48F	ApplyAlternateShipType	ApplyAlternateShipType	WC2-only		wc2-only
src/brains.c	0		0044B83C	LoadAlternateShipType	LoadAlternateShipType	WC2-only		wc2-only
src/brains.c	0		0044BE84	FindObjectResourceSlot	FindObjectResourceSlot	WC2-only		wc2-only
src/brains.c	15		00440490	HandleUnsupportedManeuver	HandleUnsupportedManeuver	WC2-only		wc2-only
src/brains.c	23		004404CC	BeginShipCloak	BeginShipCloak	WC2-only		wc2-only
src/brains.c	36		00440549	ResetShipCloakState	ResetShipCloakState	WC2-only		wc2-only
src/brains.c	43	004060A0	00440606	SetShipAiScratchWord	HelperOf4075D0A	WC1-callgraph-single		mapped
src/brains.c	49	004060B0	0044061B	maneuver_complete	maneuver_complete	WC1-fuzzy-low		mapped
src/brains.c	56	004060D0	00440642	Mline_up_drop	Mline_up_drop	WC1-fuzzy-low		mapped
src/brains.c	72	00406130	004406BA	Mwabble	ShipAiState13	WC1-fuzzy-followup		mapped
src/brains.c	100	004061E0	004407B0	advance	advance	WC1-order-exact		mapped
src/brains.c	111	00406200	004407DA	ShipAiState35	ShipAiState35	WC1-order-exact		mapped
src/brains.c	154	00406310	004407F7	Mfull_ahead	Mfull_ahead	WC1-order-exact		mapped
src/brains.c	170	00406350	00440814	Mchill	Mchill	WC1-order-exact		mapped
src/brains.c	185	004063B0	00440831	Mdrop_a_mine	Mdrop_a_mine	WC1-order-exact		mapped
src/brains.c	203	00406400	0044084E	Mthink	Mthink	WC1-order-exact		mapped
src/brains.c	217	00406440	0044086B	Mtight_loop	Mtight_loop	WC1-fuzzy-very-low		mapped
src/brains.c	245	004064F0	00440967	Mhard_break	Mhard_break	WC1-fuzzy-followup		mapped
src/brains.c	273	004065A0	00440A93	Msit_n_spin	Msit_n_spin	WC1-fuzzy-followup		mapped
src/brains.c	342	004067A0	00440D0B	Mturn_n_spin	Mturn_n_spin	WC1-fuzzy-followup		mapped
src/brains.c	376	00406860	00440E46	Mburnout	ShipAiState12	WC1-callgraph-propagated		mapped
src/brains.c	399	004068D0	00440F01	Mkickit	Mkickit	WC1-manual-verified		mapped
src/brains.c	415	00406910	00440F76	Mturn_n_kick	Mturn_n_kick	WC1-order-exact		mapped
src/brains.c	438	00406990	004410C0	Mroll_over	Mroll_over	WC1-manual-verified		mapped
src/brains.c	452	004069F0	00441146	Mhard_turn	Mhard_turn	WC1-callgraph-propagated		mapped
src/brains.c	469	00406A50	004411E1	Mfish_hook	Mfish_hook	WC1-fuzzy-followup		mapped
src/brains.c	511	00406B60	00441379	Mtry2tail	Mtry2tail	WC1-order-exact		mapped
src/brains.c	525	00406BD0	0044145A	Msplit_left	Msplit_left	WC1-order-exact		mapped
src/brains.c	540	00406C20	0044151B	Msplit_right	Msplit_right	WC1-order-exact		mapped
src/brains.c	555	00406C70	004415DC	Mgloat	ShipAiState25	WC1-fuzzy-followup		mapped
src/brains.c	580	00406D20	004416D5	Mtail_fire	Mtail_fire	WC1-manual-verified		mapped
src/brains.c	591	00406D80	00441742	Mzip_past	Mzip_past	WC1-manual-verified		mapped
src/brains.c	612	00406E10	00441C01	Mtarget_missile	Mtarget_missile	WC1-callgraph-propagated		mapped
src/brains.c	668	00406EC0	0044199B	Mram_missile	Mram_missile	WC1-fuzzy-low		mapped
src/brains.c	681	00406F20	00441A13	Mbuzz_debris	Mbuzz_debris	WC1-fuzzy-followup		mapped
src/brains.c	708	00406FB0	00441AFC	Mstrafe_enemy	Mstrafe_enemy	WC1-order-exact		mapped
src/brains.c	726	00407030	00441BC1	Mbest_strafe	Mbest_strafe	WC1-fuzzy-very-low		mapped
src/brains.c	736	00407060	00441D00	Msit_n_fire	Msit_n_fire	WC1-fuzzy-very-low		mapped
src/brains.c	755	004070D0	00441D71	Mstrafe_n_roll	Mstrafe_n_roll	WC1-fuzzy-very-low		mapped
src/brains.c	765	00407100	00441DB3	Mkill_missile	Mkill_missile	WC1-fuzzy-very-low		mapped
src/brains.c	788	004071B0	00441E9C	Msuicide_run	Msuicide_run	WC1-order-exact		mapped
src/brains.c	801	004071E0	00441EC8	Mget_distance	Mget_distance	WC1-fuzzy-low		mapped
src/brains.c	820	00407270	00441F86	general_zig	general_zig	WC1-callgraph-propagated		mapped
src/brains.c	853	00407350	0044210C	Mzig_zag	Mzig_zag	WC1-callgraph-single		mapped
src/brains.c	859	00407370	00442129	Mzig_zag_pitch	Mzig_zag_pitch	WC1-fuzzy-low		mapped
src/brains.c	865	00407390	00442146	Mcorkscrew	ShipAiState38	WC1-fuzzy-very-low		mapped
src/brains.c	891	00407450	00442252	Mveer_away	Mveer_away	WC1-fuzzy-followup		mapped
src/brains.c	928	00407560	004423E2	ShipAiState44	ShipAiState44	WC1-callgraph-single-low		mapped
src/brains.c	935	00407580	00442404	Mtarget_laser	Mtarget_laser	WC1-manual-verified		mapped
src/brains.c	941	004075A0	00442421	Mrout_me	Mrout_me	WC1-manual-verified		mapped
src/brains.c	947	004075B0	004424C2	Mnone	Mnone	WC1-manual-verified		mapped
src/brains.c	953	004075C0	004424CD	Mreset	ShipAiState03	WC1-fuzzy-followup		mapped
src/brains.c	959	004075D0	004424E4	perform_maneuver	perform_maneuver	WC1-fuzzy-followup		mapped
src/brains.c	1108	00407710	00447170	GetShapeFrameExtent	GetShapeFrameExtent	WC1-fuzzy-followup		mapped
src/brains.c	1119	00407750		AnimateScrambleWalk				unmapped
src/brains.c	1296	00407C90		DrawScrambleActor				unmapped
src/brains.c	1355	00407D90		ConfigureScrambleActor				unmapped
src/brains.c	1377	00407E10		DrawScrambleFrame				unmapped
src/brains.c	1512	00408200		scramble				unmapped
src/brains.c	1671	00408650		landing				unmapped
src/brains.c	1859	00408B30		funeral_player				unmapped
src/brains.c	1936	00408D50		funeral_wingman				unmapped
src/brains.c	1959	00408DE0		RunWc1FuneralSequence				unmapped
src/brains.c	2249	004094E0	00409C1A	RunCampaignGameLoop	RunCampaignGameLoop	WC1-manual-verified		mapped
src/brains.c	2368		0040A27A	LoadStartingCampaignGlobals	LoadStartingCampaignGlobals	WC2-only		wc2-only
src/brains.c	2368		00409850	InitializeNewPilotCampaign	InitializeNewPilotCampaign	WC2-only		wc2-only
src/brains.c	2377		0040A2A3	RunSelectedCampaign	RunSelectedCampaign	WC2-only		wc2-only
src/brains.c	2383	00409760	00442770	cruise_home	cruise_home	WC1-fuzzy-very-low		mapped
src/brains.c	2425	004098C0		fail				unmapped
src/brains.c	2431	004098D0		coming_home				unmapped
src/brains.c	2461	004099C0	00442B78	run_away	run_away	WC1-fuzzy-low		mapped
src/brains.c	2491	00409AC0	00442CC3	check_engage_target	check_engage_target	WC1-callgraph-propagated		mapped
src/brains.c	2503	00409B10	00442D58	check_destroy_target	check_destroy_target	WC1-fuzzy-followup		mapped
src/brains.c	2534	00409C20	00442EFC	maneuvering	maneuvering	WC1-callgraph-propagated		mapped
src/brains.c	2542	00409C50	00442F2D	formation_burst	formation_burst	WC1-callgraph-propagated		mapped
src/brains.c	2559	00409CE0	00442FE9	disallow_engage	disallow_engage	WC1-callgraph-single-low		mapped
src/brains.c	2565	00409CF0	00442FFD	allow_engage	allow_engage	WC1-fuzzy-medium		mapped
src/brains.c	2572	00409D10	0044301A	try2allow_engage	try2allow_engage	WC1-fuzzy-followup		mapped
src/brains.c	2607	00409D60	00443095	imperial_formation	imperial_formation	WC1-fuzzy-low		mapped
src/brains.c	2652	00409F00	004432EB	formation_break	formation_break	WC1-callgraph-propagated		mapped
src/brains.c	2674	00409F80	004433B1	imperial_wingman	imperial_wingman	WC1-fuzzy-followup		mapped
src/brains.c	2699	0040A030	00443499	kilrathi_wingman	kilrathi_wingman	WC1-fuzzy-very-low		mapped
src/brains.c	2739	0040A130	00443631	wingman_mission	wingman_mission	WC1-manual-verified		mapped
src/brains.c	2749	0040A160	0044366D	dist_from_home	dist_from_home	WC1-callgraph-single-low		mapped
src/brains.c	2755	0040A180	00443698	scan_and_lock	scan_and_lock	WC1-callgraph-propagated		mapped
src/brains.c	2764	0040A1C0	00443707	patrol_area	patrol_area	WC1-fuzzy-followup		mapped
src/brains.c	2813	0040A360	00443930	kilrathi_patrol	kilrathi_patrol	WC1-manual-verified		mapped
src/brains.c	2837	0040A400		imperial_wingleader				unmapped
src/brains.c	2843	0040A410	00443A08	cruise_to_destination	cruise_to_destination	WC1-fuzzy-followup		mapped
src/brains.c	2929	0040A540	00443C45	prepare_for_jump	prepare_for_jump	WC1-fuzzy-low		mapped
src/brains.c	2957	0040A630	00443D6E	accelerate_and_jump	accelerate_and_jump	WC1-manual-verified		mapped
src/brains.c	2965	0040A670	00443DBD	reach_warp	reach_warp	WC1-fuzzy-low		mapped
src/brains.c	2988	0040A710	00443EE9	warp_arrival	warp_arrival	WC1-fuzzy-very-low		mapped
src/brains.c	2997	0040A740	00443F28	return_to_buddy	return_to_buddy	WC1-fuzzy-followup		mapped
src/brains.c	3009	0040A7A0	00443FA2	escort_buddy	escort_buddy	WC1-fuzzy-low		mapped
src/brains.c	3017	0040A7D0	00443FE4	escort_mission	escort_mission	WC1-fuzzy-followup		mapped
src/brains.c	3054	0040A900	00444199	check_goal	check_goal	WC1-fuzzy-followup		mapped
src/brains.c	3063	0040A940	004441E5	streak_toward	streak_toward	WC1-fuzzy-low		mapped
src/brains.c	3078	0040A9B0	00444291	approach_and_engage	approach_and_engage	WC1-fuzzy-followup		mapped
src/brains.c	3109	0040AAC0	00444420	strike_mission	strike_mission	WC1-order-exact		mapped
src/brains.c	3147	0040ABB0	004446C9	return_to_master	return_to_master	WC1-fuzzy-followup		mapped
src/brains.c	3159	0040AC00	0044472C	defend_mission	defend_mission	WC1-fuzzy-followup		mapped
src/brains.c	3206	0040AD80	00444966	rendezvous_mission	rendezvous_mission	WC1-fuzzy-followup		mapped
src/brains.c	3222		00443E8C	split_patrol_mission	split_patrol_mission	WC2-only		wc2-only
src/brains.c	3240	0040AE80	00444ADC	ship_intelligence	ship_intelligence	WC1-fuzzy-followup		mapped
src/brains.c	3292	0040AF70	00444C80	orbit_sphere	orbit_sphere	WC1-fuzzy-followup		mapped
src/brains.c	3310	0040B010	00444D5C	tanker_intelligence	tanker_intelligence	WC1-fuzzy-very-low		mapped
src/brains.c	3332	0040B0C0	00444E51	destroyer_intelligence	destroyer_intelligence	WC1-callgraph-propagated		mapped
src/brains.c	3344	0040B110	00444EA7	stationary_intelligence	stationary_intelligence	WC1-manual-verified		mapped
src/brains.c	3353	0040B140	00445AAC	capital_ship_intelligence	capital_ship_intelligence	WC1-manual-verified		mapped
src/brains.c	3418	0040B320	00445D9A	futurion_intelligence	futurion_intelligence	WC1-fuzzy-low		mapped
src/brains.c	3438	0040B3A0	00446474	mine_intelligence	mine_intelligence	WC1-fuzzy-low		mapped
src/brains.c	3460	0040B430	00445E68	heat_seeking_missile_intelligence	heat_seeking_missile_intelligence	WC1-callgraph-propagated		mapped
src/brains.c	3522	0040B570	00446133	FF_missile_intelligence	FF_missile_intelligence	WC1-callgraph-propagated		mapped
src/brains.c	3560	0040B670	0044B200	set_sphere_point	set_sphere_point	WC1-callgraph-propagated		mapped
src/brains.c	3569	0040B6A0	0044B239	is_alive	is_alive	WC1-order-exact		mapped
src/brains.c	3589	0040B700	0044B257	check_futurion	check_futurion	WC1-fuzzy-medium		mapped
src/brains.c	3609	0040B730	0044B2E2	init_mission	init_mission	WC1-callgraph-propagated		mapped
src/brains.c	3612		00444F53	SpawnCapitalFlakProjectile	SpawnCapitalFlakProjectile	WC2-only		wc2-only
src/brains.c	3629		0044B29D	ResetWeaponDisplayPositions	ResetWeaponDisplayPositions	WC2-only		wc2-only
src/brains.c	3635	0040B7A0	0044BA73	prepare_mission	prepare_mission	WC1-order-semantics-verified		mapped
src/brains.c	3649		00445087	capital_ship_strike_mission	capital_ship_strike_mission	WC2-only		wc2-only
src/brains.c	3764	0040B940	0044BCF7	release_all_capital_ship_shapes	release_all_capital_ship_shapes	WC1-manual-verified		mapped
src/brains.c	3781	0040B990	0044BD83	release_capital_ship_shapes	release_capital_ship_shapes	WC1-manual-verified		mapped
src/brains.c	3800	0040B9F0	0044BEE5	load_ship	load_ship	WC1-manual-verified		mapped
src/brains.c	3929	0040BC70	0044C796	free_ship	free_ship	WC1-manual-verified		mapped
src/brains.c	4002	0040BE20	0044CC84	free_all_slots	free_all_slots	WC1-manual-verified		mapped
src/brains.c	4027	0040BE60	0044CCE1	load_all_slots	load_all_slots	WC1-manual-verified		mapped
src/brains.c	4068	0040BEA0	0044CDCF	remove_nav_point_objects	remove_nav_point_objects	WC1-manual-verified		mapped
src/brains.c	4085	0040BEC0	0044CE0A	get_shape_slot	get_shape_slot	WC1-manual-verified		mapped
src/brains.c	4107	0040BEF0	0044CE68	shape_loaded	shape_loaded	WC1-manual-verified		mapped
src/brains.c	4130	0040BF20	0044CEC8	shape_needed	shape_needed	WC1-manual-verified		mapped
src/brains.c	4132		00446395	chaff_intelligence	chaff_intelligence	WC2-only		wc2-only
src/brains.c	4156	0040BF50	0044CF2D	new_sphere_shapes	new_sphere_shapes	WC1-manual-verified		mapped
src/brains.c	4298	0040C150		free_pilot_talk				unmapped
src/brains.c	4307		0044D0C7	ProcessMissionWaveCommands	ProcessMissionWaveCommands	WC2-only		wc2-only
src/brains.c	4317	0040C1C0	00434043	get_pilot_talk	get_pilot_talk	WC1-callgraph-propagated		mapped
src/brains.c	4349	0040C2B0		init_personalities				unmapped
src/brains.c	4379	0040C350	0044D72E	room_for_me	room_for_me	WC1-order-semantics-verified		mapped
src/brains.c	4399	0040BFF0	0044D35D	set_up_action_sphere	set_up_action_sphere	WC1-manual-verified		mapped
src/brains.c	4406	0040C360	0044D81F	place_ship_near_player_until_valid	place_ship_near_player_until_valid	WC1-fuzzy-low		mapped
src/brains.c	4469	0040C4A0	0044D9E2	sub_int_vector	sub_int_vector	WC1-manual-verified		mapped
src/brains.c	4482	0040C4E0	0044DA2F	set_formation_position	ScanTbl0046c97bFnC4E0	WC1-fuzzy-followup		mapped
src/brains.c	4517	0040C5E0	0044DB7E	Set_up_ship_info	SetTbl0059dd90FnC5E0	WC1-callgraph-propagated		mapped
src/brains.c	4554	0040C740	0044E028	is_team_member	is_team_member	WC1-order-semantics-verified		mapped
src/brains.c	4582	0040C780	0044E09C	find_next_ship_turn_slot	find_next_ship_turn_slot	WC1-order-semantics-verified		mapped
src/brains.c	4633	0040C800	0044E187	init_ship	GetTbl0046c96aFnC800	WC1-callgraph-propagated		mapped
src/brains.c	4634	0040C3C0	0044D888	set_up_next_wave	set_up_next_wave	WC1-callgraph-propagated		mapped
src/brains.c	4673	0040C950	0044E44F	init_intelligence_data	DispatchTbl0059d4b0FnC950	WC1-callgraph-propagated		mapped
src/brains.c	4731	0040CAA0	0044F1F0	SampleBothJoysticks	HelperOf431A10A	WC1-callgraph-single		mapped
src/brains.c	4744	0040CAE0	0044F247	SampleJoystickDevice	SampleJoystickDevice	WC1-manual-verified		mapped
src/brains.c	4763	0040CB30		SampleActiveJoystickDevice				unmapped
src/brains.c	4776	0040CB60	0044FA70	DrawNavTextLine	DrawNavTextLine	WC1-fuzzy-followup		mapped
src/brains.c	4800	0040CBB0	0044FADA	SetNavMapCoordinateScaling	SetNavMapCoordinateScaling	WC1-callgraph-propagated		mapped
src/brains.c	4806	0040CBC0	0044FAEF	ScaleNavMapMarkerSize	ScaleNavMapMarkerSize	WC1-manual-verified		mapped
src/brains.c	4812	0040CBE0	0044FB19	ScaleNavMapCoordinates	ScaleNavMapCoordinates	WC1-fuzzy-medium		mapped
src/brains.c	4821	0040CC30	0044FB68	nav_getxy	nav_getxy	WC1-fuzzy-low		mapped
src/brains.c	4833	0040CC80	0044FBC8	CheckPoint	CheckPoint	WC1-fuzzy-low		mapped
src/brains.c	4846	0040CCF0	0044FC37	IncludeNavMapWorldPoint	IncludeNavMapWorldPoint	WC1-fuzzy-followup		mapped
src/brains.c	4856	0040CD30	0044FC6D	SetScale	SetScale	WC1-fuzzy-followup		mapped
src/brains.c	4909	0040CED0	0044FE9F	Build_objective_list	Build_objective_list	WC1-fuzzy-very-low		mapped
src/cdrom.c	9	00403100		AllocateFontWorkspace				unmapped
src/cdrom.c	38	00403180		FreeFontWorkspace				unmapped
src/cdrom.c	52	004031C0	00456123	LocateStreamsDirOnDisc	LocateStreamsDirOnDisc	WC1-callgraph-transfer		mapped
src/cdrom.c	84	00403290	00456236	FindCdRomDriveByVolumeLabel	FindCdRomDriveByVolumeLabel	WC1-fuzzy-medium		mapped
src/cdrom.c	133	004033E0	004563A3	SetCurrentDirOnDrive	SetCurrentDirOnDrive	WC1-fuzzy-medium		mapped
src/cdrom.c	149	00403450	00456443	PromptInsertCorrectCd	PromptInsertCorrectCd	WC1-auto-vt		mapped
src/cdrom.c	168	004034D0	0045A010	OpenDataFileOrDie	OpenDataFileOrDie	WC1-auto-vt		mapped
src/cmpgn.c	0		00424EA7	clean_up_cockpit	clean_up_cockpit	WC2-only		wc2-only
src/cmpgn.c	0		0044EA50	ClearTransientObjectsForEjection	ClearTransientObjectsForEjection	WC2-only		wc2-only
src/cmpgn.c	0		0044EB4E	FlagCurrentNavObjectivesReached	FlagCurrentNavObjectivesReached	WC2-only		wc2-only
src/cmpgn.c	71	00404610	00459BC8	LoadPaletteTripletsFile	LoadPaletteTripletsFile	WC1-fuzzy-very-low		mapped
src/cmpgn.c	103	004046A0	0044EBCA	ejection_sequence	ejection_sequence	WC1-callgraph-propagated		mapped
src/cmpgn.c	271	00404BE0		RunWc1StrandedSequence				unmapped
src/cmpgn.c	307	00404CD0		ParseFaceAnimation				unmapped
src/cmpgn.c	345	00404D70		ParseMouthAnimation				unmapped
src/cmpgn.c	382	00404E10		AddPCName				unmapped
src/cmpgn.c	470	004050B0	004099A8	LoadFace	LoadFace	WC1-callgraph-propagated		mapped
src/cmpgn.c	471		004098F2	RunCampaignContinuePromptLoop	RunCampaignContinuePromptLoop	WC2-only		wc2-only
src/cmpgn.c	499		004099A8	PromptToContinueCampaign	PromptToContinueCampaign	WC2-only		wc2-only
src/cmpgn.c	536	00405290		LongTalk				unmapped
src/cmpgn.c	629	004054B0	004098F2	CloseTalk	CloseTalk	WC1-callgraph-propagated		mapped
src/cmpgn.c	689	00405660		Briefing				unmapped
src/cmpgn.c	710	004056F0	00424D4D	DeBriefing	DeBriefing	WC1-fuzzy-very-low		mapped
src/cmpgn.c	754		00424E8C	MarkPilotDead	MarkPilotDead	WC2-only		wc2-only
src/cmpgn.c	761		004251F2	CompleteStarSystemJump	CompleteStarSystemJump	WC2-only		wc2-only
src/cmpgn.c	795	00405910		LoadBriefingData				unmapped
src/cmpgn.c	827	004059B0	004401C0	LoadMissionData	LoadMissionData	WC2-manual-verified		mapped
src/cmpgn.c	837	00405840		RunWc1OfficeScene				unmapped
src/cmpgn.c	872		00409B80	ReleaseSpaceflightResources	ReleaseSpaceflightResources	WC2-only		wc2-only
src/cmpgn.c	1018	00405CC0	0042ECCB	UpdateMap	UpdateMap	function order; parameter shape; unique BriefingMap_DisplayMap caller; scanner helper anchors; assembly control flow		mapped
src/cmpgn.c	1046	00405DE0		CloseLook				unmapped
src/cockpt.c	0		0043D9AB	DismissHudMessageIfShowing	DismissHudMessageIfShowing	WC2-only		wc2-only
src/cockpt.c	0		0043E101	FindNearestMissileTargetingObject	FindNearestMissileTargetingObject	WC2-only		wc2-only
src/cockpt.c	112	00413A10	00420340	EmitTextString	EmitTextString	WC1-manual-verified		mapped
src/cockpt.c	124	00413A40	00420378	FormatTextTokens	FormatTextTokens	WC1-auto-vt		mapped
src/cockpt.c	411	00413C40	0042067F	DrawFormattedText	DrawFormattedText	manual-verified		mapped
src/cockpt.c	456	00413C70		FormatTextBufferFromStart				unmapped
src/cockpt.c	479	00413CB0	004206F2	AppendFormattedText	AppendFormattedText	manual-verified		mapped
src/cockpt.c	518		00438020	ShowPlayerEjectionSequence	ShowPlayerEjectionSequence	WC2-only		wc2-only
src/cockpt.c	518	00413CE0	004380B0	FatalErrorAndExit	HelperOf428F80A	WC1-auto-vt		mapped
src/cockpt.c	532		00438080	ShowPlayerStrandingSequence	ShowPlayerStrandingSequence	WC2-only		wc2-only
src/cockpt.c	536	00413D20	004380FD	IsCockpitExplosionActive	IsCockpitExplosionActive	WC1-manual-verified		mapped
src/cockpt.c	542	00413D40	00438129	EraseCockpitReadoutRegion	EraseCockpitReadoutRegion	WC1-fuzzy-medium		mapped
src/cockpt.c	559	00413DA0	00438194	vdu_polygon	vdu_polygon	WC1-fuzzy-very-low		mapped
src/cockpt.c	658	00413F70	00438454	InitializeCockpitReadout	InitializeCockpitReadout	WC1-callgraph-propagated		mapped
src/cockpt.c	669	00413FB0	004384AD	DrawCockpitReadout	DrawCockpitReadout	WC1-fuzzy-followup		mapped
src/cockpt.c	689	00414050		EraseCockpitReadoutAtPosition				unmapped
src/cockpt.c	702	004140A0	004385B3	DrawHudMessageSlot	DrawHudMessageSlot	WC1-fuzzy-very-low		mapped
src/cockpt.c	736	00414180	00438711	ClearHudMessageSlot	ClearHudMessageSlot	WC1-order-exact		mapped
src/cockpt.c	759	004141B0	004387A7	ClearHudMessageIfMatching	ClearHudMessageIfMatching	WC1-fuzzy-followup		mapped
src/cockpt.c	766	004141D0	004387CD	ClearHudGunReadouts	ClearHudGunReadouts	WC1-manual-verified		mapped
src/cockpt.c	775	004141F0	004387FA	SetHudMessageSlot	SetHudMessageSlot	WC1-manual-verified		mapped
src/cockpt.c	791	00414240	00438864	UpdateMessage	UpdateMessage	WC1-fuzzy-low		mapped
src/cockpt.c	803	00414270	004388B6	set_global_message	set_global_message	WC1-manual-verified		mapped
src/cockpt.c	813	004142B0	004388F5	CockpitMessage	CockpitMessage	WC1-manual-verified		mapped
src/cockpt.c	821	004142E0	0043893F	remove_message	remove_message	WC1-callgraph-propagated		mapped
src/cockpt.c	827	00414300	0043895F	kilrathi_near	kilrathi_near	WC1-fuzzy-very-low		mapped
src/cockpt.c	859		004389FE	IsMissionObjectiveOutOfSystem	IsMissionObjectiveOutOfSystem	WC2-only		wc2-only
src/cockpt.c	887	00414380	00438ADD	auto_pilot_valid	auto_pilot_valid	WC1-callgraph-propagated		mapped
src/cockpt.c	958	00414410	00438CEB	reset_cockpit	reset_cockpit	WC1-manual-verified		mapped
src/cockpt.c	977	00414440	00438D30	SetCockpitLightBlink	SetCockpitLightBlink	WC1-fuzzy-medium		mapped
src/cockpt.c	1007	00414490	00438DAD	draw_cockpit_lights	draw_cockpit_lights	WC1-fuzzy-very-low		mapped
src/cockpt.c	1061	004145B0	00438F62	update_lights	update_lights	WC1-fuzzy-low		mapped
src/cockpt.c	1091	00414690	00439076	update_bars	update_bars	WC1-fuzzy-followup		mapped
src/cockpt.c	1127	004147E0	00439264	get_mode	get_mode	WC1-callgraph-propagated		mapped
src/cockpt.c	1134	00414800	0043928E	set_mode	set_mode	WC1-manual-verified		mapped
src/cockpt.c	1143	00414850	004392F1	SetVduModeIfChanged	SetVduModeIfChanged	WC1-manual-verified		mapped
src/cockpt.c	1154	00414890	0043934D	GetVduModeStackDepth	GetVduModeStackDepth	WC1-callgraph-single-low		mapped
src/cockpt.c	1160	004148A0	00439369	push_mode	push_mode	WC1-manual-verified		mapped
src/cockpt.c	1169	004148E0	004393B3	pop_mode	pop_mode	WC1-manual-verified		mapped
src/cockpt.c	1176	00414910	004393E1	set_new_vdu	set_new_vdu	WC1-fuzzy-followup		mapped
src/cockpt.c	1190	00414980	004394A0	update_vid_disp	update_vid_disp	WC1-manual-verified		mapped
src/cockpt.c	1201	004149C0	00439500	InvalidateVduMode	DebugNoBodyStub	WC1-callgraph-propagated		mapped
src/cockpt.c	1207	004149E0	0043951A	clear_message_time	clear_message_time	WC1-manual-verified		mapped
src/cockpt.c	1213	004149F0	0043952E	message_showing	GetCombatFn49F0	WC1-callgraph-propagated		mapped
src/cockpt.c	1219	00414A10	00439559	set_message_time	set_message_time	WC1-manual-verified		mapped
src/cockpt.c	1230	00414A20	00439588	check_message	GetCombatFn4A20	WC1-callgraph-propagated		mapped
src/cockpt.c	1282	00414A50	004396BF	update_digital_readouts	update_digital_readouts	WC1-fuzzy-medium		mapped
src/cockpt.c	1314	00414AD0		PlayTargetLockSfx				unmapped
src/cockpt.c	1320	00414AE0	00439753	malf_sound	malf_sound	WC1-callgraph-propagated		mapped
src/cockpt.c	1333	00414AF0	00439789	malf	malf	WC1-fuzzy-followup		mapped
src/cockpt.c	1347	00414B20	004397D5	vdu_malf	vdu_malf	WC1-manual-verified		mapped
src/cockpt.c	1365	00414B70	0043984F	ShowComponentHitHudMessage	ShowComponentHitHudMessage	WC1-fuzzy-medium		mapped
src/cockpt.c	1381	00414BF0	004398CB	damage_your_component	damage_your_component	WC1-fuzzy-medium		mapped
src/cockpt.c	1402	00414CB0	004399C6	RemovePlayerReleaseWeapon	RemovePlayerReleaseWeapon	WC1-fuzzy-low		mapped
src/cockpt.c	1448	00414D50	00439A5A	fire_computer_graphic_missile	fire_computer_graphic_missile	WC1-fuzzy-low		mapped
src/cockpt.c	1494	00414EA0	00439BB7	show_weapon_disp	show_weapon_disp	WC1-callgraph-propagated		mapped
src/cockpt.c	1567	00415040	00439F5F	update_status_text	update_status_text	WC1-order-exact		mapped
src/cockpt.c	1650	00415050	0043A1EB	sighted	sighted	WC1-manual-verified		mapped
src/cockpt.c	1656	00415070	0043A21E	visited	visited	WC1-manual-verified		mapped
src/cockpt.c	1662	00415090	0043A251	achieved	achieved	WC1-order-exact		mapped
src/cockpt.c	1673	004150B0	0043A29E	flag_objective	flag_objective	WC1-order-exact		mapped
src/cockpt.c	1679	004150D0	0043A2CD	DrawCalculatingLabel	DrawCalculatingLabel	WC1-fuzzy-followup		mapped
src/cockpt.c	1714	00415130	0043A374	objective_name	objective_name	WC1-fuzzy-very-low		mapped
src/cockpt.c	1725	00415180	0043A3F8	show_navigation_disp	show_navigation_disp	WC1-fuzzy-very-low		mapped
src/cockpt.c	1738	004151F0	0043A474	hidden_objective	hidden_objective	WC1-callgraph-propagated		mapped
src/cockpt.c	1771	004152C0	0043A75E	set_new_objective	set_new_objective	WC1-callgraph-propagated		mapped
src/cockpt.c	1799	00415370	0043A851	cycle_next_objective	cycle_next_objective	WC1-fuzzy-low		mapped
src/cockpt.c	1830	004153D0	0043A8EA	set_next_destination	set_next_destination	WC1-order-exact		mapped
src/cockpt.c	1856	00415470	0043A9D7	LocateMobileObjective	LocateMobileObjective	WC1-callgraph-propagated		mapped
src/cockpt.c	1869	004154C0	0043AA3F	is_any_ship_returning_to_current_nav_point	is_any_ship_returning_to_current_nav_point	WC1-order-exact		mapped
src/cockpt.c	1883	00415510	0043AAC3	escorting_a_ship	escorting_a_ship	WC1-callgraph-single-low		mapped
src/cockpt.c	1893	00415530	0043AAFF	flag_reached	flag_reached	WC1-fuzzy-followup		mapped
src/cockpt.c	1945	004156D0	0043AD61	check_sighting	check_sighting	WC1-fuzzy-very-low		mapped
src/cockpt.c	1954	00415720	0043ADC4	check_visit	check_visit	WC1-fuzzy-very-low		mapped
src/cockpt.c	1968	00415770	0043AE2F	update_objective_location	update_objective_location	WC1-callgraph-propagated		mapped
src/cockpt.c	1994	00415850	0043AFD3	objective_lost	objective_lost	WC1-manual-verified		mapped
src/cockpt.c	2012	004158A0	0043B089	check_objectives	check_objectives	WC1-fuzzy-low		mapped
src/cockpt.c	2026	004158F0	0043B0EB	rotational_pos_to_scanner_pos	rotational_pos_to_scanner_pos	WC1-fuzzy-low		mapped
src/cockpt.c	2067	00415A30	0043B1F0	mobile_objective	mobile_objective	WC1-manual-verified		mapped
src/cockpt.c	2077	00415A70	0043B258	ResetScannerContacts	ResetScannerContacts	WC1-manual-verified		mapped
src/cockpt.c	2094	00415A90	0043B29D	clear_head_up_display	clear_head_up_display	WC1-fuzzy-very-low		mapped
src/cockpt.c	2130	00415B70	0043B4CF	set_objective_range	set_objective_range	WC1-fuzzy-followup		mapped
src/cockpt.c	2150	00415C00	0043B61F	get_color	get_color	WC1-manual-verified		mapped
src/cockpt.c	2184	00415CE0	0043B7C0	draw_3d_scanner	draw_3d_scanner	function order; parameter shape; unique BriefingMap_DisplayMap caller; scanner helper anchors; assembly control flow		mapped
src/cockpt.c	2244		0043B570	AdjustScannerContactColourForRange	AdjustScannerContactColourForRange	WC2-only		wc2-only
src/cockpt.c	2277	00415FC0	0043BE1B	start_lock	start_lock	WC1-fuzzy-followup		mapped
src/cockpt.c	2287	00415FF0	0043BE55	starting_lock	starting_lock	WC1-fuzzy-very-low		mapped
src/cockpt.c	2297	00416010	0043BE8D	lock_off	lock_off	WC1-fuzzy-very-low		mapped
src/cockpt.c	2320	00416040	0043BEFF	CheckTargetLockMalfunction	CheckTargetLockMalfunction	WC1-fuzzy-very-low		mapped
src/cockpt.c	2336	00416090	0043BF67	decrement_lock_time	decrement_lock_time	WC1-fuzzy-very-low		mapped
src/cockpt.c	2359	00416120	0043C048	target_locking	target_locking	WC1-callgraph-propagated		mapped
src/cockpt.c	2419	00416220	0043C30D	SetRectBounds	DoLocalFn6220	WC1-callgraph-propagated		mapped
src/cockpt.c	2429	00416250	0043C344	GetRectHeight	GetRectHeight	WC1-manual-verified		mapped
src/cockpt.c	2435	00416260	0043C364	print_message_text	print_message_text	WC1-manual-verified		mapped
src/cockpt.c	2529		0043C5B0	RestoreHudMessageBackground	RestoreHudMessageBackground	WC2-only		wc2-only
src/cockpt.c	2549	00416460	0043C570	ShowHudTextLine	ShowHudTextLine	WC1-manual-verified		mapped
src/cockpt.c	2568	00416480	0043C601	SetHudTextColour	SetHudTextColour	WC1-manual-verified		mapped
src/cockpt.c	2586		0043C64D	ClearHudMessageDisplay	ClearHudMessageDisplay	WC2-only		wc2-only
src/cockpt.c	2603	004164B0	0043C6D8	draw_target_box	draw_target_box	WC1-fuzzy-very-low		mapped
src/cockpt.c	2724	004168A0	0043CBD3	remove_nav_pointer	remove_nav_pointer	WC1-manual-verified		mapped
src/cockpt.c	2731	004168C0	0043CBFD	draw_nav_pointer	draw_nav_pointer	WC1-fuzzy-very-low		mapped
src/cockpt.c	2796	00416AC0	0043D386	overlay_head_up_display	overlay_head_up_display	WC1-callgraph-propagated		mapped
src/cockpt.c	2877	00416C90	0043D7F2	RestoreCockpitExplosionIfVisible	RestoreCockpitExplosionIfVisible	WC1-manual-verified		mapped
src/cockpt.c	2886	00416CB0	0043D81F	RestoreTransientCockpitGraphics	RestoreTransientCockpitGraphics	WC1-order-exact		mapped
src/cockpt.c	2931	00416DE0	0043D956	SetHudMessageText	SetHudMessageText	WC1-fuzzy-low		mapped
src/cockpt.c	2944	00416E20	0043D9DA	malf_noise	malf_noise	WC1-fuzzy-low		mapped
src/cockpt.c	2961	00416E90	0043DA68	build_your_target_list	build_your_target_list	WC1-callgraph-propagated		mapped
src/cockpt.c	2992	00416F30	0043DD1B	cycle_onscreen_targets	cycle_onscreen_targets	WC1-fuzzy-very-low		mapped
src/cockpt.c	3025	00416FD0	0043DDFC	check_target	check_target	WC1-callgraph-propagated		mapped
src/cockpt.c	3036		0043CE8F	HasInRangeGunForTargetLead	HasInRangeGunForTargetLead	WC2-only		wc2-only
src/cockpt.c	3063		0043CF5A	UpdateTargetLeadIndicator	UpdateTargetLeadIndicator	WC2-only		wc2-only
src/cockpt.c	3092	00417190	0043E1B2	update_missile_warning	update_missile_warning	WC1-callgraph-propagated		mapped
src/cockpt.c	3104	004171D0	0043E297	determine_pilot_hand	determine_pilot_hand	WC1-fuzzy-very-low		mapped
src/cockpt.c	3135	00417260	0043E371	DrawPilotHandFrame	DrawPilotHandFrame	WC1-fuzzy-low		mapped
src/cockpt.c	3158	00417320	0043F110	CopyTrainSimPilotViewToVdus	CopyTrainSimPilotViewToVdus	WC1-manual-verified		mapped
src/cockpt.c	3190		0043D323	RestoreTargetLeadIndicator	RestoreTargetLeadIndicator	WC2-only		wc2-only
src/cockpt.c	3236	004173C0	0043E43A	animate_pilot	animate_pilot	WC1-fuzzy-followup		mapped
src/cockpt.c	3246	004173F0	0043E472	ResetPilotHandAnimation	ResetPilotHandAnimation	WC1-manual-verified		mapped
src/cockpt.c	3256	00417420	0043E4A8	send_message	send_message	WC1-fuzzy-medium		mapped
src/cockpt.c	3287	004174F0	0043E5DA	npc_communication	npc_communication	WC1-callgraph-propagated		mapped
src/cockpt.c	3334	00417610	0043E870	clear_cockpit_damage	clear_cockpit_damage	WC1-order-exact		mapped
src/cockpt.c	3350	00417630	0043E8B2	explosion_draw	explosion_draw	WC1-callgraph-propagated		mapped
src/cockpt.c	3375	004176C0	0043E9E2	DrawPendingCockpitDamage	DrawPendingCockpitDamage	WC1-callgraph-propagated		mapped
src/cockpt.c	3400	00417760	0043EAE3	RestoreCockpitExplosionBackground	RestoreCockpitExplosionBackground	WC1-fuzzy-low		mapped
src/cockpt.c	3415	004177B0	0043EB46	cockpit_explosion	cockpit_explosion	WC1-fuzzy-low		mapped
src/cockpt.c	3449	004178A0	0043EC50	place_damage_on_cockpit	place_damage_on_cockpit	WC1-fuzzy-very-low		mapped
src/cockpt.c	3484	00417910	0043ECD9	vid_transmit	vid_transmit	WC1-fuzzy-followup		mapped
src/cockpt.c	3538	00417AC0	0043F042	vid_equiv	GetG00469e2cFn7AC0	WC1-fuzzy-low		mapped
src/cockpt.c	3548	00417B10	0043F09D	update_dead_disp	update_dead_disp	WC1-fuzzy-low		mapped
src/cockpt.c	3554	00417B30	0043F0C3	check_stranded	check_stranded	WC1-fuzzy-very-low		mapped
src/cockpt.c	3564	00417B70	0043F2F5	update_VDUs	update_VDUs	WC1-fuzzy-followup		mapped
src/cockpt.c	3692	00417E70	0043F6C9	update_cockpit	update_cockpit	WC1-callgraph-propagated		mapped
src/cockpt.c	3721		0043F81B	IsCockpitWeaponShapeLoaded	IsCockpitWeaponShapeLoaded	WC2-only		wc2-only
src/cockpt.c	3727	00417F00	0043F849	PlayCockpitSelectionSfx	PlayCockpitSelectionSfx	WC1-fuzzy-low		mapped
src/cockpt.c	3734	00417F10	0043F862	vdu_pop_all	vdu_pop_all	WC1-fuzzy-followup		mapped
src/cockpt.c	3748	00417F60	0043F8CD	SelectCockpitVduMode	SelectCockpitVduMode	WC1-fuzzy-followup		mapped
src/debug.cpp	14	0041C760	0045AC50	DebugOverlayConsole::DebugOverlayConsole	DebugOverlayConsole::DebugOverlayConsole	WC1-callgraph-propagated		mapped
src/debug.cpp	77	0041C910		DebugOverlayConsole::~DebugOverlayConsole				unmapped
src/debug.cpp	92	0041C960	0045AEE4	DebugOverlayWorkerProc	DebugOverlayWorkerProc	WC1-callgraph-propagated		mapped
src/debug.cpp	140	0041CA60		DebugKeyboardHookProc				unmapped
src/debug.cpp	164	0041CAB0	0045B0BB	DebugOverlayPrintf	DebugOverlayPrintf	WC1-callgraph-propagated		mapped
src/debug.cpp	230	0041CC00	0045B2E0	DebugOverlayConsole::Clear	DebugOverlayConsole::Clear	WC1-order-exact		mapped
src/debug.cpp	239	0041CC50	0045B348	DebugOverlayConsole::Scroll	DebugOverlayConsole::Scroll	WC1-callgraph-propagated		mapped
src/debug.cpp	248	0041CCC0	0045B3DC	DebugOverlayConsole::DrawPendingLines	DebugOverlayConsole::DrawPendingLines	WC1-callgraph-propagated		mapped
src/debug.cpp	269	0041CD40	0045B49C	DebugOverlayConsole::WaitForKey	DebugOverlayConsole::WaitForKey	WC1-callgraph-propagated		mapped
src/debug.cpp	362	0041CF50	0045B55C	DebugOverlayConsole::EnableReverseVideo	DebugOverlayConsole::EnableReverseVideo	WC1-callgraph-propagated		mapped
src/debug.cpp	382	0041CF00	0045B5D8	DebugOverlayConsole::DisableReverseVideo	DebugOverlayConsole::DisableReverseVideo	WC1-callgraph-propagated		mapped
src/debug.cpp	402	0041CFA0	0045B654	DebugOverlayConsole::SetOverlayTextColor	DebugOverlayConsole::SetOverlayTextColor	WC1-manual-verified		mapped
src/debug.cpp	417	0041CFF0	0045B6BB	DebugOverlayConsole::SetOverlayBackgroundColor	DebugOverlayConsole::SetOverlayBackgroundColor	WC1-callgraph-propagated		mapped
src/debug.cpp	433	0041D040	0045B722	DebugOverlayConsole::SetTransparentBackground	DebugOverlayConsole::SetTransparentBackground	WC1-callgraph-propagated		mapped
src/debug.cpp	448	0041D080		DebugOverlayConsole::SetOpaqueBackground				unmapped
src/dib.c	10	00432050	0045CE9A	ReportSpaceFlightMaxFps	ReportSpaceFlightMaxFps	WC1-fuzzy-medium		mapped
src/dib.c	26	004320E0	0045CF3B	SetSpaceFlightFrameTiming	SetSpaceFlightFrameTiming	WC2-manual-verified		mapped
src/dib.c	34	00432110	0045CFC3	SetCinematicFrameTiming	SetCinematicFrameTiming	WC1-manual-verified		mapped
src/dib.c	45		0045CF7F	SetDefaultFrameTiming	SetDefaultFrameTiming	WC2-only		wc2-only
src/dib.c	49	00432140	0045D004	DIBerror	DIBerror	WC1-fuzzy-high		mapped
src/dib.c	82	00432230	0045D11F	DIBpositionWindow	DIBpositionWindow	WC1-fuzzy-medium		mapped
src/dib.c	99	004322B0	0045D1BB	DIBreInstall	DIBreInstall	WC1-fuzzy-followup		mapped
src/dib.c	121	00432310	0045D23B	DIBinstall	DIBinstall	WC1-fuzzy-followup		mapped
src/dib.c	172	00432410	0045D3A1	DIBcascade	DIBcascade	WC1-fuzzy-followup		mapped
src/dib.c	307	00432680	0045D78C	DIBunInstall	DIBunInstall	WC1-manual-verified		mapped
src/dib.c	324	004326E0	0045D80F	DIBmakeDIB	DIBmakeDIB	WC1-fuzzy-followup		mapped
src/dib.c	397	004328A0	0045DA8C	DIBdestroyDIB	DIBdestroyDIB	WC1-fuzzy-followup		mapped
src/dib.c	458	00432960	0045DB8C	MarkDibDirty	MarkDibDirty	WC2-manual-verified		mapped
src/dib.c	476		0045DBFF	EnableDibSlam	EnableDibSlam	WC2-only		wc2-only
src/dib.c	482		0045DC19	DisableDibSlam	DisableDibSlam	WC2-only		wc2-only
src/dib.c	488	00432970	0045DC33	DIBslamReal	DIBslamReal	WC1-fuzzy-followup		mapped
src/dib.c	637	00432C60	0045E060	DIBupdate	DIBupdate	WC1-fuzzy-followup		mapped
src/dib.c	703	00432DE0	0045E276	GetDIBPixelBuffer	HelperOf4326E0A	WC1-callgraph-propagated		mapped
src/dib.c	709	00432E00	0045E2C5	GetDIBHeight	GetDIBHeight	WC1-manual-verified		mapped
src/dib.c	715	00432E30	0045E2DA	CachePaletteEntryFromWords	CachePaletteEntryFromWords	WC1-order-exact		mapped
src/dib.c	750	00432EA0	0045E37C	DIBramPalette	DIBramPalette	WC1-fuzzy-followup		mapped
src/dib.c	778	00432F10	0045E46C	DIBsetPalette	DIBsetPalette	WC1-fuzzy-followup		mapped
src/dib.c	829	00433020	0045E61C	GetPaletteEntryAsWords	GetPaletteEntryAsWords	WC1-order-exact		mapped
src/dib.c	845	00433060	0045E667	DIBwholePaletteFromTriplets	DIBwholePaletteFromTriplets	WC1-fuzzy-followup		mapped
src/dib.c	899	00433120	0045E816	DIBwholePaletteFromWords	DIBwholePaletteFromWords	WC1-callgraph-single		mapped
src/dib.c	953	004331E0	0045E9C5	DIBwaitForVerticalBlank	DIBwaitForVerticalBlank	WC1-manual-verified		mapped
src/dib.c	966	004331F0		DirectDrawResultToText				unmapped
src/disk.c	9	0041D120	0040F0D2	ReportPacketLoadError	TextUiFnD120	WC1-fuzzy-followup		mapped
src/disk.c	9	0041DBA0	00409120	WaitForSceneAdvance	WaitForSceneAdvance	WC2-manual-verified		mapped
src/disk.c	50		0040926E	LoadSceneHotspotBoundsForSelection	LoadSceneHotspotBoundsForSelection	WC2-only		wc2-only
src/disk.c	50		00409417	FindSceneHotspotAtPosition	FindSceneHotspotAtPosition	WC2-only		wc2-only
src/disk.c	78		0040F3AE	RewritePacketFilenameForInstalledData	RewritePacketFilenameForInstalledData	WC2-only		wc2-only
src/disk.c	78		0040F266	AppendPacketLoadDebugLog	AppendPacketLoadDebugLog	WC2-only		wc2-only
src/disk.c	93	0041D200	0040F40E	LoadPacketIntoBuffer	LoadPacketIntoBuffer	WC1-manual-verified		mapped
src/disk.c	107	0041D250	0040F49D	LoadPacketAllocated	LoadUiFnD250	WC1-callgraph-propagated		mapped
src/disk.c	120		0040963B	PollSceneHotspotInput	PollSceneHotspotInput	WC2-only		wc2-only
src/disk.c	159	0041D2E0	0040F5B6	FetchDiskPacketRetrying	FetchDiskPacketRetrying	WC1-fuzzy-very-low		mapped
src/disk.c	179		0040D6E1	SwapSceneChunkSizeEndian	SwapSceneChunkSizeEndian	WC2-only		wc2-only
src/disk.c	193		0040D812	ReadNextSceneForm	ReadNextSceneForm	WC2-only		wc2-only
src/disk.c	194		0040D762	AreCutsceneResourceNamesEqual	AreCutsceneResourceNamesEqual	WC2-only		wc2-only
src/disk.c	216		0040D9AD	AllocateScenePointerTable	AllocateScenePointerTable	WC2-only		wc2-only
src/disk.c	231		0040E130	DecodeSceneResourceChunk	DecodeSceneResourceChunk	WC2-only		wc2-only
src/disk.c	237		0040D88E	SkipCutsceneChunk	SkipCutsceneChunk	WC2-only		wc2-only
src/disk.c	248		0040D8D7	FindCutsceneResourceSymbolIndex	FindCutsceneResourceSymbolIndex	WC2-only		wc2-only
src/disk.c	262		0040E31F	ParseCutsceneContainer	ParseCutsceneContainer	WC2-only		wc2-only
src/disk.c	292		0040DA0C	CreateCutsceneResourceInstance	CreateCutsceneResourceInstance	WC2-only		wc2-only
src/disk.c	297	0041D510	0040F882	InitializeTextContextFromFont	InitializeTextContextFromFont	manual-verified		mapped
src/disk.c	342	0041D590	0040F91C	ReleaseTextFont	ReleaseTextFont	WC1-manual-verified		mapped
src/disk.c	359	0041D5F0	0040F96E	DrawTextAt	DrawTextAt	WC1-callgraph-propagated		mapped
src/disk.c	395	0041D650		SortSignedByteValuesAscending				unmapped
src/disk.c	398		0040DE5A	LinkCutsceneObjectResources	LinkCutsceneObjectResources	WC2-only		wc2-only
src/disk.c	425	0041D6C0	004342E8	OpenDiskDataFile	OpenDiskDataFile	WC1-callgraph-propagated		mapped
src/disk.c	459	0041D760		PromptInsertNumberedDisk				unmapped
src/disk.c	514		0040E230	PushCutsceneFileResource	PushCutsceneFileResource	WC2-only		wc2-only
src/disk.c	531		0040E285	DecodeCutsceneFileResource	DecodeCutsceneFileResource	WC2-only		wc2-only
src/disk.c	570	0041DA00		GetZeroUnused				unmapped
src/disk.c	576	0041DA10		CheckEscaped				unmapped
src/disk.c	601		0040F9F7	FlushPendingInputPresses	FlushPendingInputPresses	WC2-only		wc2-only
src/disk.c	609	0041DAA0	0040FA2C	WaitForInputKey	WaitForInputKey	WC1-callgraph-propagated		mapped
src/disk.c	650	0041DBA0	00409120	WaitForSceneAdvance	WaitForSceneAdvance	WC1-fuzzy-very-low		mapped
src/disk.c	661		0040E726	DecodeCutsceneObjectResource	DecodeCutsceneObjectResource	WC2-only		wc2-only
src/disk.c	693	0041DC70		MoveMenuPointerFromKeyboard				unmapped
src/disk.c	730		0040E985	ReleaseCutsceneObjectResourceData	ReleaseCutsceneObjectResourceData	WC2-only		wc2-only
src/disk.c	745		0040EA0F	PushCutsceneObjectResource	PushCutsceneObjectResource	WC2-only		wc2-only
src/disk.c	768		0040EAA4	ReleaseCutsceneObjectResource	ReleaseCutsceneObjectResource	WC2-only		wc2-only
src/disk.c	792	0041DEB0		WaitForStreamInputKey				unmapped
src/disk.c	806		00410102	CanShipWeaponDamageTarget	CanShipWeaponDamageTarget	WC2-only		wc2-only
src/disk.c	817		00410215	ShipHasTorpedo	ShipHasTorpedo	WC2-only		wc2-only
src/disk.c	828		0040ED9F	ReleaseCutsceneFileResourceExceptPacket	ReleaseCutsceneFileResourceExceptPacket	WC2-only		wc2-only
src/disk.c	832	0041DEE0	004103A6	initialize_object	initialize_object	WC1-callgraph-propagated		mapped
src/disk.c	843	0041DF40	0041040D	borrow_dust	borrow_dust	WC1-callgraph-single		mapped
src/disk.c	850		0040EE41	ReleaseCutsceneFileResource	ReleaseCutsceneFileResource	WC2-only		wc2-only
src/disk.c	870		0040EEC7	ReleaseCutsceneTextResource	ReleaseCutsceneTextResource	WC2-only		wc2-only
src/disk.c	884		0040EF15	ReleaseCutsceneResourceLevel	ReleaseCutsceneResourceLevel	WC2-only		wc2-only
src/disk.c	903	0041DF70	004105BF	new_object	new_object	WC1-callgraph-propagated		mapped
src/disk.c	914	0041DFA0	0041062D	initialize_ship	initialize_ship	WC1-callgraph-propagated		mapped
src/disk.c	926	0041DFE0	00410680	any_selected	any_selected	WC1-manual-verified		mapped
src/disk.c	958		0040FADE	WaitForAnyInputPress	WaitForAnyInputPress	WC2-only		wc2-only
src/disk.c	967	0041E040	00410715	remove_weapon	remove_weapon	WC1-manual-verified		mapped
src/disk.c	1014	0041E120	00410999	set_objects_data	set_objects_data	WC1-callgraph-propagated		mapped
src/disk.c	1130	0041E400	00411172	match_rotation_goal	DoLocalFnE400	WC1-fuzzy-very-low		mapped
src/disk.c	1171	0041E520	0041133D	rotate_object_to_goal	GetTbl0059c3c0FnE520	WC1-callgraph-propagated		mapped
src/disk.c	1207	0041E710	004117AC	celerate	celerate	WC1-callgraph-propagated		mapped
src/disk.c	1222	0041E750	0041181D	approach_speed	approach_speed	WC1-fuzzy-low		mapped
src/disk.c	1239	0041E7C0	004118A9	steady_object	steady_object	WC1-manual-verified		mapped
src/disk.c	1248	0041E7F0	004118F2	real_velocity	real_velocity	WC1-callgraph-propagated		mapped
src/disk.c	1255	0041E820	00411922	fix_velocity	fix_velocity	WC1-callgraph-propagated		mapped
src/disk.c	1600	0041E860	0041195F	SortViableTargetsByDistance	SortViableTargetsByDistance	WC1-manual-verified		mapped
src/disk.c	1795		00410020	CountShipProjectiles	CountShipProjectiles	WC2-only		wc2-only
src/disk.c	1806		00410192	HasShipCockpitGunDisplay	HasShipCockpitGunDisplay	WC2-only		wc2-only
src/disk.c	2019		0041090F	InitializeShipWeaponTypeIndices	InitializeShipWeaponTypeIndices	WC2-only		wc2-only
src/eventmgr.c	10	004355F0	00462625	TranslatePolledInputEvent	TranslatePolledInputEvent	WC1-callgraph-single-low		mapped
src/eventmgr.c	46	004356A0	00462849	QueueInputEventAtCursor	QueueInputEventAtCursor	WC1-callgraph-propagated		mapped
src/eventmgr.c	61	004356E0	00462890	AllocateInputEvent	AllocateInputEvent	WC1-manual-verified		mapped
src/eventmgr.c	112	00435760	0046294F	ReleaseInputEvent	ReleaseInputEvent	WC1-manual-verified		mapped
src/eventmgr.c	123	00435790	004629A7	QueueInputEvent	QueueInputEvent	WC1-manual-verified		mapped
src/eventmgr.c	206	004358B0	00462C43	ReleaseInputEventQueue	ReleaseInputEventQueue	WC1-manual-verified		mapped
src/eventmgr.c	221	004358E0	00462C9C	RetainInputEventsOfType	RetainInputEventsOfType	WC1-manual-verified		mapped
src/eventmgr.c	244	00435940	00462D48	RemoveInputEvent	RemoveInputEvent	WC1-manual-verified		mapped
src/eventmgr.c	294	004359C0	00462DFC	GetNextInputEvent	GetNextInputEvent	WC1-manual-verified		mapped
src/eventmgr.c	518	00435CC0	0046327F	PollInputEvent	PollInputEvent	WC1-manual-verified		mapped
src/eventmgr.c	525	00435CE0	004632A5	PeekInputEvent	PeekInputEvent	WC1-manual-verified		mapped
src/eventmgr.c	587	00435D80	004633E7	FindQueuedInputEvent	FindQueuedInputEvent	WC1-manual-verified		mapped
src/eventmgr.c	638	00435DB0	0046354F	FlushInputEvents	FlushInputEvents	WC1-callgraph-propagated		mapped
src/eventmgr.c	645	00435DC0	00463571	InitializeMouseCursorDepth	InitializeMouseCursorDepth	WC1-order-semantics-verified		mapped
src/eventmgr.c	662	00435DE0	004635D3	CheckCursor	CheckCursor	WC1-order-semantics-verified		mapped
src/eventmgr.c	667	00435E20	004635E3	CaptureMouseCursorBackground	WcOrphanRoutine435E20	WC1-fuzzy-low		mapped
src/eventmgr.c	700	00435EF0	004636F7	DrawMouseCursor	DrawUiFn5EF0	WC1-fuzzy-low		mapped
src/eventmgr.c	729	00435FA0	004637F4	RestoreMouseCursorBackground	GetUiFn5FA0	WC1-fuzzy-low		mapped
src/eventmgr.c	759	00436060	004638F1	RefreshMouseCursorDisplay	BlitUiFn6060	WC1-fuzzy-followup		mapped
src/eventmgr.c	775	004360D0	0046396C	ResumeMouseCursor	ResumeMouseCursor	WC1-order-semantics-verified		mapped
src/eventmgr.c	781	004360E0	00463E19	SuspendMouseCursor	SuspendMouseCursor	WC1-order-semantics-verified		mapped
src/eventmgr.c	787	004360F0	00463EEE	SetMouseCursorShape	SetMouseCursorShape	WC1-manual-verified		mapped
src/eventmgr.c	787		00463BA1	EnableMouseCursorDrawing	EnableMouseCursorDrawing	WC2-only		wc2-only
src/eventmgr.c	804	00436160	00463F74	SetMouseHomePosition	SetInputFn6160	WC1-callgraph-single		mapped
src/eventmgr.c	812	00436190	00463FAA	ApplyPackedMousePosition	ApplyPackedMousePosition	WC1-manual-verified		mapped
src/eventmgr.c	820	004361E0	00464009	SetFrameTimerPeriod	SetFrameTimerPeriod	WC1-manual-verified		mapped
src/eventmgr.c	826	004361F0	00464021	SetFrameTimerAndWait	SetFrameTimerAndWait	WC1-manual-verified		mapped
src/eventmgr.c	833	00436210	0046403D	SetFrameTimerPeriodDirect	SetFrameTimerPeriodDirect	WC1-manual-verified		mapped
src/eventmgr.c	839	00436230	00464055	WaitForFrameTick	WaitForFrameTick	WC1-manual-verified		mapped
src/eventmgr.c	845	00436240	00464072	IsFrameTickElapsed	IsFrameTickElapsed	WC1-manual-verified		mapped
src/eventmgr.c	851	00436260	00464141	GetSoundHardwareFlag	GetSoundHardwareFlag	WC1-manual-verified		mapped
src/eventmgr.c	857	004362A0	0046416A	TimerResetHook	TimerResetHook	WC1-manual-verified		mapped
src/eventmgr.c	862	004362B0	0046417A	GetVideoReleaseResult	GetVideoReleaseResult	WC1-manual-verified		mapped
src/eventmgr.c	864		0046409B	AllocateZeroedRecords	AllocateZeroedRecords	WC2-only		wc2-only
src/eventmgr.c	868	004362C0	0046418D	IdentityWord	DoLocalFn62C0	WC1-callgraph-single-low		mapped
src/eventmgr.c	869		00464123	AllocateDefaultMemory	AllocateDefaultMemory	WC2-only		wc2-only
src/eventmgr.c	874	004362D0	004641A0	TimerStopHook	TimerStopHook	WC1-order-semantics-verified		mapped
src/eventmgr.c	879	004362E0	004641B0	GetAvailableFarMemory	GetAvailableFarMemory	WC1-order-exact		mapped
src/eventmgr.c	885	004362F0	004641C5	GetLargestFreeMemoryBlock	GetLargestFreeMemoryBlock	WC1-order-exact		mapped
src/eventmgr.c	891	004363A0	0046428B	ClearInputKeyStatePreservingModifiers	ClearInputKeyStatePreservingModifiers	WC1-order-semantics-verified		mapped
src/eventmgr.c	905	004363E0	004642D6	ClearInputKeyState	ClearInputKeyState	WC1-order-exact		mapped
src/eventmgr.c	914	00436420	0046431A	SetInputKeyState	SetInputKeyState	WC1-fuzzy-medium		mapped
src/eventmgr.c	927	00436460	0046436E	BuildObjectDepthOrder	BuildObjectDepthOrder	WC1-order-semantics-verified		mapped
src/eventmgr.c	982	00436520	004644DA	draw_sorted_objects_to_buffer	draw_sorted_objects_to_buffer	WC1-order-semantics-verified		mapped
src/eventmgr.c	1106	00436650	0046470E	intro_drawbackgroundships	intro_drawbackgroundships	WC1-callgraph-propagated		mapped
src/eventmgr.c	1191	00436740	004648C5	set_up_screen_viewport	set_up_screen_viewport	WC1-fuzzy-medium		mapped
src/eventmgr.c	1259	004368C0	00464AA0	MouseIdleHook	MouseIdleHook	WC1-order-semantics-verified		mapped
src/eventmgr.c	1264	004368E0	00464AB0	GetNavRangeSentinel	GetNavRangeSentinel	WC1-order-semantics-verified		mapped
src/eventmgr.c	1270	004368F0	00464AC4	GetOriginalFreeMemory	GetOriginalFreeMemory	WC1-order-semantics-verified		mapped
src/eventmgr.c	1276	00436900	00464AE8	StartupHook	StartupHook	WC1-order-semantics-verified		mapped
src/eventmgr.c	1282	00436910	00464B0B	JoystickEdgeHook	JoystickEdgeHook	WC1-order-semantics-verified		mapped
src/eventmgr.c	1283		00464A90	FinalizeInputManagerHook	FinalizeInputManagerHook	WC2-only		wc2-only
src/eventmgr.c	1288	00436950	00464B3A	FreeIfNotNull	DoLocalFn6950	WC1-callgraph-propagated		mapped
src/eventmgr.c	1295		00464D5F	ServiceInputDevices	ServiceInputDevices	WC2-only		wc2-only
src/eventmgr.c	1317		00464E06	SetInputViewport	SetInputViewport	WC2-only		wc2-only
src/eventmgr.c	1324		00464E1E	ClearInputPump	ClearInputPump	WC2-only		wc2-only
src/eventmgr.c	1330		00464E35	SetMenuInputPump	SetMenuInputPump	WC2-only		wc2-only
src/eventmgr.c	1336		00464E4F	ConfigureInputPump	ConfigureInputPump	WC2-only		wc2-only
src/eventmgr.c	1345		00464F25	GetNamedPacketSize	GetNamedPacketSize	WC2-only		wc2-only
src/eventmgr.c	1351		00464F45	LoadNamedPacket	LoadNamedPacket	WC2-only		wc2-only
src/eventmgr.c	1361	00436970	00464B60	GetStartupErrorCode	GetStartupErrorCode	manual-verified		mapped
src/eventmgr.c	1368	00436980	00464B82	ShutdownHook	ShutdownHook	manual-verified		mapped
src/eventmgr.c	1369		00464E73	LoadInputCursorShape	LoadInputCursorShape	WC2-only		wc2-only
src/eventmgr.c	1375	004369A0	00464B92	SelectDiskDriveHook	SelectDiskDriveHook	manual-verified		mapped
src/eventmgr.c	1381	004369B0	00464BA5	GetCurrentDiskDriveHook	GetCurrentDiskDriveHook	manual-verified		mapped
src/eventmgr.c	1387	004369C0	00464BB8	GetShutdownErrorCode	GetShutdownErrorCode	manual-verified		mapped
src/eventmgr.c	1387		00464EE0	InitializeInputDriverHook	InitializeInputDriverHook	WC2-only		wc2-only
src/eventmgr.c	1392		00464EF0	FinalizeInputDriverHook	FinalizeInputDriverHook	WC2-only		wc2-only
src/eventmgr.c	1394	004369D0	00464BCB	VideoReleaseHook	VideoReleaseHook	manual-verified		mapped
src/eventmgr.c	1399	004369E0	00464BDB	ExitCleanupHook	ExitCleanupHook	manual-verified		mapped
src/eventmgr.c	1406	00436A00	00464BFE	IsVectorWithinRange	IsVectorWithinRange	WC1-order-semantics-verified		mapped
src/eventmgr.c	1413		00464FE7	SetPaletteEntryFromTriplet	SetPaletteEntryFromTriplet	WC2-only		wc2-only
src/eventmgr.c	1424		0046502E	SetMusicTickRateHook	SetMusicTickRateHook	WC2-only		wc2-only
src/eventmgr.c	1428	00436A30		shrink_vector				unmapped
src/eventmgr.c	1428		00464F10	FlushPendingInputEvents	FlushPendingInputEvents	WC2-only		wc2-only
src/eventmgr.c	1430		00464F75	OffsetSceneHotspotBounds	OffsetSceneHotspotBounds	WC2-only		wc2-only
src/eventmgr.c	1441	00436A70		shrink				unmapped
src/eventmgr.c	1457		00464FD7	ServiceCutsceneRuntimeHook	ServiceCutsceneRuntimeHook	WC2-only		wc2-only
src/eventmgr.c	1463	00436C70	0042BAC0	FillGraphicSuffix	FillGraphicSuffix	WC1-fuzzy-followup		mapped
src/eventmgr.c	1478	00436CB0	0042BB17	ConvertChar_Int	ConvertChar_Int	WC1-fuzzy-medium		mapped
src/geom.c	12	00418080	00453B30	MeasureTextPixelWidthClamped	MeasureTextPixelWidthClamped	WC1-callgraph-propagated		mapped
src/geom.c	42	004180C0		SeekPacketSection				unmapped
src/geom.c	72	00418130		GetMusicDriverPresent				unmapped
src/geom.c	78	00418140	004589D0	CollectActivePaletteIndices	CollectActivePaletteIndices	WC1-manual-verified		mapped
src/geom.c	106	004181C0	0040A3A0	get_ship_max_velocity	get_ship_max_velocity	WC1-manual-verified		mapped
src/geom.c	129	00418210	0040A481	recalc_max_velocity	recalc_max_velocity	WC1-fuzzy-low		mapped
src/geom.c	149	00418280	0040A51D	drain_fuel	drain_fuel	WC1-order-semantics-verified		mapped
src/geom.c	157	004182B0	0040A556	damage_ion_drive	damage_ion_drive	WC1-order-semantics-verified		mapped
src/geom.c	181	004182F0	0040A5A0	GetShipAccelerationRate	GetShipAccelerationRate	WC1-callgraph-propagated		mapped
src/geom.c	212	00418330	0040A691	point_at	SetTbl0059bce0Fn8330	WC1-fuzzy-low		mapped
src/geom.c	223	004183A0	0040A6F7	look_at	DoLocalFn83A0	WC1-fuzzy-followup		mapped
src/geom.c	229	004183D0	0040A725	position_relative	position_relative	WC1-fuzzy-low		mapped
src/geom.c	244	00418420	0040A774	position_relative_ijk	position_relative_ijk	WC1-manual-verified		mapped
src/geom.c	254	004184C0	0040A81B	FixedToShortSaturating	FixedToShortSaturating	WC1-fuzzy-medium		mapped
src/geom.c	264	004184E0	0040A867	MinInt	DoLocalFn84E0	WC1-order-exact		mapped
src/geom.c	271	004184F0	0040A893	MaxInt	DoLocalFn84F0	WC1-order-exact		mapped
src/geom.c	278	00418500	0040A8BF	AbsInt	DoLocalFn8500	WC1-callgraph-single		mapped
src/geom.c	286	00418510		intfract_sign				unmapped
src/geom.c	299	00418520		SignShort				unmapped
src/geom.c	307	00418540	0040A8EB	SignFixed	DoLocalFn8540	WC1-fuzzy-medium		mapped
src/geom.c	315	00418560	0040A925	WrapDegrees	DoLocalFn8560	WC1-fuzzy-medium		mapped
src/geom.c	328	00418590	0040A981	equ_vector	equ_vector	WC1-manual-verified		mapped
src/geom.c	335	004185C0	0040A9D1	IsPairEqualityDifferentFromFlag	IsPairEqualityDifferentFromFlag	WC1-manual-verified		mapped
src/geom.c	341	004185F0	0040AA0B	zero_vector	zero_vector	WC1-callgraph-propagated		mapped
src/geom.c	349	00418600	0040AA37	negate_vector	negate_vector	WC1-manual-verified		mapped
src/geom.c	357	00418620	0040AA6A	AddFixedVectors	AddFixedVectors	WC1-callgraph-propagated		mapped
src/geom.c	366	00418650	0040AAA8	SubtractFixedVectors	SubtractFixedVectors	WC1-callgraph-propagated		mapped
src/geom.c	375	00418680	0040AAE6	ComputeVectorDelta	ComputeVectorDelta	WC1-callgraph-propagated		mapped
src/geom.c	383	004186B0	0040AB24	ScaleFixedVector	ScaleFixedVector	WC1-manual-verified		mapped
src/geom.c	391	00418700	0040AB78	divide_vector	divide_vector	WC1-fuzzy-followup		mapped
src/geom.c	399	00418750	0040ABCC	ChooseRandomSignedMagnitude	ChooseRandomSignedMagnitude	WC1-manual-verified		mapped
src/geom.c	410	00418780	0040AC24	MakeRandomVectorFixed	MakeRandomVectorFixed	WC1-fuzzy-low		mapped
src/geom.c	424	004187E0	0040AC88	FillFixedVectorWithRandomComponents	FillFixedVectorWithRandomComponents	WC1-fuzzy-followup		mapped
src/geom.c	430	00418800	0040ACA5	random_radial	random_radial	WC1-manual-verified		mapped
src/geom.c	441	00418840		MakeRandomNormalizedVector				unmapped
src/geom.c	450	00418890	0040ACE0	rectangular_to_spherical	DoLocalFn8890	WC1-fuzzy-low		mapped
src/geom.c	470	00418980		ConvertShortVectorToFixedVector				unmapped
src/geom.c	485	004189B0	0040AD89	ConvertFixedVectorToShortVector	ConvertFixedVectorToShortVector	WC1-manual-verified		mapped
src/geom.c	496	004189E0	0040ADC2	dot_product	dot_product	WC1-manual-verified		mapped
src/geom.c	504	00418A30	0040AE18	vector_angle	vector_angle	WC1-manual-verified		mapped
src/geom.c	512	00418A80	0040AE70	vector_cross_product	DoLocalFn8A80	WC1-fuzzy-low		mapped
src/geom.c	524	00418B10	0040AF18	NormalizeFixedVector	NormalizeFixedVector	WC1-fuzzy-followup		mapped
src/geom.c	538	00418B60	0040AF99	vector_length_in_dir	vector_length_in_dir	WC1-manual-verified		mapped
src/geom.c	550	00418BB0	0040AFFA	vector_component_in_dir	vector_component_in_dir	WC1-manual-verified		mapped
src/geom.c	561	00418BE0	0040B02F	rotate_about_i	rotate_about_i	WC1-manual-verified		mapped
src/geom.c	581	00418D00	0040B17F	rotate_about_j	rotate_about_j	WC1-manual-verified		mapped
src/geom.c	601	00418E40	0040B2CF	rotate_about_k	DoLocalFn8E40	WC1-callgraph-propagated		mapped
src/geom.c	621	00418F60	0040B41F	init_ijk	SetTbl0059bce8Fn8F60	WC1-callgraph-propagated		mapped
src/geom.c	638	00418FD0	0040B550	copy_frame	copy_frame	WC1-manual-verified		mapped
src/geom.c	649	00419050	0040B5DF	fix_objects_ijk	SetUiFn9050	WC1-fuzzy-followup		mapped
src/geom.c	663	004190B0	0040B699	transform_to_objects_frame	transform_to_objects_frame	WC1-manual-verified		mapped
src/geom.c	672	00419110	0040B747	alter_pitch	GetUiFn9110	WC1-callgraph-propagated		mapped
src/geom.c	680	00419150	0040B706	alter_yaw	GetUiFn9150	WC1-fuzzy-followup		mapped
src/geom.c	688	00419190	0040B788	alter_roll	GetUiFn9190	WC1-callgraph-propagated		mapped
src/geom.c	696	004191D0	0040B7C9	distance_between_points	distance_between_points	WC1-manual-verified		mapped
src/geom.c	708	00419210	0040B805	distance_from_point	distance_from_point	WC1-manual-verified		mapped
src/geom.c	720	00419260	0040B85C	distance_from_object	distance_from_object	WC1-callgraph-propagated		mapped
src/geom.c	727	00419290	0040B898	get_facing_range_from_point	get_facing_range_from_point	WC1-manual-verified		mapped
src/geom.c	741	00419310	0040B92F	get_facing_range_from_object	get_facing_range_from_object	WC1-manual-verified		mapped
src/geom.c	753	00419390		ship_vs_point				unmapped
src/geom.c	759	004193B0		ship_vs_ship				unmapped
src/geom.c	765	004193D0	0040B9B5	facing_to_object	facing_to_object	WC1-callgraph-propagated		mapped
src/geom.c	779	00419440	0040BA2E	match_roll_orientation	match_roll_orientation	WC1-callgraph-propagated		mapped
src/geom.c	797	004194D0	0040BADB	set_ship_rotation_goals	set_ship_rotation_goals	WC1-fuzzy-followup		mapped
src/geom.c	842	00419620	0040BC6B	point_ship	point_ship	WC1-callgraph-propagated		mapped
src/geom.c	851	00419660	0040BCA9	point_ship_at_point	point_ship_at_point	WC1-manual-verified		mapped
src/geom.c	861	004196A0	0040BCE8	point_ship_at_object	point_ship_at_object	WC1-callgraph-propagated		mapped
src/geom.c	867	004196C0	0040BD0E	point_capital_ship_at_object	point_capital_ship_at_object	WC1-manual-verified		mapped
src/geom.c	877	00419710	0040BDC2	point_ship_behind_object	point_ship_behind_object	WC1-manual-verified		mapped
src/geom.c	888	00419790	0040BE3A	point_ship_below_object	point_ship_below_object	WC1-fuzzy-low		mapped
src/geom.c	899	00419810	0040BD58	point_perpendicular_to_point	point_perpendicular_to_point	WC1-fuzzy-very-low		mapped
src/geom.c	909	00419850	0040BEB0	point_perpendicular	point_perpendicular	WC1-callgraph-propagated		mapped
src/geom.c	915	00419870	0040BED6	point_parallel	point_parallel	WC1-manual-verified		mapped
src/geom.c	922	004198A0		MoveObjectAlongDirection				unmapped
src/geom.c	934	00419950	0040BF0B	NormalizeAndScaleVector	NormalizeAndScaleVector	WC1-fuzzy-low		mapped
src/geom.c	941	00419970	0040BF36	SetVectorFixedPoint	DoLocalFn9970	WC1-fuzzy-followup		mapped
src/geom.c	951	00419990	0040BF55	IsPointWithinRange	IsPointWithinRange	WC1-callgraph-propagated		mapped
src/geom.c	960	004199C0	0040BF8C	check_for_collision	check_for_collision	WC1-order-exact		mapped
src/geom.c	1023	00419A70	0040C08C	position_child	position_child	WC1-manual-verified		mapped
src/geom.c	1042	00419B40	0040C1DA	child_object	child_object	WC1-manual-verified		mapped
src/geom.c	1049	00419B70	0040C211	get_ship_slot	get_ship_slot	WC1-callgraph-single-low		mapped
src/geom.c	1075	00419BA0	0040C266	find_vacant_3d_object	find_vacant_3d_object	WC1-callgraph-propagated		mapped
src/geom.c	1102	00419BD0	0040C2C9	remove_object	remove_object	WC1-fuzzy-followup		mapped
src/geom.c	1135	00419CC0	0040C46C	apply_force_to_objects_center	apply_force_to_objects_center	WC1-callgraph-propagated		mapped
src/geom.c	1148	00419D10	0040C4D1	apply_force_to_object	apply_force_to_object	WC1-fuzzy-low		mapped
src/geom.c	1207	00419F70	0040C796	rotational_acceleration	rotational_acceleration	WC1-fuzzy-low		mapped
src/geom.c	1247	0041A0F0	0040C959	ClampVectorTo30	ClampVectorTo30	WC1-order-exact		mapped
src/geom.c	1268	0041A110	0040C99F	ClampTo30	DoLocalFnA110	WC1-fuzzy-medium		mapped
src/geom.c	1279	0041A130		IsPointWithinEyeViewCone				unmapped
src/geom.c	1306	0041A1D0	0040C9DD	transform_objects_to_your_view	ScanTbl0059d9b0FnA1D0	WC1-fuzzy-very-low		mapped
src/geom.c	1431	0041A530	0040CEF6	set_background_objects_rotation	SetTbl0059cd90FnA530	WC1-fuzzy-very-low		mapped
src/geom.c	1456	0041A610	0040CFF8	get_right_shape	LoadTbl0059dd90FnA610	WC1-callgraph-propagated		mapped
src/geom.c	1578	0041A9D0	004593D6	InitializeModalTextPanel	InitializeModalTextPanel	WC1-fuzzy-very-low		mapped
src/geom.c	1613	0041AAE0	00459527	DrawModalTextPanel	DrawModalTextPanel	WC1-order-exact		mapped
src/geom.c	1638	0041AB60	004595AA	RestoreModalTextPanel	RestoreModalTextPanel	WC1-manual-verified		mapped
src/geom.c	1646	0041AB90	004595EF	ShowModalTextPanel	ShowModalTextPanel	WC1-fuzzy-medium		mapped
src/geom.c	1698	0041AD10	0045979B	ReleaseModalTextPanel	ReleaseModalTextPanel	WC1-fuzzy-followup		mapped
src/geom.c	1710	0041AD50		AnySavedGames				unmapped
src/gr.c	11	00440C00	00425A16	ValidateViewportBounds	ValidateViewportBounds	WC1-fuzzy-followup		mapped
src/gr.c	50	00440CF0	00425B9E	ClipViewportToScreen	ClipViewportToScreen	WC1-manual-verified		mapped
src/gr.c	58		00448570	InitializeViewportWipe	InitializeViewportWipe	WC2-only		wc2-only
src/gr.c	71	00440D10	00425BBF	SetSolidColourTranslation	SetSolidColourTranslation	WC1-fuzzy-very-low		mapped
src/gr.c	79	00440D50	00425BF6	PrepareShapeRLEData	PrepareShapeRLEData	WC1-fuzzy-very-low		mapped
src/gr.c	188	00440FE0	00425FB4	DrawSpriteTransformed	DrawSpriteTransformed	WC1-fuzzy-very-low		mapped
src/gr.c	226	00441140	004261D5	RasterLineHook	DoLocalFn1140	WC1-callgraph-single		mapped
src/gr.c	232	00441150	004261E5	DrawFontGlyph	DrawFontGlyph	WC1-fuzzy-low		mapped
src/gr.c	287		00448D1A	SetViewportHorizontalBounds	SetViewportHorizontalBounds	WC2-only		wc2-only
src/gr.c	294		00448D39	SetViewportVerticalBounds	SetViewportVerticalBounds	WC2-only		wc2-only
src/gr.c	301		00448D58	AdvanceViewportWipe	AdvanceViewportWipe	WC2-only		wc2-only
src/gr.c	303	00441370	00426694	MarkActivePaletteEntries	MarkActivePaletteEntries	WC1-manual-verified		mapped
src/gr.c	323	004413C0	004266B1	GetPaletteEntry	GetPaletteEntry	WC1-manual-verified		mapped
src/gr.c	329	004413E0	004266CC	SetPaletteEntry	PaletteLocalFn13E0	WC1-callgraph-propagated		mapped
src/gr.c	335	00441400	004266E7	DrawSpriteDefault	DrawSpriteDefault	WC1-callgraph-propagated		mapped
src/gr.c	351	00441450	00426769	CaptureSpriteBackground	LoopLocalFn1450	WC1-callgraph-propagated		mapped
src/gr.c	486	00441740	00426B96	RestoreSpriteBackground	LoopUiFn1740	WC1-callgraph-propagated		mapped
src/gr.c	623	00441A40	00426FD9	DrawSolidColourSprite	DrawSolidColourSprite	WC1-callgraph-propagated		mapped
src/gr.c	642	00441A90	00427047	CopyViewportContents	CopyViewportContents	WC1-callgraph-propagated		mapped
src/gr.c	657	00441AE0	00427123	ClearViewport	ClearViewport	WC1-auto-vt		mapped
src/gr.c	678	00441B20	00427179	DrawViewportPixel	DrawViewportPixel	WC1-auto-vt		mapped
src/gr.c	688	00441B60	004271D2	GetViewportPixel	GetViewportPixel	WC1-auto-vt		mapped
src/gr.c	697	00441BA0	0042722E	DrawViewportLine	DrawViewportLine	WC1-manual-verified		mapped
src/gr.c	708	00441BF0	004272A5	TriangleRasterizerHook	TriangleRasterizerHook	WC1-manual-verified		mapped
src/gr.c	713	00441C70	00427E1B	DrawFilledViewportRect	DrawFilledViewportRect	WC1-manual-verified		mapped
src/gr.c	732	00441CF0	00427EC8	DrawViewportBorder	DrawViewportBorder	WC1-fuzzy-followup		mapped
src/gr.c	755	00441DD0	00428023	DrawViewportEllipse	DrawViewportEllipse	WC1-fuzzy-followup		mapped
src/gr.c	767	00441E20	0042808F	FillViewportEllipse	FillViewportEllipse	WC1-fuzzy-followup		mapped
src/gr.c	779	00441E70	004280FB	DrawViewportEllipseShadow	DrawViewportEllipseShadow	WC1-callgraph-propagated		mapped
src/gr.c	791	00441FC0	004282F0	DrawSpriteScaled	DrawSpriteScaled	WC1-manual-verified		mapped
src/gr.c	800	00442000	00428344	DrawSolidColourSpriteScaled	DoLocalFn2000	WC1-callgraph-propagated		mapped
src/gr.c	811	00442050	004283A4	GetTransformedShapeBounds	GetTransformedShapeBounds	WC1-fuzzy-very-low		mapped
src/gr.c	888	00442200	00428690	fizzle_fade	fizzle_fade	WC1-callgraph-propagated		mapped
src/gr.c	924	00442300	00427DE8	snow_viewport	snow_viewport	WC1-fuzzy-very-low		mapped
src/gr.c	925		00449FAE	OffsetViewportBounds	OffsetViewportBounds	WC2-only		wc2-only
src/gr.c	934	00442330	00428979	UpdateStreamerStoppedFlag	UpdateStreamerStoppedFlag	WC1-manual-verified		mapped
src/gr.c	935		0044A009	SetViewportRectangleBounds	SetViewportRectangleBounds	WC2-only		wc2-only
src/gr.c	945		0044A03C	FinishViewportWipe	FinishViewportWipe	WC2-only		wc2-only
src/gr.c	946	00442350	0042894B	SignalAudioMixerWakeEvent	SignalAudioMixerWakeEvent	WC1-fuzzy-very-low		mapped
src/gr.c	960	00442370	00428900	InitializeAudioStreamer	InitializeAudioStreamer	WC1-auto-vt		mapped
src/gr.c	981	004423B0	004289BF	Streamer_open	Streamer_open	WC1-fuzzy-followup		mapped
src/gr.c	1003	00442430	00428A2F	Streamer_play	Streamer_play	WC1-fuzzy-very-low		mapped
src/gr.c	1023	00442460	00428A6D	Streamer_stop	Streamer_stop	WC1-manual-verified		mapped
src/gr.c	1043	004424B0		ClearStreamerTrigger				unmapped
src/gr.c	1050	004424D0	00428AEB	SetStreamerTrigger	SetStreamerTrigger	WC1-manual-verified		mapped
src/gr.c	1075	00442520	00428AAB	SetStreamerIntensity	SetStreamerIntensity	WC1-manual-verified		mapped
src/gr.c	1086	00442550	00428B3C	ForceStreamerTrigger	ForceStreamerTrigger	WC1-manual-verified		mapped
src/gr.c	1101	00442590	00428DA3	SetMusicStreamVolume	HelperOf427F20B	WC1-auto-vt		mapped
src/gr.c	1113		00428DBF	GetMusicStreamVolume	GetMusicStreamVolume	WC2-only		wc2-only
src/gr.c	1119		00428DE0	GetStreamerState	GetStreamerState	WC2-only		wc2-only
src/gr.c	1125	004425D0	00428B86	Streamer_close	Streamer_close	WC1-auto-vt		mapped
src/gr.c	1141		00428BAD	DestroyAudioStreamer	DestroyAudioStreamer	WC2-only		wc2-only
src/gr.c	1150	00442600	00428D09	ReadCheaterFlagFromRegistry	ReadCheaterFlagFromRegistry	WC1-auto-vt		mapped
src/gr.c	1240		0044A910	GenerateWipeRadialEdges	GenerateWipeRadialEdges	WC2-only		wc2-only
src/gr.c	1299		0044AAE5	BlitWipeRadialBands	BlitWipeRadialBands	WC2-only		wc2-only
src/hudmsg.c			00401ACB	HandleCannedSceneBufferBoundary	HandleCannedSceneBufferBoundary	WC2-only		wc2-only
src/hudmsg.c			00401C72	GetCannedSceneObjectMode	GetCannedSceneObjectMode	WC2-only		wc2-only
src/hudmsg.c			00401D79	RecordCannedSceneObjectState	RecordCannedSceneObjectState	WC2-only		wc2-only
src/hudmsg.c			00402385	FlushCannedSceneRecordingBuffer	FlushCannedSceneRecordingBuffer	WC2-only		wc2-only
src/hudmsg.c			00446960	ResetCannedScenePlaybackBuffer	ResetCannedScenePlaybackBuffer	WC2-only		wc2-only
src/hudmsg.c			00446950	BeginInflightReplayHook	BeginInflightReplayHook	WC2-only		wc2-only
src/hudmsg.c			00446A1D	RestoreCannedSceneObjectState	RestoreCannedSceneObjectState	WC2-only		wc2-only
src/hudmsg.c			00446B6A	ApplyCannedSceneObjectEventRecord	ApplyCannedSceneObjectEventRecord	WC2-only		wc2-only
src/hudmsg.c			00446CC2	ApplyCannedSceneSoundRecord	ApplyCannedSceneSoundRecord	WC2-only		wc2-only
src/hudmsg.c			00446D0D	ApplyCannedSceneMusicRecord	ApplyCannedSceneMusicRecord	WC2-only		wc2-only
src/hudmsg.c			00446D55	ApplyCannedSceneFrameEvents	ApplyCannedSceneFrameEvents	WC2-only		wc2-only
src/hudmsg.c			00446F14	LoadCannedScenePlaybackBuffer	LoadCannedScenePlaybackBuffer	WC2-only		wc2-only
src/hudmsg.c	11	00428E70	004672C5	MeasureMessageWidth	MeasureMessageWidth	manual-verified		mapped
src/hudmsg.c	20	00428EA0		RunWc1KeyAcknowledge				unmapped
src/hudmsg.c	52	00428F20	00437C2E	ShowModalMessage	ShowModalMessage	WC1-callgraph-transfer		mapped
src/hudmsg.c	75	00428F80	00437C96	ReportOutOfMemoryAndExit	ReportOutOfMemoryAndExit	WC1-auto-vt		mapped
src/hudmsg.c	82	00428FA0	00437DFA	ShowOnScreenMessage	ShowOnScreenMessage	WC1-callgraph-transfer		mapped
src/hudmsg.c	165	004290A0	00437F2F	ShowGamePausedBanner	ShowGamePausedBanner	WC1-fuzzy-very-low		mapped
src/hudmsg.c	184	004290D0	00437F77	ShowVersionBanner	ShowVersionBanner	WC1-auto-vt		mapped
src/hudmsg.c	191	004290F0	00437F9A	SetMessageDisplaySpeed	SetMessageDisplaySpeed	WC1-fuzzy-followup		mapped
src/hudmsg.c	200	00429120	00437FD3	ReportFramesSkipped	ReportFramesSkipped	WC1-fuzzy-followup		mapped
src/hudmsg.c	209	00429160	0046733D	HandleSpaceFlightControls	HandleDebugCheatKeys	WC1-fuzzy-followup		mapped
src/hudmsg.c	650		00468E7A	DrawSpaceSceneFrame	DrawSpaceSceneFrame	WC2-only		wc2-only
src/hudmsg.c	710	00429DD0	004690FF	Draw_3Space_Frame	Draw_3Space_Frame	WC1-fuzzy-low	WC1-review-module-mismatch	mapped
src/hudmsg.c	746	00429E30		GetArcadeBonus				unmapped
src/hudmsg.c	756	00429E70		FigureArcadeTime				unmapped
src/hudmsg.c	763	00429E90	00434EBC	DrawArcadeScorePanel	DrawArcadeScorePanel	WC1-callgraph-single-low		mapped
src/hudmsg.c	774	00429EE0		UpdateArcadeScoreDisplay				unmapped
src/hudmsg.c	807	00429FC0	0046903F	RenderSpaceViewFrame	RenderSpaceViewFrame	WC1-callgraph-propagated	WC1-review-module-mismatch	mapped
src/hudmsg.c	866	0042A0C0		RefreshCockpitStatus				unmapped
src/hudmsg.c	875	0042A0E0	00469143	GetShipDistanceToNavPoint	GetShipDistanceToNavPoint	WC1-callgraph-propagated		mapped
src/hudmsg.c	885	0042A120	0046918D	FindNearestNavPoint	FindNearestNavPoint	WC1-callgraph-propagated		mapped
src/hudmsg.c	913	0042A170	00469223	ReleaseStaleNavTarget	ReleaseStaleNavTarget	WC1-callgraph-propagated		mapped
src/hudmsg.c	923	0042A190	0046925E	RunSpaceFlight	RunSpaceFlight	WC1-callgraph-propagated	WC1-review-module-mismatch	mapped
src/hudmsg.c	924		004379F0	InitializeSpaceFlightInput	InitializeSpaceFlightInput	WC2-only		wc2-only
src/hudmsg.c	937		0042D4C1	ReleaseSceneMusicPacket	ReleaseSceneMusicPacket	WC2-only		wc2-only
src/hudmsg.c	948		00446FC8	ProcessCannedSceneInput	ProcessCannedSceneInput	WC2-only		wc2-only
src/hudmsg.c	1002		0044698F	FinishCannedScenePlayback	FinishCannedScenePlayback	WC2-only		wc2-only
src/hudmsg.c	1027		0040230E	WriteTapeInitialState	WriteTapeInitialState	WC2-only		wc2-only
src/hudmsg.c	1048		00401A62	InitializeCannedSceneFrameIndex	InitializeCannedSceneFrameIndex	WC2-only		wc2-only
src/hudmsg.c	1054	0042A520	004695FD	calculate_damage_level	calculate_damage_level	WC1-fuzzy-medium	WC1-review-module-mismatch	mapped
src/hudmsg.c	1063		00401A10	ResetCannedSceneRecording	ResetCannedSceneRecording	WC2-only		wc2-only
src/hudmsg.c	1063		00401C1A	CheckCannedSceneBufferCapacity	CheckCannedSceneBufferCapacity	WC2-only		wc2-only
src/hudmsg.c	1076		00401FDD	RecordCannedSceneObjectEvent	RecordCannedSceneObjectEvent	WC2-only		wc2-only
src/hudmsg.c	1110	0042A670		ResetMouseCursorFrame				unmapped
src/hudmsg.c	1116	0042A680		UpdateRoomMenuCursor				unmapped
src/hudmsg.c	1148	0042A700	00453820	FadeViewportPaletteToColour	FadeViewportPaletteToColour	WC1-fuzzy-very-low		mapped
src/hudmsg.c	1213	0042A8F0	00424A60	find_objective	find_objective	WC2-manual-verified		mapped
src/hudmsg.c	1231	0042A950	00424AEE	arrive_from_warp	arrive_from_warp	WC1-fuzzy-followup		mapped
src/hudmsg.c	1254	0042AA10	00424C05	unwarp	unwarp	WC1-callgraph-propagated		mapped
src/hudmsg.c	1276	0042AAF0		warp				unmapped
src/hudmsg.c	1298	0042ABD0		drop_player_mine				unmapped
src/hudmsg.c	1325	0042AC50		personality_killed				unmapped
src/hudmsg.c	1350	0042A610		UpdateWc1TrainSimMenuCursor				unmapped
src/hudmsg.c	1357	0042AD00		find_next_gun				unmapped
src/hudmsg.c	1372		00419A40	CopyHugeMemoryOverlapSafe	CopyHugeMemoryOverlapSafe	WC2-only		wc2-only
src/hudmsg.c	1391	0042ADA0		select_guns				unmapped
src/hudmsg.c	1422	0042AE10	0046166D	select_new_gun	select_new_gun	WC1-fuzzy-low		mapped
src/hudmsg.c	1432	0042AE50	004616B8	select_new_release_weapon	select_new_release_weapon	WC1-fuzzy-very-low		mapped
src/hudmsg.c	1506	0042AFA0		WaitForDebugStep				unmapped
src/hudmsg.c	1512	0042AFB0	0040A2D0	FrameTimerCallback	FrameTimerCallback	WC1-order-exact		mapped
src/hudmsg.c	1524	0042AFC0	0040A2E7	SetMultimediaTimerCallback	SetMultimediaTimerCallback	WC1-fuzzy-medium		mapped
src/ix/dsp.cpp	40	00444910	00489990	ix_dsp_init	ix_dsp_init	WC1-auto-vt		mapped
src/ix/dsp.cpp	66	004449CF	00489A4F	ix_dsp_shutdown	ix_dsp_shutdown	WC1-auto-vt		mapped
src/ix/dsp.cpp	95	00444A62	00489AE2	ix_dsp_configure	ix_dsp_configure	WC1-auto-vt		mapped
src/ix/dsp.cpp	124	00444B25	00489BA5	ix_dsp_open_driver	ix_dsp_open_driver	WC1-auto-vt		mapped
src/ix/dsp.cpp	160	00444BFD	00489C7D	ix_dsp_get_tick	ix_dsp_get_tick	WC1-callgraph-propagated		mapped
src/ix/dsp.cpp	166	00444C12	00489C92	ix_dsp_get_flags	ix_dsp_get_flags	WC1-order-exact		mapped
src/ix/dsp.cpp	172	00444C27	00489CA7	ix_dsp_set_config_bit1	ix_dsp_set_config_bit1	WC1-auto-vt		mapped
src/ix/dsp.cpp	181	00444C54	00489CD4	ix_dsp_set_config_bit3	ix_dsp_set_config_bit3	WC1-auto-vt		mapped
src/ix/dsp.cpp	190	00444C81	00489D01	ix_dsp_get_voice_count	ix_dsp_get_voice_count	WC1-callgraph-propagated		mapped
src/ix/dsp.cpp	196	00444C96	00489D16	ix_dsp_set_voice_count	ix_dsp_set_voice_count	WC1-fuzzy-high		mapped
src/ix/dsp.cpp	211	00444D18	00489D98	ix_dsp_get_stream_count	ix_dsp_get_stream_count	WC1-order-exact		mapped
src/ix/dsp.cpp	217	00444D2D	00489DAD	ix_dsp_set_stream_count	ix_dsp_set_stream_count	WC1-fuzzy-medium		mapped
src/ix/dsp.cpp	232	00444DAF	00489E2F	ix_dsp_get_master_volume	ix_dsp_get_master_volume	WC1-callgraph-single		mapped
src/ix/dsp.cpp	238	00444DC5	00489E45	ix_dsp_set_master_volume	ix_dsp_set_master_volume	WC1-auto-vt		mapped
src/ix/dsp.cpp	255	00444E52	00489ED2	ix_dsp_build_pan_tables	ix_dsp_build_pan_tables	WC1-auto-vt		mapped
src/ix/dsp.cpp	289	00444F97	0048A017	ix_dsp_result_to_text	ix_dsp_result_to_text	WC1-auto-vt		mapped
src/ix/dsp.cpp	329	00445123	0048A1A3	ix_dsp_alloc	ix_dsp_alloc	WC1-fuzzy-high		mapped
src/ix/dsp.cpp	335	00445140	0048A1C0	function	ix_dsp_copy	WC1-auto-vt		mapped
src/ix/dsp.cpp	342	00445164	0048A1E4	ix_dsp_free	ix_dsp_free	WC1-callgraph-propagated		mapped
src/ix/dsp.cpp	348	00445190		ix_dsp_static_initializer				unmapped
src/ix/dsp.cpp	354	004451A5		ix_dsp_static_initialization_hook				unmapped
src/ix/dsps.cpp	18	004451B5	0048AA15	ix_dsps_alloc	ix_dsps_alloc	WC1-auto-vt		mapped
src/ix/dsps.cpp	70	0044546B	0048ACCB	ix_dsps_free	ix_dsps_free	WC1-auto-vt		mapped
src/ix/dsps.cpp	91	00445582	0048ADE2	ix_dsps_prepare	ix_dsps_prepare	WC1-auto-vt		mapped
src/ix/dsps.cpp	116	004456D8	0048AF38	ix_dsps_play	ix_dsps_play	WC1-auto-vt		mapped
src/ix/dsps.cpp	143	00445808	0048B068	ix_dsps_stop	ix_dsps_stop	WC1-auto-vt		mapped
src/ix/dsps.cpp	165	00445906	0048B166	ix_dsps_set_volume	ix_dsps_set_volume	WC1-auto-vt		mapped
src/ix/dsps.cpp	189	00445A0B	0048B26B	ix_dsps_get_flags	ix_dsps_get_flags	WC1-auto-vt		mapped
src/ix/dsps.cpp	200	00445A6F	0048B2CF	ix_dsps_get_buffer_free	ix_dsps_get_buffer_free	WC1-auto-vt		mapped
src/ix/dsps.cpp	242	00445CDB	0048B53B	ix_dsps_lock	ix_dsps_lock	WC1-auto-vt		mapped
src/ix/dsps.cpp	273	00445E3C	0048B69C	ix_dsps_unlock	ix_dsps_unlock	WC1-auto-vt		mapped
src/ix/dspv.cpp	24	004467C5	0048A235	ix_dspv_set_active	ix_dspv_set_active	WC1-auto-vt		mapped
src/ix/dspv.cpp	35	00446829	0048A299	ix_dspv_clear_active	ix_dspv_clear_active	WC1-auto-vt		mapped
src/ix/dspv.cpp	46	0044688E	0048A2FE	ix_dspv_clear_flag4	ix_dspv_clear_flag4	WC1-auto-vt		mapped
src/ix/dspv.cpp	57	004468F2	0048A362	ix_dspv_get_flags	ix_dspv_get_flags	WC1-auto-vt		mapped
src/ix/dspv.cpp	68	00446956	0048A3C6	ix_dspv_set_flag4	ix_dspv_set_flag4	WC1-auto-vt		mapped
src/ix/dspv.cpp	78	0044698F	0048A3FF	ix_dspv_set_buffer	ix_dspv_set_buffer	WC1-auto-vt		mapped
src/ix/dspv.cpp	95	00446A2B	0048A49B	ix_dspv_get_position	ix_dspv_get_position	WC1-auto-vt		mapped
src/ix/dspv.cpp	108	00446AA0	0048A510	ix_dspv_set_position	ix_dspv_set_position	WC1-auto-vt		mapped
src/ix/dspv.cpp	121	00446B18	0048A588	ix_dspv_set_volume	ix_dspv_set_volume	WC1-auto-vt		mapped
src/ix/dspv.cpp	133	00446B8C	0048A5FC	ix_dspv_set_pan	ix_dspv_set_pan	WC1-auto-vt		mapped
src/ix/dspv.cpp	163	00446CB1	0048A721	ix_dspv_set_frequency	ix_dspv_set_frequency	WC1-auto-vt		mapped
src/ix/dspv.cpp	175	00446D2C	0048A79C	ix_dspv_set_bits_per_sample	ix_dspv_set_bits_per_sample	WC1-auto-vt		mapped
src/ix/dspv.cpp	194	00446DF5	0048A865	ix_dspv_set_channels	ix_dspv_set_channels	WC1-auto-vt		mapped
src/ix/dspv.cpp	213	00446EBF	0048A92F	ix_dspv_recalc_mix	ix_dspv_recalc_mix	WC1-auto-vt		mapped
src/ix/dspv.cpp	234	00446F74	0048BFF8	ix_dspv_mix	ix_dspv_mix	WC1-auto-vt		mapped
src/ix/ixlog.cpp	28	004426A0	00428BD4	ix_log_printf	ix_log_printf	WC1-auto-vt		mapped
src/ix/lzo1x.cpp	18	004614C0	0048C290	ix_lzo1x_decompress	ix_lzo1x_decompress	WC1-auto-vt		mapped
src/ix/lzo1x.cpp	191	00461650	0048C420	ix_file_open	ix_file_open	WC1-auto-vt		mapped
src/ix/lzo1x.cpp	214	004616BE	0048C48E	ix_file_close	ix_file_close	WC1-auto-vt		mapped
src/ix/lzo1x.cpp	220	004616DA	0048C4AA	ix_file_seek	ix_file_seek	WC1-auto-vt		mapped
src/ix/lzo1x.cpp	226	004616FC	0048C4CC	ix_file_tell	ix_file_tell	WC1-auto-vt		mapped
src/ix/lzo1x.cpp	232	00461718	0048C4E8	ix_file_read	ix_file_read	WC1-manual-verified		mapped
src/ix/lzo1x.cpp	239	00461764	0048C534	ix_file_size	ix_file_size	WC1-auto-vt		mapped
src/ix/mixer.cpp	36	00445F60	0048B7C0	ix_mixer_thread_proc	ix_mixer_thread_proc	WC1-auto-vt		mapped
src/ix/mixer.cpp	177	004463FC	0048BC5C	ix_mixer_service	ix_mixer_service	WC1-auto-vt		mapped
src/ix/mixer.cpp	268	004467A0		ix_mixer_static_initializer				unmapped
src/ix/mixer.cpp	274	004467B5		ix_mixer_static_initialization_hook				unmapped
src/ix/sample.cpp	62	0044879C	0046B21C	IxSample::ix_sample_load_aiff	ix_sample_load_aiff	WC1-auto-vt		mapped
src/ix/sample.cpp	174	00448C8B	0046B70B	IxSample::ix_sample_load_wav	ix_sample_load_wav	WC1-auto-vt		mapped
src/ix/sample.cpp	265	00449044	0046BAC4	IxSample::ix_sample_load_raw	ix_sample_load_raw	WC1-auto-vt		mapped
src/ix/sample.cpp	291	0044914C	0046BBCC	IxSample::ix_sample_convert_from_ieee_extended	ix_sample_convert_from_ieee_extended	WC1-auto-vt		mapped
src/ix/sound.cpp	15	00447CD8	0046A758	ix_sound_start	ix_sound_start	WC1-auto-vt		mapped
src/ix/sound.cpp	101	0044801E	0046AA9E	ix_sound_release	ix_sound_release	WC1-auto-vt		mapped
src/ix/sound.cpp	118	004480CF	0046AB4F	ix_sound_stop	ix_sound_stop	WC1-auto-vt		mapped
src/ix/sound.cpp	180	0044831A	0046AD9A	IxSound::ix_sound_reprioritise	ix_sound_reprioritise	WC1-auto-vt		mapped
src/ix/sound.cpp	259	00448645	0046B0C5	IxSound::ix_sound_set_delete_on_stop	ix_sound_set_delete_on_stop	WC1-auto-vt		mapped
src/ix/sound.cpp	268	00448678	0046B0F8	ix_sound_is_playing	ix_sound_is_playing	WC1-manual-verified		mapped
src/ix/sound.cpp	274	004486B0	0046B130	IxSample::ix_sample_construct	ix_sample_construct	WC1-auto-vt		mapped
src/ix/sound.cpp	286	0044870F	0046B18F	IxSample::ix_sample_destruct	ix_sample_destruct	WC1-auto-vt		mapped
src/ix/streamer.cpp	48	00442750	0046BD50	ix_streamer_init	ix_streamer_init	WC1-auto-vt		mapped
src/ix/streamer.cpp	78	0044286F	0046BE6F	ix_streamer_destroy	ix_streamer_destroy	WC1-auto-vt		mapped
src/ix/streamer.cpp	112	0044291E	0046BF1E	ix_streamer_configure	ix_streamer_configure	WC2-manual-verified		mapped
src/ix/streamer.cpp	118	0044293E	0046BF3E	ix_streamer_set_dev_mode	ix_streamer_set_dev_mode	WC1-auto-vt		mapped
src/ix/streamer.cpp	133	004429B6	0046BFB6	ix_streamer_open_stream_file	ix_streamer_open_stream_file	WC1-auto-vt		mapped
src/ix/streamer.cpp	307	0044307A	0046C67A	ix_streamer_close_stream_file	ix_streamer_close_stream_file	WC1-auto-vt		mapped
src/ix/streamer.cpp	346	004431F3	0046C7F3	ix_streamer_audio_play	ix_streamer_audio_play	WC1-auto-vt		mapped
src/ix/streamer.cpp	359	00443253	0046C853	ix_streamer_audio_stop	ix_streamer_audio_stop	WC1-auto-vt		mapped
src/ix/streamer.cpp	372	004432B6	0046C8B6	ix_streamer_audio_pause	ix_streamer_audio_pause	WC1-auto-vt		mapped
src/ix/streamer.cpp	384	0044330F	0046C90F	ix_streamer_audio_reprepare	ix_streamer_audio_reprepare	WC1-auto-vt		mapped
src/ix/streamer.cpp	396	0044336B	0046C96B	ix_streamer_set_intensity	ix_streamer_set_intensity	WC1-auto-vt		mapped
src/ix/streamer.cpp	406	004433AC	0046C9AC	ix_streamer_get_intensity	ix_streamer_get_intensity	WC1-fuzzy-high		mapped
src/ix/streamer.cpp	412	004433C1	0046C9C1	ix_streamer_set_trigger	ix_streamer_set_trigger	WC1-auto-vt		mapped
src/ix/streamer.cpp	427	00443419	0046CA19	ix_streamer_get_trigger	ix_streamer_get_trigger	WC1-order-exact		mapped
src/ix/streamer.cpp	433	0044342E	0046CA2E	ix_streamer_force_trigger	ix_streamer_force_trigger	WC1-auto-vt		mapped
src/ix/streamer.cpp	484	004435BE	0046CBBE	ix_streamer_set_volume	ix_streamer_set_volume	WC1-auto-vt		mapped
src/ix/streamer.cpp	500	0044363B	0046CC3B	ix_streamer_get_volume	ix_streamer_get_volume	WC1-fuzzy-high		mapped
src/ix/streamer.cpp	506	00443651	0046CC51	ix_streamer_get_audio_chunk	ix_streamer_get_audio_chunk	WC1-manual-verified		mapped
src/ix/streamer.cpp	512	00443666	0046CC66	ix_streamer_seek_chunk	ix_streamer_seek_chunk	WC1-auto-vt		mapped
src/ix/streamer.cpp	527	004436C0	0046CCC0	ix_streamer_hash_name	ix_streamer_hash_name	WC1-auto-vt		mapped
src/ix/streamer.cpp	549	00443755	0046CD55	ix_streamer_find_entry	ix_streamer_find_entry	WC1-auto-vt		mapped
src/ix/streamer.cpp	573	004437E3	0046CDE3	ix_streamer_open_file	ix_streamer_open_file	WC1-auto-vt		mapped
src/ix/streamer.cpp	640	00443A5D	0046D05D	ix_streamer_close_file	ix_streamer_close_file	WC1-auto-vt		mapped
src/ix/streamer.cpp	658	00443B10	0046D110	ix_streamer_thread_proc	ix_streamer_thread_proc	WC1-auto-vt		mapped
src/ix/streamer.cpp	733	00443CC0	0046D2C0	ix_streamer_service_audio	ix_streamer_service_audio	WC1-auto-vt		mapped
src/ix/system.cpp	23	00447200	00469C80	ix_system_init	ix_system_init	WC1-auto-vt		mapped
src/ix/system.cpp	44	004472A7	00469D27	ix_system_service_sounds	ix_system_service_sounds	WC1-auto-vt		mapped
src/ix/system.cpp	91	004473F3	00469E73	ix_system_shutdown	ix_system_shutdown	WC1-auto-vt		mapped
src/ix/system.cpp	102	00447426	00469EA6	ix_system_configure	ix_system_configure	WC2-manual-verified		mapped
src/ix/system.cpp	108	00447446	00469EC6	ix_system_get_master_volume	ix_system_get_master_volume	WC1-auto-vt		mapped
src/ix/system.cpp	114	0044745B	00469EDB	ix_system_set_master_volume	ix_system_set_master_volume	WC1-auto-vt		mapped
src/ix/system.cpp	120	00447477	00469EF7	ix_system_get_voice_count	ix_system_get_voice_count	WC1-order-exact		mapped
src/ix/system.cpp	126	0044748C	00469F0C	ix_system_set_voice_count	ix_system_set_voice_count	WC1-auto-vt		mapped
src/ix/system.cpp	137	004474E3	00469F63	ix_system_new_sample	ix_system_new_sample	WC1-auto-vt		mapped
src/ix/system.cpp	148	00447519	00469F99	ix_system_delete_sample	ix_system_delete_sample	WC1-auto-vt		mapped
src/ix/system.cpp	157	00447548	00469FC8	ix_system_delete_all_samples	ix_system_delete_all_samples	WC1-auto-vt		mapped
src/ix/system.cpp	171	0044758D	0046A00D	ix_system_new_sound	ix_system_new_sound	WC1-auto-vt		mapped
src/ix/system.cpp	182	004475C7	0046A047	ix_system_delete_sound	ix_system_delete_sound	WC1-auto-vt		mapped
src/ix/system.cpp	195	00447610	0046A090	ix_system_delete_all_sounds	ix_system_delete_all_sounds	WC1-auto-vt		mapped
src/ix/system.cpp	223	004476B9	0046A139	ix_system_release_voice	ix_system_release_voice	WC1-auto-vt		mapped
src/ix/system.cpp	235	004476FA	0046A17A	ix_system_assign_voice	ix_system_assign_voice	WC1-auto-vt		mapped
src/ix/system.cpp	285	00447921	0046A3A1	ix_system_find_highest_waiting	ix_system_find_highest_waiting	WC1-auto-vt		mapped
src/ix/system.cpp	301	00447974	0046A3F4	ix_system_find_lowest_playing	ix_system_find_lowest_playing	WC1-auto-vt		mapped
src/ix/system.cpp	317	004479C7	0046A447	ix_system_find_free_voice	ix_system_find_free_voice	WC1-auto-vt		mapped
src/ix/system.cpp	330	00447A20	0046A4A0	IxSound::ix_system_sound_init	ix_system_sound_init	WC1-auto-vt		mapped
src/ix/system.cpp	357	00447B17	0046A597	IxSound::ix_system_sound_construct	ix_system_sound_construct	WC1-auto-vt		mapped
src/ix/system.cpp	364	00447B48	0046A5C8	IxSound::ix_system_sound_construct_centred	ix_system_sound_construct_centred	WC1-auto-vt		mapped
src/ix/system.cpp	370	00447B7A	0046A5FA	ix_sound_unlink_from_free_list	ix_sound_unlink_from_free_list	WC1-auto-vt		mapped
src/ix/system.cpp	382	00447BE7	0046A667	IxSound::ix_system_sound_set_volume	ix_system_sound_set_volume	WC1-auto-vt		mapped
src/ix/system.cpp	390	00447C18	0046A698	IxSound::ix_system_sound_set_pan	ix_system_sound_set_pan	WC1-auto-vt		mapped
src/ix/system.cpp	397	00447C44	0046A6C4	IxSound::ix_system_sound_set_frequency	ix_system_sound_set_frequency	WC1-auto-vt		mapped
src/ix/system.cpp	409	00447CAF	0046A72F	IxSound::ix_system_sound_set_priority	ix_system_sound_set_priority	WC1-auto-vt		mapped
src/ix/thread.cpp	19	00443DA6	0046D3A6	ix_thread_handle_file_chunk	ix_thread_handle_file_chunk	WC1-auto-vt		mapped
src/ix/thread.cpp	146	004441C6	0046D7C6	ix_thread_service_streams	ix_thread_service_streams	WC1-auto-vt		mapped
src/ix/thread.cpp	188	00444316	0046D916	ix_thread_advance_audio_chunk	ix_thread_advance_audio_chunk	WC1-auto-vt		mapped
src/ix/thread.cpp	272	004445C9	0046DBC9	ix_thread_lock_stream_buffer	ix_thread_lock_stream_buffer	WC1-auto-vt		mapped
src/ix/thread.cpp	302	004446A6	0046DCA6	ix_thread_get_audio_chunk_size	ix_thread_get_audio_chunk_size	WC1-auto-vt		mapped
src/ix/thread.cpp	316	00444700	0046DD00	IxStreamFile::ix_stream_file_read	ix_stream_file_read	WC1-auto-vt		mapped
src/ix/thread.cpp	345	00444809	0046DE09	IxStreamFile::ix_stream_file_seek	ix_stream_file_seek	WC1-auto-vt		mapped
src/ix/thread.cpp	355	0044485B	0046DE5B	IxStreamFile::ix_stream_file_tell	IxStreamFile::ix_stream_file_tell	WC1-manual-verified		mapped
src/ix/thread.cpp	362	0044487F	0046DE7F	IxStreamFile::ix_stream_file_size	ix_stream_file_size	WC1-auto-vt		mapped
src/ix/thread.cpp	368	0044489B	0046DE9B	IxStreamFile::ix_stream_file_wait	ix_stream_file_wait	WC1-auto-vt		mapped
src/ix/thread.cpp	377	004448D9		IxStreamFile::ix_stream_file_is_reading				unmapped
src/killbrd.c	9	0043F640		CorrectPointers				unmapped
src/killbrd.c	28	0043F690		ClearRoomMenuLabel				unmapped
src/killbrd.c	34	0043F6A0		IsRoomMenuLabelEmpty				unmapped
src/killbrd.c	40	0043F6B0		DrawRoomMenuLabel				unmapped
src/killbrd.c	50	0043F6F0		RefreshRoomMenuLabel				unmapped
src/killbrd.c	60	0043F720		ClearRoomMenuCursorFrame				unmapped
src/killbrd.c	66	0043F730		SelectRoomMenuLabel				unmapped
src/killbrd.c	76	0043F750		InitializeRoomMenu				unmapped
src/killbrd.c	96	0043F7C0		FindMenuRegionAtPoint				unmapped
src/killbrd.c	112	0043F810	0045C128	ResetGameTextContexts	ResetGameTextContexts	manual-verified		mapped
src/killbrd.c	147		00418ECD	RunTitleMenuInputLoop	RunTitleMenuInputLoop	WC2-only		wc2-only
src/killbrd.c	190		00418FFC	RunTitleScreen	RunTitleScreen	WC2-only		wc2-only
src/killbrd.c	394	0043F940		RecRoom				unmapped
src/killbrd.c	567	00440510		ShowWc1ChalkBoard				unmapped
src/killbrd.c	672		00459C4D	PollCampaignChalkboardMenu	PollCampaignChalkboardMenu	WC2-only		wc2-only
src/killbrd.c	672	00440800		ResetCampaignData				unmapped
src/killbrd.c	685	00440840	00469BE0	ReadPacketSectionData	ReadPacketSectionData	WC1-callgraph-propagated	WC1-review-module-mismatch	mapped
src/killbrd.c	706	004408A0	004254C0	CheckHeapBlockSignature	CheckHeapBlockSignature	WC1-fuzzy-very-low		mapped
src/killbrd.c	722		0042550E	HasValidShapeAllocationSignature	HasValidShapeAllocationSignature	WC2-only		wc2-only
src/killbrd.c	728	004408C0	0042553A	GetPreparedShapeData	GetPreparedShapeData	WC1-callgraph-propagated		mapped
src/killbrd.c	738	004408D0	00425550	GetShapeFrameCount	GetShapeFrameCount	WC1-callgraph-propagated		mapped
src/killbrd.c	745	004408F0	0042557C	GetShapeFrameExtents	GetShapeFrameExtents	WC1-order-exact		mapped
src/killbrd.c	785	00440960	00425618	DecodeShapeFrame	DecodeShapeFrame	WC1-order-exact		mapped
src/killbrd.c	920	00440BE0	004259E2	SignExtendClipCoord	SignExtendClipCoord	WC1-fuzzy-medium		mapped
src/killbrd.c	964		00459D74	RunCampaignChalkboardMenu	RunCampaignChalkboardMenu	WC2-only		wc2-only
src/logic.c			0045F7EC	UpdateShipTurretGuns	UpdateShipTurretGuns	WC2-only		wc2-only
src/logic.c			004603C5	ClearTargetCameraView	ClearTargetCameraView	WC2-only		wc2-only
src/logic.c			00460BAF	ClearSavedTorpedoTargetLock	ClearSavedTorpedoTargetLock	WC2-only		wc2-only
src/logic.c			00460BCC	UpdateSavedTorpedoTargetLock	UpdateSavedTorpedoTargetLock	WC2-only		wc2-only
src/logic.c			00460D3E	SetTargetCameraEyePosition	SetTargetCameraEyePosition	WC2-only		wc2-only
src/logic.c	0		0042B916	find_ratio	find_ratio	WC2-only		wc2-only
src/logic.c	14	00421100		find_weapon				unmapped
src/logic.c	31	00421150	0041670E	fire_missile	fire_missile	WC1-manual-verified		mapped
src/logic.c	65	00421220	0041687F	fire_fixed_projectile_weapon	fire_fixed_projectile_weapon	WC1-manual-verified		mapped
src/logic.c	83	004212A0		drop_mine				unmapped
src/logic.c	109	00421350	0041693A	fire_afterburner	fire_afterburner	WC1-manual-verified		mapped
src/logic.c	127	004213B0	004169CC	fire_super_brake	fire_super_brake	WC1-fuzzy-low		mapped
src/logic.c	135	004213D0	004169F3	flip_angle	flip_angle	WC1-fuzzy-medium		mapped
src/logic.c	152	00421430	00416A87	place_exhaust_on_ships	place_exhaust_on_ships	WC1-callgraph-propagated		mapped
src/logic.c	213	004215E0	00416DC3	reposition_fixed_child_objects	reposition_fixed_child_objects	WC1-order-exact		mapped
src/logic.c	316	00421760	004170F9	housekeep_power_plant_and_fuel	housekeep_power_plant_and_fuel	WC1-fuzzy-low		mapped
src/logic.c	324	00421780	00417124	replenish_shields	replenish_shields	WC1-manual-verified		mapped
src/logic.c	350	00421830	0041724A	replenish_weapon_energy_bank	replenish_weapon_energy_bank	WC1-callgraph-propagated		mapped
src/logic.c	381	004218D0	0041740F	accelerate	accelerate	WC1-fuzzy-low		mapped
src/logic.c	392	00421920	00417471	your_afterburner	your_afterburner	WC1-fuzzy-low		mapped
src/logic.c	426	004219C0	0045B810	LoadGamePaletteFile	LoadGamePaletteFile	WC1-callgraph-propagated		mapped
src/logic.c	428		0045B7E0	QueryCurrentGraphicsMode	QueryCurrentGraphicsMode	WC2-only		wc2-only
src/logic.c	457	00421A40	0045B905	EMShutDown	EMShutDown	WC1-fuzzy-low		mapped
src/logic.c	465	00421A60		InitializeEventManagerResources				unmapped
src/logic.c	478	00421AB0	0045B924	EMStartUp	EMStartUp	WC1-callgraph-propagated		mapped
src/logic.c	491	00421B10	0045B9D3	LoadOriginFxDrivers	LoadOriginFxDrivers	WC1-callgraph-propagated		mapped
src/logic.c	587	00421D80	0045C088	InitializeGameTextContexts	InitializeGameTextContexts	WC1-fuzzy-low		mapped
src/logic.c	609	00421E20	0045C1A1	initialize_direction_view_frame	SetUiFn1E20	WC1-fuzzy-low		mapped
src/logic.c	627	00421EF0	0045C279	initialize_direction_view_frames	LoopLocalFn1EF0	WC1-fuzzy-followup		mapped
src/logic.c	655			LoadLegacySpaceflightResourceSets				unmapped
src/logic.c	686	00421FE0		GetFxDriverInitResult				unmapped
src/logic.c	692	00421FF0		GetMessagePumpResult				unmapped
src/logic.c	698	00422000		GetFxDriverStatus				unmapped
src/logic.c	704	00422010		ace_status				unmapped
src/logic.c	710	00422030		unflag_ace				unmapped
src/logic.c	716	00422050		flag_ace				unmapped
src/logic.c	722	00422060		kill_ace				unmapped
src/logic.c	731	00422090	00429550	SendKilrathiAceGreetingOnce	SendKilrathiAceGreetingOnce	manual-verified		mapped
src/logic.c	747	004220D0		prepare_ace				unmapped
src/logic.c	754		004293F9	LoadTemporaryCampaignGlobals	LoadTemporaryCampaignGlobals	WC2-only		wc2-only
src/logic.c	762		00429423	SaveAndFreeTemporaryCampaignGlobals	SaveAndFreeTemporaryCampaignGlobals	WC2-only		wc2-only
src/logic.c	781		0042949F	LoadWholeDataFile	LoadWholeDataFile	WC2-only		wc2-only
src/logic.c	801		0045BF30	InitializeHighMemoryGraphicsBuffers	InitializeHighMemoryGraphicsBuffers	WC2-only		wc2-only
src/logic.c	804	004220F0	00429581	signed_random	signed_random	WC1-fuzzy-followup		mapped
src/logic.c	810	00422110	004295A9	alert_flag	alert_flag	WC1-callgraph-propagated		mapped
src/logic.c	816	00422130		HasSpeechBuffer				unmapped
src/logic.c	826	00422140	004295D9	set_alert	set_alert	WC1-callgraph-propagated		mapped
src/logic.c	833	00422160	004295F2	clear_alert	clear_alert	WC1-fuzzy-medium		mapped
src/logic.c	841	00422180	00429625	start_collision_alert	start_collision_alert	WC1-fuzzy-low		mapped
src/logic.c	854	004221E0	00429698	try2end_collision_alert	try2end_collision_alert	WC1-fuzzy-followup		mapped
src/logic.c	864	00422220	004296E2	normal_speed	normal_speed	WC1-manual-verified		mapped
src/logic.c	874	00422260	00429736	real_crash_time	real_crash_time	WC1-fuzzy-followup		mapped
src/logic.c	917	00421F50	0045C35C	LoadSpaceflightResources	LoadSpaceflightResources	manual-verified		mapped
src/logic.c	939	00422440		clear_crash_cache				unmapped
src/logic.c	939		0045C419	InitializeMusicResources	InitializeMusicResources	WC2-only		wc2-only
src/logic.c	939		0045C3FA	StopMusicIfDriverActive	StopMusicIfDriverActive	WC2-only		wc2-only
src/logic.c	950	00422460	00429958	crash_time	crash_time	WC1-fuzzy-very-low		mapped
src/logic.c	966	004224F0	004299C9	detect_collisions	detect_collisions	WC1-callgraph-single		mapped
src/logic.c	994	00422560	00429B55	unactive	unactive	WC1-callgraph-propagated		mapped
src/logic.c	1004	00422590	00429BA8	are_alive	are_alive	WC1-manual-verified		mapped
src/logic.c	1013	004225C0	00429BF0	trim_goals	trim_goals	WC1-fuzzy-medium		mapped
src/logic.c	1041	00422640	00429CAD	report_kilrathi_rout	report_kilrathi_rout	WC1-fuzzy-low		mapped
src/logic.c	1077	00422710	00429E24	find_ship_index	find_ship_index	WC1-fuzzy-medium		mapped
src/logic.c	1098	00422780	00429EE0	try2rout	try2rout	WC1-fuzzy-followup		mapped
src/logic.c	1131		0042A003	CanSetNewShipTurnGoal	CanSetNewShipTurnGoal	WC2-only		wc2-only
src/logic.c	1141	00422830	0042A062	no_goal	no_goal	WC1-manual-verified		mapped
src/logic.c	1149	00422860	0042A0A9	being_tailed	being_tailed	WC1-manual-verified		mapped
src/logic.c	1158	004228A0		any_enemy_tail				unmapped
src/logic.c	1178	00422930	0042A108	detect_enemy_tail	detect_enemy_tail	WC1-fuzzy-very-low		mapped
src/logic.c	1194		0042917D	InitializeCampaignConstellationState	InitializeCampaignConstellationState	WC2-only		wc2-only
src/logic.c	1195	004229B0	0042A1C5	is_ship_tailing_player_target	is_ship_tailing_player_target	WC1-callgraph-propagated		mapped
src/logic.c	1201		00428E00	GetMissionShipPilotSaveIndex	GetMissionShipPilotSaveIndex	WC2-only		wc2-only
src/logic.c	1205	004229F0	0042A222	FindMissileTargetingObject	FindMissileTargetingObject	manual-verified		mapped
src/logic.c	1214		00428E5C	GetMissionShipVelocityState	GetMissionShipVelocityState	WC2-only		wc2-only
src/logic.c	1222	00422A30		select_weighted_value				unmapped
src/logic.c	1225		00428E98	GetInitialMissionShipPilotSaveIndex	GetInitialMissionShipPilotSaveIndex	WC2-only		wc2-only
src/logic.c	1236		00428EDC	StoreMissionResultsInCampaignGlobals	StoreMissionResultsInCampaignGlobals	WC2-only		wc2-only
src/logic.c	1240	00422A70	0042A28E	build_squad_list	build_squad_list	WC1-order-callgraph-verified		mapped
src/logic.c	1257	00422AC0	0042A313	find_squad_center	find_squad_center	WC1-order-callgraph-verified		mapped
src/logic.c	1274	00422B30	0042A39A	init_formation_burst	init_formation_burst	WC1-fuzzy-very-low		mapped
src/logic.c	1299	00422BE0	0042A490	reset_mission_type	reset_mission_type	WC1-fuzzy-low		mapped
src/logic.c	1311	00422C30	0042A4E5	change_mission_type	change_mission_type	WC1-fuzzy-followup		mapped
src/logic.c	1322	00422C70	0042A52A	reset_objective	reset_objective	WC1-fuzzy-low		mapped
src/logic.c	1331	00422CA0	0042A55F	alter_objective	alter_objective	WC1-order-exact		mapped
src/logic.c	1340	00422CD0	0042A594	reset_tactic	reset_tactic	WC1-fuzzy-followup		mapped
src/logic.c	1349	00422D00	0042A5C8	alter_tactic	alter_tactic	WC1-manual-verified		mapped
src/logic.c	1357	00422D30	0042A5F1	reset_maneuver	reset_maneuver	WC1-callgraph-propagated		mapped
src/logic.c	1365	00422D60	0042A625	try2reset_maneuver	try2reset_maneuver	WC1-fuzzy-low		mapped
src/logic.c	1374	00422D90	0042A664	set_special	set_special	WC1-fuzzy-followup		mapped
src/logic.c	1406	00422DD0	0042A6E8	approach_zero_speed	approach_zero_speed	WC1-fuzzy-followup		mapped
src/logic.c	1413	00422DF0	0042A701	approach_min_speed	approach_min_speed	WC1-fuzzy-low		mapped
src/logic.c	1420	00422E10	0042A71D	approach_half_speed	approach_half_speed	WC1-fuzzy-followup		mapped
src/logic.c	1437	00422E50	0042A754	approach_cruise_speed	approach_cruise_speed	WC1-callgraph-propagated		mapped
src/logic.c	1446	00422E80	0042A788	approach_full_speed	approach_full_speed	WC1-callgraph-propagated		mapped
src/logic.c	1454	00422EA0	0042A7AF	approach_ship_speed	approach_ship_speed	WC1-callgraph-propagated		mapped
src/logic.c	1461	00422EC0	0042A7D2	ComputePointAheadOfObject	ComputePointAheadOfObject	manual-verified		mapped
src/logic.c	1470	00422F10	0042A823	ComputePointBehindObject	ComputePointBehindObject	manual-verified		mapped
src/logic.c	1479	00422F60	0042A876	close_behind	close_behind	WC1-manual-verified		mapped
src/logic.c	1488	00422F80	0042A8B5	scan_for_enemy	scan_for_enemy	WC1-fuzzy-very-low		mapped
src/logic.c	1525	00423070	0042AA0D	any_enemy	any_enemy	WC1-fuzzy-followup		mapped
src/logic.c	1546	004230F0		nearest_enemy_range				unmapped
src/logic.c	1566	00423210		fire_when_ready				unmapped
src/logic.c	1579	00423260	0042AB81	ships_within_range	ships_within_range	WC1-callgraph-single-low		mapped
src/logic.c	1589	004232B0	0042ABCE	attacker_in_range	attacker_in_range	WC1-manual-verified		mapped
src/logic.c	1612	00423350	0042ACAF	in_danger	in_danger	WC1-callgraph-propagated		mapped
src/logic.c	1640	00423400	0042ADB8	target_within_range	target_within_range	WC1-manual-verified		mapped
src/logic.c	1652	00423440	0042AE32	build_target_list	build_target_list	WC1-manual-verified		mapped
src/logic.c	1678	004234C0		select_safe_target				unmapped
src/logic.c	1701	00423530	0042AF60	inherit_leader_mission	inherit_leader_mission	WC1-fuzzy-medium		mapped
src/logic.c	1718	004235B0	0042B00A	inherit_leader	inherit_leader	WC1-fuzzy-followup		mapped
src/logic.c	1734	00423610	0042B0B7	dead_ship	dead_ship	WC1-manual-verified		mapped
src/logic.c	1748	00423640	0042B0FB	gone_ship	gone_ship	WC1-callgraph-propagated		mapped
src/logic.c	1758	00423670		skill_rating				unmapped
src/logic.c	1772	004236B0	0042B15A	skill_check	skill_check	WC1-manual-verified		mapped
src/logic.c	1788	004236F0	0042B1AE	find_ships_sphere	find_ships_sphere	WC1-fuzzy-medium		mapped
src/logic.c	1822	00423780	0042B2A7	locate_ship	locate_ship	WC1-fuzzy-followup		mapped
src/logic.c	1846	00423820	0042B38F	get_follow_point	get_follow_point	WC1-fuzzy-followup		mapped
src/logic.c	1882	00423930	0042B524	get_first_follow_point	get_first_follow_point	WC1-fuzzy-very-low		mapped
src/logic.c	1892	00423970	0042B565	hostile_sphere	hostile_sphere	WC1-callgraph-single		mapped
src/logic.c	1924	004239D0	0042B5F7	abandoned	abandoned	WC1-fuzzy-low		mapped
src/logic.c	1961	00423A50	0042B6C5	engage	engage	WC1-fuzzy-followup		mapped
src/logic.c	1980	00423AC0	0042B73B	target_valid	target_valid	WC1-callgraph-propagated		mapped
src/logic.c	2003	00423B00	0042B80C	triumph	triumph	manual-verified		mapped
src/logic.c	2069	00423C00	0042B985	evaluate_damage	evaluate_damage	WC1-fuzzy-medium		mapped
src/logic.c	2089	00423CD0		mine_available				unmapped
src/logic.c	2095	00423CE0	004568E0	LoadShapeSet	LoadShapeSet	WC1-callgraph-propagated		mapped
src/logic.c	2136	00423D50	00456988	FreeShapeSet	FreeShapeSet	WC1-manual-verified		mapped
src/logic.c	2156	00423D80	004569C8	LoadPacketResourceList	LoadPacketResourceList	WC1-manual-verified		mapped
src/logic.c	2203	00423E10	00456A68	ResetCockpitPaletteEntries	HelperOf4219C0C	WC1-callgraph-propagated		mapped
src/logic.c	2245	00423E90	00456B1A	initialize_cockpit	initialize_cockpit	WC1-callgraph-propagated		mapped
src/logic.c	2406	004242D0	00457434	InitializeConstellationObject	InitializeConstellationObject	WC1-manual-verified		mapped
src/logic.c	2430	004243B0	00457587	FreeConstellationObject	FreeConstellationObject	WC1-manual-verified		mapped
src/logic.c	2443	004243E0	004575B4	init_constellation	init_constellation	WC1-manual-verified		mapped
src/logic.c	2480	00424490	004576AB	free_constellation	free_constellation	WC1-manual-verified		mapped
src/logic.c	2510	004244E0	00457720	init_vdus	init_vdus	WC1-fuzzy-low		mapped
src/logic.c	2531	004245B0	004577D7	InitializeCockpitResources	LoopCombatFn45B0	WC1-callgraph-propagated		mapped
src/logic.c	2658		004564F0	has_opposing_ship	has_opposing_ship	WC2-only		wc2-only
src/logic.c	2671		0045655D	launch_carrier_fighter	launch_carrier_fighter	WC2-only		wc2-only
src/logic.c	2674	004249A0	00458196	free_cockpit	free_cockpit	WC1-callgraph-propagated		mapped
src/logic.c	2702	00424A80	00458467	init_3Space_objects	init_3Space_objects	WC1-manual-verified		mapped
src/logic.c	2747	00424B00	00458532	load_common_3Space_objects	load_common_3Space_objects	WC1-manual-verified		mapped
src/logic.c	2780	00424B80	0045865D	remove_all_3d_objects	remove_all_3d_objects	WC1-manual-verified		mapped
src/logic.c	2798	00424BA0	00458698	free_3Space	free_3Space	WC1-manual-verified		mapped
src/logic.c	2829	00424BE0	00458716	free_3Space_objects	free_3Space_objects	WC1-manual-verified		mapped
src/logic.c	2854	00424C60	004587E0	init_inflight_music	init_inflight_music	WC1-order-exact		mapped
src/logic.c	2869	00424C80	00458806	free_inflight_music	free_inflight_music	WC1-fuzzy-followup		mapped
src/logic.c	2904	00424CE0		PreloadMusicTrackHook				unmapped
src/logic.c	2911	00424CF0		ReleaseMusicTrackHook				unmapped
src/logic.c	2918	00424D00		LoadSceneAnimationResources				unmapped
src/logic.c	2945	00424DA0		ReleaseSceneAnimationResources				unmapped
src/logic.c	2954	00424DE0		FindSceneAnimationCommand				unmapped
src/logic.c	2960	004243E0	004575B4	init_constellation	init_constellation	WC2-manual-verified		mapped
src/logic.c	2995	00424EA0		SceneAnimationGoalReached				unmapped
src/logic.c	3011	00424EF0		UpdateSceneAnimationObject				unmapped
src/logic.c	3274	00425500		PlaySceneAnimation				unmapped
src/logic.c	3414		0045887B	PreloadMusicTrack	PreloadMusicTrack	WC2-only		wc2-only
src/logic.c	3416		00458A90	DecodeSceneStructChunk	DecodeSceneStructChunk	WC2-only		wc2-only
src/logic.c	3429		0045890E	ReleaseMusicTrack	ReleaseMusicTrack	WC2-only		wc2-only
src/logic.c	3453		00458B8C	DecodeSceneOffsetChunk	DecodeSceneOffsetChunk	WC2-only		wc2-only
src/logic.c	3493		00458C81	DecodeSceneSymbolChunk	DecodeSceneSymbolChunk	WC2-only		wc2-only
src/logic.c	3538		00458D94	DecodeSceneFileChunk	DecodeSceneFileChunk	WC2-only		wc2-only
src/logic.c	3594		00469AD0	GetAvailableMainMemory	GetAvailableMainMemory	WC2-only		wc2-only
src/logic.c	3600		00469B49	GetLargestMainMemoryBlock	GetLargestMainMemoryBlock	WC2-only		wc2-only
src/logic.c	3808		00460242	CountShipCockpitGunDisplays	CountShipCockpitGunDisplays	WC2-only		wc2-only
src/logic.c	3980		004601F1	ResetTargetCameraView	ResetTargetCameraView	WC2-only		wc2-only
src/logic.c	4000		004602BE	ToggleTargetCameraOverlay	ToggleTargetCameraOverlay	WC2-only		wc2-only
src/logic.c	4015		00461466	FinalizeTargetCameraViewHook	FinalizeTargetCameraViewHook	WC2-only		wc2-only
src/logic.c	4042		004608E8	UpdateTargetCameraTracking	UpdateTargetCameraTracking	WC2-only		wc2-only
src/logic.c	4145		00460DFE	DrawTargetCameraAttitudeIndicators	DrawTargetCameraAttitudeIndicators	WC2-only		wc2-only
src/logic.c	4237		004610BC	RestoreTargetCameraAttitudeIndicators	RestoreTargetCameraAttitudeIndicators	WC2-only		wc2-only
src/logic.c	4310		00461456	UpdateTargetCameraCockpitHook	UpdateTargetCameraCockpitHook	WC2-only		wc2-only
src/logic.c	4354		00460498	ToggleTargetCameraTracking	ToggleTargetCameraTracking	WC2-only		wc2-only
src/main.c	0		00465780	SetPersonnelCursorPosition	SetPersonnelCursorPosition	WC2-only		wc2-only
src/main.c	9	004274E0	0045C558	Wc1GameMain	main	WC1-fuzzy-very-low		mapped
src/main.c	216	004279D0	00465CBC	free_view_buffer	free_view_buffer	WC1-manual-verified		mapped
src/main.c	228	00427A00	00465CF6	initialize_view_buffer	initialize_view_buffer	WC1-fuzzy-medium		mapped
src/main.c	252	00427A40	00465D55	dump_buffer_to_screen	dump_buffer_to_screen	WC1-fuzzy-very-low		mapped
src/main.c	286	00427B00	00465E88	clear_view_buffer	clear_view_buffer	WC1-fuzzy-followup		mapped
src/main.c	293	00427B20	00437CBF	InitializeConversationViewport	InitializeConversationViewport	WC1-fuzzy-followup		mapped
src/main.c	313	00427BA0	00437D68	ResetScreenClipToFullHeight	ResetScreenClipToFullHeight	WC1-fuzzy-followup		mapped
src/main.c	324	00427BC0	00437D92	InitializeConversationText	InitializeConversationText	WC1-fuzzy-low		mapped
src/main.c	345	00427C30	00465EA9	RefreshMemoryStatusOverlay	RefreshMemoryStatusOverlay	WC1-manual-verified		mapped
src/main.c	356	00427C50	00465EE9	Update_3Space	Update_3Space	WC1-callgraph-propagated	WC1-review-module-mismatch	mapped
src/main.c	381	00427C80	00465F3A	TriggerPlayerHitPaletteFlash	TriggerPlayerHitPaletteFlash	WC1-fuzzy-medium		mapped
src/main.c	389	00427CA0	00465F5B	FadeFlightPaletteEntry	FadeFlightPaletteEntry	WC1-manual-verified		mapped
src/main.c	402	00427CD0	00465FA3	UpdateSpacePaletteFade	UpdateSpacePaletteFade	WC1-fuzzy-followup		mapped
src/main.c	443	00427D40	0046604F	house_keep	house_keep	WC1-manual-verified		mapped
src/main.c	475	00427DF0		init_player_input				unmapped
src/main.c	486	00427E40	004661C2	get_player_input	get_player_input	WC1-manual-verified		mapped
src/main.c	520	00427F20	004663A2	process_player_input	process_player_input	WC1-fuzzy-very-low		mapped
src/main.c	723	00428480	00466908	fire_players_lasers	fire_players_lasers	WC1-fuzzy-very-low		mapped
src/main.c	736	004284D0	0046696E	players_flight_dynamics	players_flight_dynamics	WC1-fuzzy-medium		mapped
src/main.c	769	004285D0	00466B02	player_input	player_input	WC1-fuzzy-followup		mapped
src/main.c	895		00466AD2	IsInputEventQueued	IsInputEventQueued	WC2-only		wc2-only
src/main.c	1029	00428C90	00465E25	SelectNextExternalViewObject	SelectNextExternalViewObject	WC1-fuzzy-medium		mapped
src/main.c	1060	00428CD0		SelectPreviousExternalViewObject				unmapped
src/main.c	1178		0045E9F0	HandleFleetOverviewInput	HandleFleetOverviewInput	WC2-only		wc2-only
src/main.c	1263		0045F200	UpdateFleetOverviewCameraRotation	UpdateFleetOverviewCameraRotation	WC2-only		wc2-only
src/main.c	1281		0045F439	FireTargetCameraGuns	FireTargetCameraGuns	WC2-only		wc2-only
src/mathfp.c	11	00434CD0	004618E0	RandomBelow	DoLocalFn4CD0	WC1-fuzzy-medium		mapped
src/mathfp.c	17	00434CF0	004618FF	SeedRandomFromClock	DoLocalFn4CF0	WC1-auto-vt		mapped
src/mathfp.c	23		00461922	GetRandomWord	GetRandomWord	WC2-only		wc2-only
src/mathfp.c	29	00434D20	00461942	RandomInRange	RandomInRange	WC1-fuzzy-medium		mapped
src/mathfp.c	41	00434D50	004619A1	RandomBelowOrEqual	RandomBelowOrEqual	WC1-fuzzy-medium		mapped
src/mathfp.c	49	00434D80	004619E2	MultiplyFixed	MultiplyFixed	WC1-callgraph-propagated		mapped
src/mathfp.c	58	00434DB0	00461A2D	DivideFixed	DivideFixed	WC1-fuzzy-medium		mapped
src/mathfp.c	71	00434E00	00461A91	SinFixed	CalcVideoFn4E00	WC1-callgraph-propagated		mapped
src/mathfp.c	86	00434E30	00461AD6	CosFixed	CalcVideoFn4E30	WC1-callgraph-propagated		mapped
src/mathfp.c	101	00434E60	00461B1B	ArcSin	ArcSin	WC1-callgraph-propagated		mapped
src/mathfp.c	119	00434E90	00461B6B	ArcCos	ArcCos	WC1-callgraph-propagated		mapped
src/mathfp.c	137	00434EC0	00461BBB	Magnitude	Magnitude	WC1-callgraph-single-low		mapped
src/mathfp.c	154	00434EE0	00461C06	PlanarMagnitude	PlanarMagnitude	WC1-manual-verified		mapped
src/mathfp.c	165	00434F20	00461C71	Vector_magnitude	Vector_magnitude	WC1-callgraph-propagated		mapped
src/mathfp.c	189	00434F70	00461D02	SetTextCursor	SetTextCursor	WC1-manual-verified		mapped
src/mathfp.c	196	00434FA0	00461D29	SetTextContext	SetTextContext	WC1-manual-verified		mapped
src/mathfp.c	206	00434FB0	00461D68	WaitForVerticalBlankThunk	WaitForVerticalBlankThunk	WC1-manual-verified		mapped
src/mathfp.c	212	00434FC0	00461D7D	IdentityHandle	IdentityHandle	WC1-manual-verified		mapped
src/mathfp.c	218	00434FD0	00461D90	SetWholePaletteFromTriplets	CallThrough433060	WC1-callgraph-single		mapped
src/mathfp.c	226	00434FE0	00461DA7	ReadWord	DoLocalFn4FE0	WC1-callgraph-propagated		mapped
src/mathfp.c	232	00434FF0	00461DBD	GetFontCharWidth	UiRoutine09	WC1-callgraph-propagated		mapped
src/mathfp.c	238	00435010		ReleaseVideoResourcesHook				unmapped
src/mathfp.c	243	00435020	00461DF0	GetShapeFrameBounds	GetShapeFrameBounds	WC1-fuzzy-medium		mapped
src/mathfp.c	243		00461DE0	ApplySpacePaletteModeHook	ApplySpacePaletteModeHook	WC2-only		wc2-only
src/mathfp.c	274	00435090	00461E97	IsPointInRect	DoLocalFn5090	WC1-order-exact		mapped
src/mathfp.c	283	004350D0	00461EFE	SplitPackedPoint	DoLocalFn50D0	WC1-order-exact		mapped
src/mathfp.c	289	004350F0	00461F22	DrawTextString	DrawTextString	WC1-fuzzy-high		mapped
src/mathfp.c	381	00435290	004621D5	DrawTextCharacter	DrawTextCharacter	WC1-fuzzy-followup		mapped
src/mathfp.c	411	00435310	004622BD	AppendTextCharacter	AppendTextCharacter	manual-verified		mapped
src/mathfp.c	420	00435340		MeasureShapeFrameStorage				unmapped
src/mathfp.c	470	004353F0		ResetTextCursor				unmapped
src/mathutil.c	9	0041D0C0	0040F040	MinShort	MinShort	WC1-manual-verified		mapped
src/mathutil.c	17		0040D6B0	ReleasePacketSlot	ReleasePacketSlot	WC2-only		wc2-only
src/mathutil.c	26	0041D0E0	0040F072	MaxShort	MaxShort	WC1-callgraph-propagated		mapped
src/mathutil.c	34	0041D100	0040F0A4	FreePacketAndClear	FreePacketAndClear	WC1-callgraph-propagated		mapped
src/mono.c	13	00403500	0045A04A	CloseDataFile	DoUiFn3500	WC1-auto-vt		mapped
src/mono.c	19	00403520	0045A06C	WriteDataFileAtOffset	WriteDataFileAtOffset	WC1-fuzzy-high		mapped
src/mono.c	37	004035C0	0045A12D	CreateDataFile	CreateDataFile	WC1-auto-vt		mapped
src/mono.c	51	00403610	0045A19B	ReadDataFileAtOffset	ReadDataFileAtOffset	WC1-fuzzy-high		mapped
src/mono.c	69	004036B0	0045A259	SeekDataFile	SeekDataFile	WC1-fuzzy-medium		mapped
src/mono.c	83	00403710		MeasureScaledIntroTextWidth				unmapped
src/mono.c	112	004037A0		DrawWc1CenteredScaledIntroText				unmapped
src/mono.c	150	00403890		GetLineLength				unmapped
src/mono.c	184	00403920		print_subtitle				unmapped
src/mono.c	240	00403A80		advance_canned_sequence				unmapped
src/mono.c	274	00403B70		update_canned_sequence				unmapped
src/mono.c	305	00403C40	00437760	SplitGameClockTicks	DoLocalFn3C40	WC1-fuzzy-low		mapped
src/mono.c	319	00403C90	004377F0	MonoDebug_install	MonoDebug_install	WC1-fuzzy-low		mapped
src/mono.c	349	00403D60	004378D9	MonoDebug_remove	MonoDebug_remove	WC1-callgraph-propagated		mapped
src/mono.c	358	00403DB0	00437946	SoundDebugPrintf	SoundDebugPrintf	WC1-manual-verified		mapped
src/mono.c	382	00403DE0	00437983	MonoDebug_print	MonoDebug_print	WC1-fuzzy-low		mapped
src/mono.c	394	00403E30	004379D4	ReadPerformanceCounter	QueryPerfCounterValue	WC1-callgraph-single-low		mapped
src/mono.c	400	00403E40		ResetStringBuilder				unmapped
src/music.c	0		00452450	KeyboardMousePump	KeyboardMousePump	WC2-only		wc2-only
src/music.c	9		0044F84F	InitializeSpeechCache	InitializeSpeechCache	WC2-only		wc2-only
src/music.c	10		0044F332	LoadSpeechPacketIntoBuffer	LoadSpeechPacketIntoBuffer	WC2-only		wc2-only
src/music.c	19	0042CDB0		parse_view_script				unmapped
src/music.c	28		0044F3A4	PlaySpeechPacketBuffer	PlaySpeechPacketBuffer	WC2-only		wc2-only
src/music.c	35		0044F52E	LoadAndPlaySpeechPacket	LoadAndPlaySpeechPacket	WC2-only		wc2-only
src/music.c	72		0044FA31	ShutdownSpeechCache	ShutdownSpeechCache	WC2-only		wc2-only
src/music.c	150	0042D1C0		update_scripted_view				unmapped
src/music.c	177	0042D230		initialize_scripted_view				unmapped
src/music.c	188	0042D270	0045A2C0	InitializeFireworks	InitializeFireworks	WC1-callgraph-single-low		mapped
src/music.c	208	0042D2A0	0045A300	TheEndFireWorks	TheEndFireWorks	WC1-fuzzy-very-low		mapped
src/music.c	275	0042D390	0045A441	InitializeConstellationField	InitializeConstellationField	WC1-fuzzy-followup		mapped
src/music.c	324	0042D500	0045A634	DrawConstellationField	DrawConstellationField	WC1-callgraph-propagated		mapped
src/music.c	387	0042D730	0044F010	OpenPacketSection	OpenPacketSection	WC1-fuzzy-followup		mapped
src/music.c	424		0045A5C7	IsConstellationParticleOutsideViewport	IsConstellationParticleOutsideViewport	WC2-only		wc2-only
src/music.c	444	0042D870	0044F1C7	CloseDataFileByHandle	CloseDataFileByHandle	WC1-fuzzy-followup		mapped
src/music.c	450	0042D880		DecompressPacketSection				unmapped
src/music.c	570	0042DB70		GetTargetColourIndex				unmapped
src/music.c	580	0042DB90	0043FAC0	show_target_disp	show_target_disp	WC1-fuzzy-very-low		mapped
src/music.c	684	0042DEA0	0043FF40	DrawTargetRangeReadout	DrawTargetRangeReadout	WC1-fuzzy-followup		mapped
src/music.c	747	0042E020	0045CA50	LogDisplayMode	LogDisplayMode	WC1-auto-vt		mapped
src/music.c	756	0042E050	0045CA80	CalcRectangleArea	CalcRectangleArea	WC1-fuzzy-followup		mapped
src/music.c	769	0042E090	0045CAD2	AllocateViewport	AllocateViewport	WC1-fuzzy-followup		mapped
src/music.c	869	0042E320	00452AE5	FadeMusic	FadeMusic	WC1-manual-verified		mapped
src/music.c	877	0042E330		SetMusicOn				unmapped
src/music.c	883		00452A00	StopMusicStream	StopMusicStream	WC2-only		wc2-only
src/music.c	889	0042E1D0		AlignWc1SpriteFrameToRectCorner				unmapped
src/music.c	889	0042E350	00452A26	StopMusic	StopMusic	WC1-callgraph-propagated		mapped
src/music.c	903	0042E380	00452A10	SetMusBreakpt	SetMusBreakpt	WC1-manual-verified		mapped
src/music.c	913	0042E390	00452A99	PaletteFadeHook	PaletteFadeHook	WC1-manual-verified		mapped
src/music.c	919	0042E3A0	00452AAB	FlushSoundEffect	DoLocalFnE3A0	WC1-fuzzy-very-low		mapped
src/music.c	931	0042E3C0	00452AC8	FlushSoundEffects	FlushSoundEffects	WC1-manual-verified		mapped
src/music.c	940		0046505E	IsSpriteFrameOverlappingRect	IsSpriteFrameOverlappingRect	WC2-only		wc2-only
src/music.c	943	0042E3E0	00452AF0	SceneLeaveHook	GameNoBodyStubv9	WC1-callgraph-single-low		mapped
src/music.c	948	0042E3F0		SelectFlightMusicTrack				unmapped
src/music.c	974		00452A40	StartMusic	StartMusic	WC2-only		wc2-only
src/music.c	1023		00452A64	StartInteractiveMusic	StartInteractiveMusic	WC2-only		wc2-only
src/music.c	1045	0042E520		MapMusicTrackToStreamerCommand				unmapped
src/music.c	1136		00402258	RecordMusicCommandHook	RecordMusicCommandHook	WC2-only		wc2-only
src/music.c	1141	0042E6F0	00452B03	ProcessMusicScriptCommand	ProcessMusicScriptCommand	WC1-manual-verified		mapped
src/music.c	1263	0042E880	00452CF4	spacetrack	spacetrack	WC1-fuzzy-very-low		mapped
src/music.c	1274	0042E8B0	00452D32	StopMusicUnlessSuppressed	SoundG0046a9f8FnE8B0	WC1-fuzzy-low		mapped
src/music.c	1282	0042E8D0	00452D66	IsMusicTrackComplete	IsMusicTrackComplete	WC1-order-semantics-verified		mapped
src/music.c	1292	0042E900	00452DB0	wait_for_end_of_music	wait_for_end_of_music	WC1-fuzzy-low		mapped
src/music.c	1321	0042E9E0	00452E46	new_space_music_changes	GetTbl0059d650FnE9E0	WC1-fuzzy-low		mapped
src/music.c	1364	0042EAD0	00452F90	changetrack	changetrack	WC1-fuzzy-very-low		mapped
src/music.c	1396	0042EB60	00453085	gametrack	gametrack	WC1-fuzzy-followup		mapped
src/music.c	1443	0042ECB0	00453240	servicetrack	servicetrack	WC1-fuzzy-very-low		mapped
src/music.c	1508	0042EE80	00453496	ResetSoundState	ResetSoundState	WC1-order-callgraph-verified		mapped
src/music.c	1516	0042EEA0	004534BA	ResetSoundStateForScene	ResetSoundStateForScene	WC1-order-callgraph-verified		mapped
src/music.c	1523	0042EEB0	004534D3	ResetSoundStateForFlight	ResetSoundStateForFlight	WC1-order-callgraph-verified		mapped
src/music.c	1530	0042EEE0	004534FC	EnableMusicForScene	EnableMusicForScene	WC1-order-callgraph-verified		mapped
src/music.c	1537	0042EF00		SoundFxTick				unmapped
src/music.c	1544		0045351A	LogUnknownSoundEffect	LogUnknownSoundEffect	WC2-only		wc2-only
src/music.c	1553	0042EF10	0045357E	FlushSoundEffectsAndLog	FlushSoundEffectsAndLog	WC1-callgraph-propagated		mapped
src/music.c	1565	0042EF20	004535BB	sound_effect	sound_effect	WC1-order-exact		mapped
src/music.c	1584	0042EF30	0045373B	PlaySfxWaveFileByNumber	PlaySfxWaveFileByNumber	WC1-fuzzy-followup		mapped
src/nav.c	0		00450623	ObjectivesShareNavLabel	ObjectivesShareNavLabel	WC2-only		wc2-only
src/nav.c	0		00450CF8	IsObjectiveInDisplayedSystem	IsObjectiveInDisplayedSystem	WC2-only		wc2-only
src/nav.c	0		00451EC9	FollowSelectedObjectiveSystem	FollowSelectedObjectiveSystem	WC2-only		wc2-only
src/nav.c	0		00450F1E	DrawNavMapBriefingBeacons	DrawNavMapBriefingBeacons	WC2-only		wc2-only
src/nav.c	0		004207B0	MergeAdjacentNearHeapBlocks	MergeAdjacentNearHeapBlocks	WC2-only		wc2-only
src/nav.c	140	0040D090		NavMapPointInsideReservedArea				unmapped
src/nav.c	150	0040D0E0	004501B2	NavMapLabelFits	NavMapLabelFits	WC1-fuzzy-medium		mapped
src/nav.c	156	0040D120	00450210	NavMapLabelPositionAvailable	NavMapLabelPositionAvailable	WC1-fuzzy-followup		mapped
src/nav.c	186	0040D1D0	00450329	ResetNavMapReservedAreas	ResetNavMapReservedAreas	WC1-manual-verified		mapped
src/nav.c	192	0040D1E0	0045033D	ReserveNavMapArea	ReserveNavMapArea	WC1-order-exact		mapped
src/nav.c	220	0040D240	004503A7	ResetNavMapLabels	ResetNavMapLabels	WC1-manual-verified		mapped
src/nav.c	226	0040D250	004503BB	TryPlaceNavMapLabel	TryPlaceNavMapLabel	WC1-fuzzy-followup		mapped
src/nav.c	241	0040D2C0	00450458	PlaceNavMapLabel	PlaceNavMapLabel	WC1-fuzzy-low		mapped
src/nav.c	283	0040D410	004506F8	AddUniqueObjectiveNavLabel	AddUniqueObjectiveNavLabel	WC1-fuzzy-very-low		mapped
src/nav.c	305	0040D490	004507DA	IsPointInNavMapLabel	IsPointInNavMapLabel	WC1-callgraph-single-low		mapped
src/nav.c	319	0040D540	0045087F	DrawNavMapLabels	DrawNavMapLabels	WC1-fuzzy-very-low		mapped
src/nav.c	335	0040D5A0	00450900	DrawNavRectangleMarker	DrawNavRectangleMarker	WC1-fuzzy-low		mapped
src/nav.c	353	0040D640	004509C9	DrawNavSquareOutline	DrawNavSquareOutline	WC1-manual-verified		mapped
src/nav.c	362	0040D680	00450A12	DrawNavSquareMarker	DrawNavSquareMarker	WC1-fuzzy-medium		mapped
src/nav.c	388	0040D740	00450B03	DrawNavTriangleOutline	DrawNavTriangleOutline	WC1-manual-verified		mapped
src/nav.c	400	0040D7D0	00450BBA	DrawNavTriangleMarker	DrawNavTriangleMarker	WC1-fuzzy-low		mapped
src/nav.c	414	0040D830	00450C2A	DrawNavCrossMarker	DrawNavCrossMarker	WC1-fuzzy-low		mapped
src/nav.c	433	0040D8C0	00450DF6	SetScreenClipRect	DoUiFnD8C0	WC1-fuzzy-low		mapped
src/nav.c	440	0040D8F0	00450E1E	DrawNavHazardMarker	DrawNavHazardMarker	WC1-fuzzy-low		mapped
src/nav.c	455	0040D980	00450E98	DrawNavPlayerMarker	DrawNavPlayerMarker	WC1-manual-verified		mapped
src/nav.c	470	0040DA00	00450FE2	BuildMap	BuildMap	WC1-fuzzy-followup		mapped
src/nav.c	579	0040DDA0	0045153A	UpdateInflightNavText	DrawStandardTimeReadout	WC1-fuzzy-medium		mapped
src/nav.c	608	0040DE70	00451637	FormatNavCoordinates	DoLocalFnDE70	WC1-callgraph-single-low		mapped
src/nav.c	618	0040DEA0	00451673	DrawSelectedNavLegendEntry	DrawSelectedNavLegendEntry	WC1-manual-verified		mapped
src/nav.c	628	0040DEE0	004516C0	DrawNavMapLegend	DrawNavMapLegend	WC1-fuzzy-low		mapped
src/nav.c	647	0040DF50	00451756	nav_note	nav_note	WC1-callgraph-single		mapped
src/nav.c	658	0040DF70	0045180F	DrawNavLocationReadout	DrawNavLocationReadout	WC1-fuzzy-followup		mapped
src/nav.c	715	0040E190	00451AD3	BriefingMap_LoadShapes	BriefingMap_LoadShapes	WC1-fuzzy-followup		mapped
src/nav.c	732	0040E210	00451B70	BriefingMap_DisplayMap	BriefingMap_DisplayMap	WC1-fuzzy-very-low		mapped
src/nav.c	751	0040E2B0	00451C5C	SelectNavObjectiveAtPoint	ScanTbl0059c000FnE2B0	WC1-fuzzy-very-low		mapped
src/nav.c	790	0040E3C0	00451DDB	CentreMouseOnCurrentNavObjective	GetTbl0059c000FnE3C0	WC1-fuzzy-followup		mapped
src/nav.c	810	0040E430	00451E57	ShowConfedNavScan	ShowConfedNavScan	WC1-fuzzy-very-low		mapped
src/nav.c	820	0040E480	00451FAA	InflightComputer	BlitUiFnE480	WC1-callgraph-propagated		mapped
src/nav.c	1007	0040E900	00420874	ReleaseNearHeapBlock	ReleaseNearHeapBlock	WC1-callgraph-propagated		mapped
src/nav.c	1025	0040E950	004208FC	PurgeNearHeapBlocks	PurgeNearHeapBlocks	WC1-fuzzy-low		mapped
src/nav.c	1056	0040E9E0	004209C2	InitializeNearHeap	InitializeNearHeap	WC1-fuzzy-low		mapped
src/nav.c	1105	0040EB70	00420B88	AllocateNearHeapBlockFromEnd	AllocateNearHeapBlockFromEnd	WC1-fuzzy-low		mapped
src/nav.c	1143		00420B12	ShutdownNearHeap	ShutdownNearHeap	WC2-only		wc2-only
src/nav.c	1273	0040ED30	00420E16	AllocateNearHeapBlockByFlags	AllocateNearHeapBlockByFlags	WC1-fuzzy-low		mapped
src/nav.c	1366	0040EFE0		add_statistics				unmapped
src/nav.c	1373	0040F010		PostMission				unmapped
src/nav.c	1444	0040F190		FullMissionScore				unmapped
src/nav.c	1444		0042BDFE	WriteMemoryStateReportHook	WriteMemoryStateReportHook	WC2-only		wc2-only
src/nav.c	1449		0042BE09	LogMemoryStateToFile	LogMemoryStateToFile	WC2-only		wc2-only
src/nav.c	1463	0040F1E0		PlayersMissionScore				unmapped
src/nav.c	1481		004651B7	GetViewportIntersection	GetViewportIntersection	WC2-only		wc2-only
src/nav.c	1518		0042BE4B	WriteDetailedMemoryStateReport	WriteDetailedMemoryStateReport	WC2-only		wc2-only
src/nav.c	1585	0040F240		UpdateSeries				unmapped
src/nav.c	1660	0040F3F0		MoveNewCampaign				unmapped
src/nav.c	1679	0040F440		StartNewCampaign				unmapped
src/nav.c	1696	0040F4B0	0046591A	GameFlow	GameFlow	WC1-callgraph-propagated		mapped
src/nav.c	1873	0040F940	004471B0	free_viewport	free_viewport	WC1-fuzzy-medium		mapped
src/nav.c	1914	0040FA30		GetPaletteReadyUnused				unmapped
src/nav.c	1920	0040FA40		DrawTitleLogo				unmapped
src/nav.c	1958	0040FB10		UpdateTitleMenuCursor				unmapped
src/nav.c	2036	0040FB70		RunWc1TitleSequence				unmapped
src/nav.c	2368		00407E40	Title_Sequence	Title_Sequence	WC2-only		wc2-only
src/nav.c	2435		0040809D	DrawTitleSky	DrawTitleSky	WC2-only		wc2-only
src/nav.c	2444		004080DF	DrawTitleOrchestra	DrawTitleOrchestra	WC2-only		wc2-only
src/nav.c	2461		0040815F	AnimateTitleOrchestra	AnimateTitleOrchestra	WC2-only		wc2-only
src/nav.c	2536		004083E6	PlayTitleConductorCue	PlayTitleConductorCue	WC2-only		wc2-only
src/nav.c	2655		004087FF	DrawScaledTitleLogo	DrawScaledTitleLogo	WC2-only		wc2-only
src/nav.c	2672		004088A9	PushTitleOrchestraAway	PushTitleOrchestraAway	WC2-only		wc2-only
src/nav.c	2725		00408A88	RevealTitleLogo	RevealTitleLogo	WC2-only		wc2-only
src/nav.c	2802		00408CC8	ShowVictoryScreen	ShowVictoryScreen	WC2-only		wc2-only
src/personnel.c	12		00428C35	GetWingCommanderOneGameDataPath	GetWingCommanderOneGameDataPath	WC2-only		wc2-only
src/personnel.c	52		00433AD0	PollPersonnelMenuInput	PollPersonnelMenuInput	WC2-only		wc2-only
src/personnel.c	108		00433C84	InitializeCampaignChalkboardScreen	InitializeCampaignChalkboardScreen	WC2-only		wc2-only
src/personnel.c	172		00433E8C	RefreshCampaignChalkboardScreen	RefreshCampaignChalkboardScreen	WC2-only		wc2-only
src/personnel.c	185		0043456E	RestorePersonnelMenuBackground	RestorePersonnelMenuBackground	WC2-only		wc2-only
src/personnel.c	188		00433ED7	DrawCampaignChalkboardFrame	DrawCampaignChalkboardFrame	WC2-only		wc2-only
src/personnel.c	195		004345A1	DrawPilotSaveMenuChoices	DrawPilotSaveMenuChoices	WC2-only		wc2-only
src/personnel.c	308		00435064	SelectTransferredPilot	SelectTransferredPilot	WC2-only		wc2-only
src/personnel.c	581		00436A4D	ShowNoTransferablePilots	ShowNoTransferablePilots	WC2-only		wc2-only
src/personnel.c	592		00436A8F	RunPilotDatabaseMenu	RunPilotDatabaseMenu	WC2-only		wc2-only
src/pilot.cpp	10	00425730		WaitForKeyExceptXOrF12				unmapped
src/pilot.cpp	26	00425770		ShowMeanwhileTransition				unmapped
src/pilot.cpp	69	004258D0		ApplyAnswerTextCipher				unmapped
src/pilot.cpp	82	00425910		LoadAnswerPromptAndResponse				unmapped
src/pilot.cpp	117	004259B0		PromptForAnswerText				unmapped
src/pilot.cpp	156	00425AF0	004333F8	MapCutsceneSoundEffectNumber	GameNoBodyStubv3	WC1-callgraph-single-low		mapped
src/pilot.cpp	156	00425B00	0040FCD0	CreateDebugOverlayConsole	CreateDebugOverlayConsole	WC1-fuzzy-medium		mapped
src/pilot.cpp	164	00425B90	0040FD73	DestroyGlobalDebugOverlayConsole	DestroyGlobalDebugOverlayConsole	WC1-order-exact		mapped
src/pilot.cpp	174	00425BB0	0040FDAD	SystemDebugPrintf	SystemDebugPrintf	WC1-callgraph-transfer		mapped
src/pilot.cpp	202	00425BC0	0040FE23	PumpMessagesDuringWait	GetG004763f0Fn5BC0	WC1-callgraph-transfer		mapped
src/pilot.cpp	208	00425BD0	0040FE3E	TakeDebugStepFlag	GetDebugFn5BD0	WC1-order-exact		mapped
src/pilot.cpp	220	00425BE0	0040FE59	SetDebugTextPosition	SetDebugTextPosition	WC1-order-exact		mapped
src/pilot.cpp	226	00425BF0	0040FE7E	SetDebugCursorPosition	SetDebugCursorPosition	WC1-order-exact		mapped
src/pilot.cpp	232	00425C00	0040FEA3	ResetDebugOverlay	ResetDebugOverlay	WC1-order-exact		mapped
src/pilot.cpp	238	00425C10	0040FEBE	ClearDebugOverlay	ClearDebugOverlay	WC1-order-exact		mapped
src/pilot.cpp	244	00425C20	0040FED9	ClearDebugPauseFlags	SetDebugFn5C20	WC1-callgraph-transfer		mapped
src/pilot.cpp	254		0040FF40	DebugOverlayConsole::SetTextPosition	DebugOverlayConsole::SetTextPosition	WC2-only		wc2-only
src/pilot.cpp	261		0040FF70	DebugOverlayConsole::SetCursorPosition	DebugOverlayConsole::SetCursorPosition	WC2-only		wc2-only
src/pilot.cpp	267		0040FFA0	DebugOverlayConsole::Reset	DebugOverlayConsole::Reset	WC2-only		wc2-only
src/pilot.cpp	273		0040FFC0	DebugOverlayConsole::TakeStepFlag	DebugOverlayConsole::TakeStepFlag	WC2-only		wc2-only
src/pilot.cpp	283		0040FFF0	DebugOverlayConsole::ClearPauseFlags	DebugOverlayConsole::ClearPauseFlags	WC2-only		wc2-only
src/pilot.cpp	290	00425C30		EraseTextContextBackground				unmapped
src/pilot.cpp	302			DisplayTrainSimHighScoreTable				unmapped
src/pilot.cpp	335	00425D00		AnimateTrainSimTitle				unmapped
src/pilot.cpp	380	00425DF0		GetHighScoreEntry				unmapped
src/pilot.cpp	390	00425E20		GetHighScoreValue				unmapped
src/pilot.cpp	396	00425E30		SetHighScoreEntry				unmapped
src/pilot.cpp	403	00425E50		SortTrainSimHighScores				unmapped
src/pilot.cpp	429	00425ED0		FindTrainSimHighScore				unmapped
src/pilot.cpp	443	00425EF0		InsertTrainSimHighScore				unmapped
src/pilot.cpp	455	00425F40		InitializeTrainSimHighScores				unmapped
src/pilot.cpp	485	00425FE0		IsHighScoreSlotUsed				unmapped
src/pilot.cpp	491	00426000		AddRandomTrainSimHighScores				unmapped
src/pilot.cpp	530	0041DDF0	00459160	EraseLastTextInputCharacter	EraseLastTextInputCharacter	WC1-manual-verified		mapped
src/pilot.cpp	559	004260E0	00459294	DrawTextInputCursor	DrawTextInputCursor	WC1-manual-verified		mapped
src/pilot.cpp	576	004261D0	0045930A	EraseCharacterAfterTextCursor	EraseCharacterAfterTextCursor	WC1-manual-verified		mapped
src/pilot.cpp	577	00426200	004597E3	ReadTextInput	ReadTextInput	WC1-fuzzy-followup		mapped
src/pilot.cpp	587	00426140	00459348	ClearTextInputCharacter	ClearTextInputCharacter	WC1-fuzzy-very-low		mapped
src/pilot.cpp	708	004265A0	0042075F	ReadRequiredPilotField	ReadRequiredPilotField	WC1-fuzzy-low		mapped
src/pilot.cpp	724	00426600	004348C3	PromptForPilotField	PromptForPilotField	WC1-callgraph-single-low		mapped
src/pilot.cpp	738	00426660	004347D6	InitializeTrainSimTextPanel	InitializeTrainSimTextPanel	WC1-callgraph-propagated		mapped
src/pilot.cpp	756	00426700		ShowTrainSimTextMessage				unmapped
src/pilot.cpp	769	00426750		EnterPilotNameAndCallsign				unmapped
src/pilot.cpp	798	00426820		UpdateTrainSimHighScores				unmapped
src/pilot.cpp	832	004268E0		ShowTrainSimHighScores				unmapped
src/pilot.cpp	945	00426C50		LoadTrainSimOpponentShape				unmapped
src/pilot.cpp	958	00426C70		SelectWc1TrainSimMission				unmapped
src/pload.c	11	0042B050	004465A0	PacketLoad	PacketLoad	WC1-fuzzy-followup		mapped
src/pload.c	11		00446560	LoadGraphicsDriver	LoadGraphicsDriver	WC2-only		wc2-only
src/pload.c	122	0042B160	00423CA0	InitializeAudioSystem	InitializeAudioSystem	WC1-fuzzy-followup		mapped
src/pload.c	134	0042B1B0	00423D02	ServiceAudioStream	GetAudioStreamFnB1B0	WC1-auto-vt		mapped
src/pload.c	146	0042B1F0	00423D4F	AllocateWaveTableEntry	AllocateWaveTableEntry	WC1-fuzzy-medium		mapped
src/pload.c	162	0042B240	00423DBB	FindWaveTableEntryByName	FindWaveTableEntryByName	WC1-order-exact		mapped
src/pload.c	175	0042B290	00423E12	RemoveWaveTableEntry	RemoveWaveTableEntry	WC1-manual-verified		mapped
src/pload.c	197	0042B300	00423ED1	FreeWaveTable	LoopAudioStreamFnB300	WC1-callgraph-transfer		mapped
src/pload.c	213	0042B340	00423F3F	AllocateActiveSoundEntry	AllocateActiveSoundEntry	WC1-fuzzy-medium	WC1-review-module-mismatch	mapped
src/pload.c	229	0042B390	00423FAB	RemoveActiveSoundEntry	RemoveActiveSoundEntry	WC1-callgraph-single-low		mapped
src/pload.c	250	0042B3F0		FindActiveSoundEntryBySample				unmapped
src/screen.c	0		00401859	ReserveContiguousPaletteEntries	ReserveContiguousPaletteEntries	WC2-only		wc2-only
src/screen.c	0		00401922	ReleaseContiguousPaletteEntries	ReleaseContiguousPaletteEntries	WC2-only		wc2-only
src/screen.c	9	0042EFC0	00421910	cleanup_objectives	ScanTbl0046c97aFnEFC0	WC1-fuzzy-followup		mapped
src/screen.c	89	0042F1F0	00421BC6	IsShipRouting	IsShipRouting	manual-verified		mapped
src/screen.c	95	0042F210	00421BFC	SendWingmanCommandAcknowledgement	SendWingmanCommandAcknowledgement	manual-verified		mapped
src/screen.c	105	0042F240	00421C35	disobey_formation	disobey_formation	WC1-callgraph-propagated		mapped
src/screen.c	133	0042F270	00421CF6	IsEngagementTargetDisallowed	IsEngagementTargetDisallowed	manual-verified		mapped
src/screen.c	143	0042F2B0	00421D59	CanPlayerLand	CanPlayerLand	manual-verified		mapped
src/screen.c	197	0042F350	00421E6D	ShouldWingmanAcceptRoutCommand	ShouldWingmanAcceptRoutCommand	manual-verified		mapped
src/screen.c	238	0042F3F0	00421F86	request	ScanTbl0059ce60FnF3F0	WC1-callgraph-propagated		mapped
src/screen.c	353	0042F730		ShouldSuspendCursorForRect				unmapped
src/screen.c	360	0042F740	0040FB80	InitializeDIBScreenViewport	InitializeDIBScreenViewport	WC1-fuzzy-followup		mapped
src/screen.c	394	0042F7E0	0040FC7E	InitFullScreenViewport	DoUiFnF7E0	WC1-callgraph-single		mapped
src/screen.c	408	0042F810	00453A70	GetPacketSize	GetPacketSize	WC1-callgraph-propagated		mapped
src/screen.c	434	0042F890	00421144	GetFreeNearHeapBytes	GetFreeNearHeapBytes	WC1-callgraph-single-low		mapped
src/screen.c	453	0042F930		FrameStartHook				unmapped
src/screen.c	459	0042F940	00458E20	IsSoundHardwarePresent	DoLocalFnF940	WC1-callgraph-single-low		mapped
src/screen.c	466	0042F950	00458E39	MessagePumpHook	MessagePumpHook	WC1-manual-verified		mapped
src/screen.c	472	0042F960	00458E49	PushMemoryStackFrame	PushMemoryStackFrame	WC1-fuzzy-medium		mapped
src/screen.c	497	0042F9E0	00458EED	IsPushedPacketHandle	IsPushedPacketHandle	WC1-callgraph-single		mapped
src/screen.c	529	0042FA20	00458F5A	MapPacketHandleToBlock	MapPacketHandleToBlock	WC1-order-exact		mapped
src/screen.c	593	0042FA90	0045901D	AllocateTaggedMemory	AllocateTaggedMemory	WC1-fuzzy-followup		mapped
src/screen.c	623	0042FAE0	00459082	ReleasePacketHandle	ReleasePacketHandle	WC1-order-exact		mapped
src/screen.c	644	0042FB20	00459134	GetAvailableFarMemoryByType	GetAvailableFarMemoryByType	WC1-order-exact		mapped
src/screen.c	654	0042FB30	00459149	GetLargestFreeMemoryBlockByType	GetLargestFreeMemoryBlockByType	WC1-order-exact		mapped
src/screen.c	661	0042FB40		CreateCannedSceneObject				unmapped
src/screen.c	684	0042FC00		ShowCampaignVictorySequence				unmapped
src/screen.c	909	00430150		ShowTigerClawEscapeScene				unmapped
src/screen.c	1045	004304F0	00429261	RunCampaignScript	RunCampaignScript	WC2-manual-verified		mapped
src/screen.c	1100	00430710	00421210	UpdateInputDeviceTransitions	UpdateInputDeviceTransitions	WC1-manual-verified		mapped
src/screen.c	1152	00430840	00421409	PollJoystickButtonEvents	PollJoystickButtonEvents	WC1-fuzzy-very-low		mapped
src/screen.c	1192	00430920	00421530	PollMenuInputDevices	PollMenuInputDevices	WC1-fuzzy-low		mapped
src/screen.c	1305	00430BC0		get_face				unmapped
src/screen.c	1315	00430BF0		LoadCommPortraitShape				unmapped
src/screen.c	1350	00430CA0	004473D1	IsCommMenuIdle	IsCommMenuIdle	WC1-callgraph-single-low		mapped
src/screen.c	1356	00430CB0	004473FC	AppendCommMenuChoice	AppendCommMenuChoice	WC1-order-exact		mapped
src/screen.c	1387	00430D30	00447479	SendCommMenuChoice	SendCommMenuChoice	WC1-order-exact		mapped
src/screen.c	1400	00430D50	004474CA	OpenCommMenuForTarget	OpenCommMenuForTarget	WC1-fuzzy-low		mapped
src/screen.c	1407	00430D80	004474F4	IsCommChoiceMenuOpen	IsCommChoiceMenuOpen	WC1-manual-verified		mapped
src/screen.c	1410	00430C50	00447369	ResetCommMenuChoices	ResetCommMenuChoices	WC2-manual-verified		mapped
src/screen.c	1413	00430DA0		GetPendingMenuAction				unmapped
src/screen.c	1419	00430DB0		SetPendingMenuAction				unmapped
src/screen.c	1425	00430DC0	00447526	OpenCommRecipientMenu	OpenCommRecipientMenu	WC1-fuzzy-very-low		mapped
src/screen.c	1432	00430DE0	00447544	CloseCommChoiceMenu	CloseCommChoiceMenu	WC1-manual-verified		mapped
src/screen.c	1448	00430E10	0044756F	wingman_dead	wingman_dead	WC1-callgraph-propagated		mapped
src/screen.c	1454	00430E30	0044759B	have_target	have_target	WC1-manual-verified		mapped
src/screen.c	1460	00430E50	004475D3	CanOpenCommMenu	CanOpenCommMenu	WC1-callgraph-single		mapped
src/screen.c	1470	00430E70	0044760F	SelectCommRecipient	SelectCommRecipient	WC1-manual-verified		mapped
src/screen.c	1477	00430E90	00447629	BuildCommunicationRecipientMenu	BuildCommunicationRecipientMenu	WC1-fuzzy-followup		mapped
src/screen.c	1526	00430FC0	00447890	BuildCommunicationCommandMenu	BuildCommunicationCommandMenu	WC1-fuzzy-followup		mapped
src/screen.c	1599	00431200	00447D85	RefreshCommunicationMenu	RefreshCommunicationMenu	WC1-fuzzy-low		mapped
src/screen.c	1612	00431240	00447DE3	HandleCommunicationMenuRequest	HandleCommunicationMenuRequest	WC1-fuzzy-low		mapped
src/screen.c	1625	00431290	00447E47	show_communications_disp	show_communications_disp	WC1-fuzzy-very-low		mapped
src/screen.c	1668	00431350	00447EF5	Chosen_communicate_option	Chosen_communicate_option	WC1-callgraph-propagated		mapped
src/screen.c	1701	00431400	00448008	IssueQuickCommCommand	IssueQuickCommCommand	manual-verified		mapped
src/screen.c	1714	00431410	0044804A	FreeCommDisplayResources	FreeCommDisplayResources	WC1-order-exact		mapped
src/screen.c	1738	00431470	00448070	EndCommSessionWithWingman	EndCommSessionWithWingman	WC1-fuzzy-low		mapped
src/screen.c	1753	004314C0	004480C6	EndCommMenu	EndCommMenu	WC1-fuzzy-low		mapped
src/screen.c	1762	004314F0	00448100	ShowCentredPrompt	ShowCentredPrompt	WC1-fuzzy-followup		mapped
src/screen.c	1800	00431520	00447300	LoadCommPortraitResources	LoadCommPortraitResources	WC1-manual-verified		mapped
src/screen.c	1814	004315C0	00448136	ExpandCommMessageTokens	DispatchUiFn15C0	WC1-fuzzy-very-low		mapped
src/screen.c	1859	004316E0	004482CA	real_vid_transmit	DrawTbl0059d650Fn16E0	WC1-fuzzy-followup		mapped
src/screen.c	1953	004318F0		ShutdownVideoHook				unmapped
src/screen.c	2006	004319B0	00401978	PrintPaletteAllocationMap	PrintPaletteAllocationMap	WC1-fuzzy-medium		mapped
src/screen.c	2006		00401840	ConfigureDefaultSpacePalette	ConfigureDefaultSpacePalette	WC2-only		wc2-only
src/screen.c	2027	00431A10	00423480	LoadJoystickCalibrationFile	LoadJoystickCalibrationFile	WC1-fuzzy-high		mapped
src/screen.c	2145	00431D20	004238E9	ReadCalibratedJoystick	ReadCalibratedJoystick	WC1-fuzzy-very-low		mapped
src/screen.c	2232	00431EA0		UnionRectBounds				unmapped
src/screen.c	2247	00431F00	0045CD2C	ThrottleFrameAndDrawFps	ThrottleFrameAndDrawFps	WC1-fuzzy-very-low		mapped
src/screens.c	9	00436D00		LoadBriefingRoom				unmapped
src/screens.c	9		0042C04B	ClearActiveCutscenePixelAlias	ClearActiveCutscenePixelAlias	WC2-only		wc2-only
src/screens.c	10		0042C607	FindActiveCutsceneFileResources	FindActiveCutsceneFileResources	WC2-only		wc2-only
src/screens.c	11		0042BDDB	HasCutsceneMusicNode	HasCutsceneMusicNode	WC2-only		wc2-only
src/screens.c	17		0042BFB8	RouteCutsceneViewportToDisplay	RouteCutsceneViewportToDisplay	WC2-only		wc2-only
src/screens.c	21		0042BF0C	LogChangedCutsceneWorkBuffers	LogChangedCutsceneWorkBuffers	WC2-only		wc2-only
src/screens.c	23		0042C659	FindActiveCutsceneObjectResources	FindActiveCutsceneObjectResources	WC2-only		wc2-only
src/screens.c	24		0042C0A2	IsCutsceneSpeechLoaded	IsCutsceneSpeechLoaded	WC2-only		wc2-only
src/screens.c	36		0042C6AC	RemoveCutsceneMemberIndex	RemoveCutsceneMemberIndex	WC2-only		wc2-only
src/screens.c	47	00436E30	0042D568	RunLoadedCutscene	RunLoadedCutscene	WC2-manual-verified		mapped
src/screens.c	51		0042C725	FatalCutsceneError	FatalCutsceneError	WC2-only		wc2-only
src/screens.c	62		0042C75D	ResetCutsceneSpriteDrawTicks	ResetCutsceneSpriteDrawTicks	WC2-only		wc2-only
src/screens.c	64		0042C373	LoadCutsceneCockpitOverlay	LoadCutsceneCockpitOverlay	WC2-only		wc2-only
src/screens.c	73		0042C3A7	DrawCutsceneCockpitOverlay	DrawCutsceneCockpitOverlay	WC2-only		wc2-only
src/screens.c	74		0042C7BC	PresentCutsceneFrame	PresentCutsceneFrame	WC2-only		wc2-only
src/screens.c	88		0042C8E1	ConsumeCutscenePalettePacket	ConsumeCutscenePalettePacket	WC2-only		wc2-only
src/screens.c	90	00436F50		AwardCampaignMedal				unmapped
src/screens.c	97		0042C43D	RunCutsceneWipeTransition	RunCutsceneWipeTransition	WC2-only		wc2-only
src/screens.c	138		0042CB08	ReleaseCutsceneSoundEffects	ReleaseCutsceneSoundEffects	WC2-only		wc2-only
src/screens.c	141		0042C5A2	WaitForCutsceneInputEvent	WaitForCutsceneInputEvent	WC2-only		wc2-only
src/screens.c	147	004370D0		DrawMedalChest				unmapped
src/screens.c	201		00434177	HasSavedPilotCampaign	HasSavedPilotCampaign	WC2-only		wc2-only
src/screens.c	236	00437250		DrawMedalLongShot				unmapped
src/screens.c	236		0042CC42	LoadCutsceneSpeechSlot	LoadCutsceneSpeechSlot	WC2-only		wc2-only
src/screens.c	265	004373E0		MedalEstablish				unmapped
src/screens.c	293		0042D227	InitializeCutsceneRuntimeResources	InitializeCutsceneRuntimeResources	WC2-only		wc2-only
src/screens.c	306	004374B0		PinMedal				unmapped
src/screens.c	340		0042D444	InitializeCutsceneViewports	InitializeCutsceneViewports	WC2-only		wc2-only
src/screens.c	346	004375C0		DrawMedals				unmapped
src/screens.c	361		0042D4FA	ReleaseCutsceneSpeechPackets	ReleaseCutsceneSpeechPackets	WC2-only		wc2-only
src/screens.c	361		0042D181	FindLoadedCutsceneMusic	FindLoadedCutsceneMusic	WC2-only		wc2-only
src/screens.c	401		0042C0F1	DrawCutsceneTextAt	DrawCutsceneTextAt	WC2-only		wc2-only
src/screens.c	408	00437770		EstablishingShot				unmapped
src/screens.c	459	004378D0		DrawBriefingLongShot				unmapped
src/screens.c	480		0042D81C	ExecuteCutsceneScene	ExecuteCutsceneScene	WC2-only		wc2-only
src/screens.c	480		0042BB70	AnimateCutsceneSpeakerMouth	AnimateCutsceneSpeakerMouth	WC2-only		wc2-only
src/screens.c	483	00437980		ReturnToBriefingLongShot				unmapped
src/screens.c	497		0042CFDB	ReleaseCutsceneMusicNodes	ReleaseCutsceneMusicNodes	WC2-only		wc2-only
src/screens.c	507		0042D8E2	CopyCutsceneSpriteDisplay	CopyCutsceneSpriteDisplay	WC2-only		wc2-only
src/screens.c	528		0042D98C	LinkCutsceneSpriteScript	LinkCutsceneSpriteScript	WC2-only		wc2-only
src/screens.c	548		0042DA25	DrawCutsceneSprite	DrawCutsceneSprite	WC2-only		wc2-only
src/screens.c	550	00437B80	00433F94	Dismissed	Dismissed	WC1-callgraph-propagated		mapped
src/screens.c	632	00437DC0		DrawDebriefingLongShot				unmapped
src/screens.c	635		0042DD9F	DrawCutscenePlane	DrawCutscenePlane	WC2-only		wc2-only
src/screens.c	654		0042DE62	ClearCutsceneViewport	ClearCutsceneViewport	WC2-only		wc2-only
src/screens.c	662		0042DE9D	RestoreCutsceneTextBacking	RestoreCutsceneTextBacking	WC2-only		wc2-only
src/screens.c	669	00437F20		DebriefingEstablishingShot				unmapped
src/screens.c	683		0042DF32	ClearCutsceneTextViewport	ClearCutsceneTextViewport	WC2-only		wc2-only
src/screens.c	694		0042DF80	ExpandCutsceneText	ExpandCutsceneText	WC2-only		wc2-only
src/screens.c	730	00438090		no_objectives_achieved				unmapped
src/screens.c	744	004380D0		wing_status				unmapped
src/screens.c	746		0042E12A	ExecuteCutsceneSequence	ExecuteCutsceneSequence	WC2-only		wc2-only
src/screens.c	763	00438110		int_value				unmapped
src/screens.c	783	00438160		ParseTests				unmapped
src/screens.c	830		0042E3CF	UpdateCutscenePlaneObject	UpdateCutscenePlaneObject	WC2-only		wc2-only
src/screens.c	872		0042E553	UpdateCutsceneSpriteObject	UpdateCutsceneSpriteObject	WC2-only		wc2-only
src/screens.c	906		0042E692	DispatchCutsceneSpriteHandler	DispatchCutsceneSpriteHandler	WC2-only		wc2-only
src/screens.c	914		0042EE86	ReleaseCutsceneViewport	ReleaseCutsceneViewport	WC2-only		wc2-only
src/screens.c	935		0042F135	PopCutsceneScriptValue	PopCutsceneScriptValue	WC2-only		wc2-only
src/screens.c	947		0042F19A	PushCutsceneScriptValue	PushCutsceneScriptValue	WC2-only		wc2-only
src/screens.c	1012	00438B90		TalkerInit				unmapped
src/screens.c	1022	00438BC0		FreeTalker				unmapped
src/screens.c	1032	00438C00		SceneDirector				unmapped
src/screens.c	1193		0042EBD0	ReleaseActiveCutscenePacket	ReleaseActiveCutscenePacket	WC2-only		wc2-only
src/screens.c	1221		0042EC7F	ReleaseCutsceneFontPacket	ReleaseCutsceneFontPacket	WC2-only		wc2-only
src/screens.c	1253	00439070		DrawWc1PodiumShot				unmapped
src/screens.c	1277	00439150	004021A7	DrawBriefingCharacter	DrawBriefingCharacter	WC1-fuzzy-very-low		mapped
src/screens.c	1292		0042F1FD	RunCutsceneScript	RunCutsceneScript	WC2-only		wc2-only
src/screens.c	1294		0042EF12	DrawCinematicMemoryStatus	DrawCinematicMemoryStatus	WC2-only		wc2-only
src/screens.c	1302		0042EE4F	AllocateCutsceneViewportOrFatal	AllocateCutsceneViewportOrFatal	WC2-only		wc2-only
src/screens.c	1314	00439220		DrawWc1FuneralLongShot				unmapped
src/screens.c	1347		0042F0B3	FormatCinematicMemoryStatus	FormatCinematicMemoryStatus	WC2-only		wc2-only
src/screens.c	1358	00439400	00423C60	SetViewportRect	SetViewportRect	WC2-manual-verified		mapped
src/screens.c	1359		0042E6EB	InitializeSceneFlicStream	InitializeSceneFlicStream	WC2-only		wc2-only
src/screens.c	1359		0042F100	ReportCutscenePacketAllocationFailure	ReportCutscenePacketAllocationFailure	WC2-only		wc2-only
src/screens.c	1369	00439430	00433410	PanToScreen	PanToScreen	WC1-fuzzy-very-low		mapped
src/screens.c	1374		0042E762	ReleaseSceneFlicPackets	ReleaseSceneFlicPackets	WC2-only		wc2-only
src/screens.c	1403		0042E868	AdvanceSceneFlicStream	AdvanceSceneFlicStream	WC2-only		wc2-only
src/screens.c	1443	00439660	004697A0	death_sequence	death_sequence	WC1-callgraph-propagated	WC1-review-module-mismatch	mapped
src/screens.c	1515	00439840		ShowGetReadyScreen				unmapped
src/screens.c	1566	00439910		ShowWc1VictoryScreen				unmapped
src/screens.c	1608	00439A80		ShowGameOverScreen				unmapped
src/screens.c	1663	00439C0E		FillRasterBytes				unmapped
src/screens.c	1678	00439C3E	0040243C	CopyRasterDriverName	CopyRasterDriverName	WC1-fuzzy-high		mapped
src/screens.c	1691	00439C69	00402465	InstallRasterDriverCallbacks	InstallRasterDriverCallbacks	WC1-fuzzy-high		mapped
src/screens.c	1705	00439C88	00402484	SetRasterClipPixel	SetRasterClipPixel	WC1-auto-vt		mapped
src/screens.c	1826	00439D63	0040255F	ReadRasterClipPixel	ReadRasterClipPixel	WC1-auto-vt		mapped
src/screens.c	1942	00439E39	00402635	optimize	DrawClippedLine	WC1-auto-vt		mapped
src/screens.c	1959	0043A83B	00403037	optimize	FillRasterClipCheckerboard	WC1-auto-vt		mapped
src/screens.c	2126	0043A974	00403170	optimize	DrawRLEImage	WC1-auto-vt		mapped
src/screens.c	2290		00432F2A	LoadCachedCutsceneResource	LoadCachedCutsceneResource	WC2-only		wc2-only
src/screens.c	2376		00433328	ReleaseLoadedCutsceneResource	ReleaseLoadedCutsceneResource	WC2-only		wc2-only
src/screens.c	2616	0043AD78	00403574	optimize	DrawRLEImageUnclipped	WC1-auto-vt		mapped
src/screens.c	2733	0043AE3F	0040363B	SetPaletteTranslationTable	SetPaletteTranslationTable	WC1-fuzzy-medium		mapped
src/screens.c	2762	0043AE5E	0040365A	optimize	DrawRLEImageColor	WC1-auto-vt		mapped
src/screens.c	2771		00433269	ReleaseCutsceneSpriteShape	ReleaseCutsceneSpriteShape	WC2-only		wc2-only
src/screens.c	3311	0043B336	00403B32	optimize	DrawRLEImageColorUnclipped	WC1-auto-vt		mapped
src/screens.c	3456	0043B469	00403C65	optimize	RotateRLEImage	WC1-auto-vt		mapped
src/screens.c	3474	0043C015	00404811	optimize	GetRLEFrameBounds	WC1-auto-vt		mapped
src/screens.c	3491	0043C18D	00404989	EncodeRasterClipToRLEFrame	EncodeRasterClipToRLEFrame	WC1-auto-vt		mapped
src/screens.c	3507	0043C410	00404C0C	optimize	TranslateRLEFramePalette	WC1-auto-vt		mapped
src/screens.c	3523	0043C4A2	00404C9E	EncodeRLEScanline	EncodeRLEScanline	WC1-auto-vt		mapped
src/screens.c	3678	0043C62B	00404E27	EmitRLEScanlineRun	EmitRLEScanlineRun	WC1-auto-vt		mapped
src/screens.c	3881	0043C808	00405004	FillRasterClip	FillRasterClip	WC1-auto-vt		mapped
src/screens.c	4003	0043C8E7	004050E3	BlitRasterClip	BlitRasterClip	WC1-auto-vt		mapped
src/screens.c	4387	0043CC83	0040547F	ScrollRasterClipWrapped	ScrollRasterClipWrapped	WC1-auto-vt		mapped
src/screens.c	4403	0043CE80	0040567C	optimize	DrawRasterEllipse	WC1-auto-vt		mapped
src/screens.c	4419	0043D1C1	004059BD	FillRasterEllipse	FillRasterEllipse	WC1-auto-vt		mapped
src/screens.c	4746	0043E2D3	00406ACF	GetRLETransformTrig	GetRLETransformTrig	WC1-auto-vt		mapped
src/screens.c	4823	0043E38B	00406B87	CalculateRoundedRLEFixedProduct	CalculateRoundedRLEFixedProduct	WC1-auto-vt		mapped
src/screens.c	4851	0043E3B1	00406BAD	TransformRLEPoint	TransformRLEPoint	WC1-auto-vt		mapped
src/screens.c	4937	0043E478	00406C74	GetRawImageHeight	GetRawImageHeight	WC1-auto-vt		mapped
src/screens.c	4961	0043E48B	00406C87	GetRawFrameWidth	GetRawFrameWidth	WC1-auto-vt		mapped
src/screens.c	4988	0043E4AB	00406CA7	BlitRawFrame	BlitRawFrame	WC1-auto-vt		mapped
src/screens.c	5194	0043E63E	00406E3A	BlitSelectedRawFrames	BlitSelectedRawFrames	WC1-auto-vt		mapped
src/screens.c	5209	0043E675	00406E71	BlitRawScanline	BlitRawScanline	WC1-auto-vt		mapped
src/screens.c	5223	0043E784	00406F80	FindIFFChunkData	FindIFFChunkData	WC1-auto-vt		mapped
src/screens.c	5236	0043E7C6	00406FC2	DecodeIFFImage	DecodeIFFImage	WC1-auto-vt		mapped
src/screens.c	5250	0043E98D	00407189	CopyILBMPalette	CopyILBMPalette	WC1-auto-vt		mapped
src/screens.c	5261	0043E9BE	004071BA	GetILBMImageSize	GetILBMImageSize	WC1-auto-vt		mapped
src/screens.c	5272	0043E9EB	004071E7	DecodePCXImage	DecodePCXImage	WC1-auto-vt		mapped
src/screens.c	5286	0043EA6D	00407269	CopyPCXPaletteFromFileTail	CopyPCXPaletteFromFileTail	WC1-auto-vt		mapped
src/screens.c	5300	0043EA98	00407294	GetPCXImageSize	GetPCXImageSize	WC1-auto-vt		mapped
src/screens.c	5310	0043EABF	004072BB	ResetGIFLZWDictionary	ResetGIFLZWDictionary	WC1-auto-vt		mapped
src/screens.c	5322	0043EB07	00407303	ReadGIFDataSubBlockByte	ReadGIFDataSubBlockByte	WC1-auto-vt		mapped
src/screens.c	5332	0043EB20	0040731C	ReadGIFLZWCode	ReadGIFLZWCode	WC1-auto-vt		mapped
src/screens.c	5342	0043EB66	00407362	AppendGIFLZWDictionaryEntry	AppendGIFLZWDictionaryEntry	WC1-auto-vt		mapped
src/screens.c	5352	0043EBAC	004073A8	EmitGIFDecodedPixel	EmitGIFDecodedPixel	WC1-auto-vt		mapped
src/screens.c	5362	0043EC29	00407425	ExpandGIFLZWImage	ExpandGIFLZWImage	WC1-auto-vt		mapped
src/screens.c	5377	0043EE42	0040763E	CopyGIFPalette	CopyGIFPalette	WC1-auto-vt		mapped
src/screens.c	5390	0043EEA3	0040769F	GetGIFImageSize	GetGIFImageSize	WC1-auto-vt		mapped
src/screens.c	5401	0043EEDB	004076D7	GetRLEFrameDimensions	GetRLEFrameDimensions	WC1-auto-vt		mapped
src/screens.c	5415	0043EEFD	004076F9	GetRLEFrameExtents	GetRLEFrameExtents	WC1-auto-vt		mapped
src/screens.c	5429	0043EF20	0040771C	GetRLEImageSize	GetRLEImageSize	WC1-auto-vt		mapped
src/screens.c	5465	0043EF54	00407750	GetRLEImageOrigin	GetRLEImageOrigin	WC1-auto-vt		mapped
src/screens.c	5495	0043EF7E	0040777A	ApplyRLEFramePalette	ApplyRLEFramePalette	WC1-auto-vt		mapped
src/screens.c	5509	0043EFC9	004077C5	CopyRLEFramePalette	CopyRLEFramePalette	WC1-auto-vt		mapped
src/screens.c	5523	0043F011	0040780D	SetRLEFramePalette	SetRLEFramePalette	WC1-auto-vt		mapped
src/screens.c	5537	0043F05B	00407857	GetRLEFrameCount	GetRLEFrameCount	WC1-auto-vt		mapped
src/screens.c	5558	0043F06E	0040786A	CollectUniqueRLEImageFrames	CollectUniqueRLEImageFrames	WC1-auto-vt		mapped
src/screens.c	5572	0043F0D0	004078CC	CollectUniqueRLEPaletteFrames	CollectUniqueRLEPaletteFrames	WC1-auto-vt		mapped
src/screens.c	5586	0043F425	00407C21	FadeRasterPaletteToPalette	FadeRasterPaletteToPalette	WC1-auto-vt		mapped
src/screens.c	5602	0043F5A9	00407DA5	CollectRasterClipColours	CollectRasterClipColours	WC1-auto-vt		mapped
src/ship.c			00412FA9	IsOnlyShipGun	IsOnlyShipGun	WC2-only		wc2-only
src/ship.c	39	0041E650		check_for_lost_control				unmapped
src/ship.c	53	0041E900	00411A50	send_appropriate_message	send_appropriate_message	WC1-fuzzy-followup		mapped
src/ship.c	82	0041E9B0	00411C72	inflict_damage	inflict_damage	WC1-callgraph-propagated		mapped
src/ship.c	179	0041EC60	0041262D	pilot_hit	pilot_hit	WC1-fuzzy-low		mapped
src/ship.c	199	0041ECE0	0041270A	onboard_explosion	onboard_explosion	WC1-fuzzy-very-low		mapped
src/ship.c	251	0041EDB0	0041280B	call_enemy	call_enemy	WC1-fuzzy-followup		mapped
src/ship.c	267	0041EE20	004128A7	internal_damage	internal_damage	WC1-fuzzy-followup		mapped
src/ship.c	387	0041F1A0	00412F03	revise_shields	revise_shields	WC1-fuzzy-low		mapped
src/ship.c	403	0041F220	00413099	your_internal_damage	your_internal_damage	WC1-fuzzy-low		mapped
src/ship.c	549	0041F5D0	00412F90	check_computer_damage	check_computer_damage	WC1-fuzzy-low		mapped
src/ship.c	556	0041F5F0	00413578	ReportComponentRepaired	ReportComponentRepaired	WC1-auto-vt		mapped
src/ship.c	572	0041F660	004135F1	repair_internal_damage	repair_internal_damage	WC1-fuzzy-followup		mapped
src/ship.c	612	0041F700	004136E2	Create_ship_hit_debris	Create_ship_hit_debris	WC1-fuzzy-very-low		mapped
src/ship.c	637	0041F7C0	004137C2	check_next_wave	check_next_wave	WC1-order-semantics-verified		mapped
src/ship.c	668		004138A8	ProcessEnemyWaveCompletion	ProcessEnemyWaveCompletion	WC2-only		wc2-only
src/ship.c	710	0041F800	00413A3B	Create_explosion_debris	Create_explosion_debris	WC1-order-semantics-verified		mapped
src/ship.c	735	0041F9E0	00413D61	affect_mission_score	affect_mission_score	WC1-fuzzy-medium		mapped
src/ship.c	827	0041FA90	00413E4C	score_for_kill	score_for_kill	WC1-fuzzy-followup		mapped
src/ship.c	867	0041FB40	00413F58	analyze_kill	analyze_kill	WC1-callgraph-propagated		mapped
src/ship.c	910	0041FBC0	004142C8	ShipExplosion	ShipExplosion	WC1-order-callgraph-verified		mapped
src/ship.c	940	0041FCD0	0041444C	Explosion	SoundTbl0059b560FnFCD0	WC1-fuzzy-followup		mapped
src/ship.c	1013	0041FEB0		the_creator				unmapped
src/ship.c	1029	0041FEE0	00414025	explosion_shock_wave	explosion_shock_wave	WC1-callgraph-propagated		mapped
src/ship.c	1079	00420040		ResolveWc1ObjectDestruction				unmapped
src/ship.c	1143		00414835	explode	explode	WC2-only		wc2-only
src/ship.c	1143	00420190	00414BE9	send_at_point	send_at_point	WC1-order-callgraph-verified		mapped
src/ship.c	1153	004201D0	00414C39	find_child_object	find_child_object	WC1-order-semantics-verified		mapped
src/ship.c	1164		004148F5	ResolveObjectDestruction	ResolveObjectDestruction	WC2-only		wc2-only
src/ship.c	1166		00410161	IsCapitalShipObject	IsCapitalShipObject	WC2-only		wc2-only
src/ship.c	1174		00410289	GetAdaptiveTurnRate	GetAdaptiveTurnRate	WC2-only		wc2-only
src/ship.c	1189	00420210	00414CA9	find_child_ship	find_child_ship	WC1-fuzzy-low		mapped
src/ship.c	1205	00420260	00414D3D	launch_object	launch_object	WC1-fuzzy-low		mapped
src/ship.c	1219	004202D0	00414DC0	fire	fire	WC1-fuzzy-followup		mapped
src/ship.c	1374	004207E0	00415508	hemisphere	hemisphere	WC1-fuzzy-very-low		mapped
src/ship.c	1386	00420840	00415563	fire_flack	fire_flack	WC1-callgraph-propagated		mapped
src/ship.c	1405	004208C0	00415625	RandomSign	RandomSign	manual-verified		mapped
src/ship.c	1413	004208E0	0041565E	RandomFixedAimComponent	RandomFixedAimComponent	manual-verified		mapped
src/ship.c	1423	00420920	004156A7	SpawnFlakBurst	SpawnFlakBurst	manual-verified		mapped
src/ship.c	1433		004102FD	IncreaseAdaptiveDifficulty	IncreaseAdaptiveDifficulty	WC2-only		wc2-only
src/ship.c	1446		00410352	DecreaseAdaptiveDifficulty	DecreaseAdaptiveDifficulty	WC2-only		wc2-only
src/ship.c	1461	00420AA0	004159DB	fire_turrets	fire_turrets	WC1-callgraph-propagated		mapped
src/ship.c	1521	00420C20	00415E2C	fire_weapon	fire_weapon	WC1-callgraph-propagated		mapped
src/ship.c	1764		0041596F	HasShipActiveMissile	HasShipActiveMissile	WC2-only		wc2-only
src/ship.c	1771		00446710	BeginShipDestructionSequence	BeginShipDestructionSequence	WC2-only		wc2-only
src/ship.c	1798		00446823	SpawnMissionEjectionPod	SpawnMissionEjectionPod	WC2-only		wc2-only
src/smart.c	0		0041F902	CountAlliesOnSameTarget	CountAlliesOnSameTarget	WC2-only		wc2-only
src/smart.c	0		0041F9AF	process_maneuver_node	process_maneuver_node	WC2-only		wc2-only
src/smart.c	10	00433AC0	0041E4E0	steer_away_from_object	steer_away_from_object	WC1-fuzzy-very-low		mapped
src/smart.c	35	00433B90	0041E5C8	steer_away_from_predicted_object	steer_away_from_predicted_object	WC1-fuzzy-very-low		mapped
src/smart.c	62	00433C80	0041E6C8	prevent_collision	prevent_collision	WC1-fuzzy-followup		mapped
src/smart.c	107	00433D90	0041E860	handle_collisions	handle_collisions	WC1-manual-verified		mapped
src/smart.c	120		0041E8D3	CountEnemyFighters	CountEnemyFighters	WC2-only		wc2-only
src/smart.c	135	00433DE0	0041E945	regulate_turn	regulate_turn	manual-verified		mapped
src/smart.c	178	00433E50	0041EA86	select_target	select_target	WC1-fuzzy-very-low		mapped
src/smart.c	196	00433EC0	0041EB1D	veer_random	veer_random	WC1-fuzzy-low		mapped
src/smart.c	216	00433F50	0041EBC1	offset_location	offset_location	WC1-manual-verified		mapped
src/smart.c	230	00433FF0	0041EC73	compute_formation_destination	compute_formation_destination	WC1-fuzzy-low		mapped
src/smart.c	245	00434040	0041ECEF	control_speed	control_speed	WC1-fuzzy-followup		mapped
src/smart.c	269	004340F0	0041EDCC	chase_location	chase_location	WC1-fuzzy-low		mapped
src/smart.c	322	004342C0	0041EFFE	goto_location	goto_location	WC1-fuzzy-low		mapped
src/smart.c	350	00434360	0041F0C5	goto_formation	goto_formation	WC1-fuzzy-low		mapped
src/smart.c	394	004344E0	0041F2C5	maintain_formation	maintain_formation	WC1-manual-verified		mapped
src/smart.c	409	00434550	0041F337	reset_stress	reset_stress	WC1-manual-verified		mapped
src/smart.c	431	004345D0	0041F3EF	stress_morale	stress_morale	WC1-fuzzy-low		mapped
src/smart.c	441	004345F0	0041F446	any_defense	any_defense	WC1-manual-verified		mapped
src/smart.c	471	00434630	0041F4C6	pick_regular_maneuver	pick_regular_maneuver	WC1-fuzzy-followup		mapped
src/smart.c	530	00434800	0041F714	pick_from_list	pick_from_list	WC1-fuzzy-followup		mapped
src/smart.c	556	004348A0	0041F83F	pick_kilrathi_maneuver	pick_kilrathi_maneuver	WC1-callgraph-propagated		mapped
src/smart.c	601	00434980	0041FD2B	handle_stress	handle_stress	WC1-fuzzy-very-low		mapped
src/smart.c	648	00434A80	0041FF37	intelligence_events	intelligence_events	WC1-callgraph-propagated		mapped
src/smart.c	720	00434C70	00440571	chase_speed	chase_speed	WC1-callgraph-propagated		mapped
src/sound.c	13	0042B410	004240AE	ReleaseFinishedSoundEntries	ReleaseFinishedSoundEntries	WC1-manual-verified		mapped
src/sound.c	29	0042B450	00424113	StopSoundsUsingWave	StopSoundsUsingWave	WC1-order-callgraph-verified		mapped
src/sound.c	49	0042B4A0	0042418C	playWAVE	playWAVE	WC1-fuzzy-followup		mapped
src/sound.c	177	0042B640	004245A2	stop_all_sounds	stop_all_sounds	WC1-auto-vt		mapped
src/sound.c	179		00424417	PlayRawSpeechBuffer	PlayRawSpeechBuffer	WC2-only		wc2-only
src/sound.c	198	0042B680	004245F8	PlaySnowStaticSound	PlaySnowStaticSound	WC1-fuzzy-high		mapped
src/sound.c	240	0042B7D0	0042476B	ServiceSoundSystem	ServiceSoundSystem	WC1-order-exact		mapped
src/sound.c	268	0042B7E0	0042482E	SetSoundEffectsVolume	HelperOf427F20A	WC1-fuzzy-very-low		mapped
src/sound.c	282	0042B810	0042485C	RegistryQueryValue	RegistryQueryValue	WC1-callgraph-propagated		mapped
src/sound.c	289	0042B840	00424888	RegistryStoreValue	RegistryStoreValue	WC1-callgraph-propagated		mapped
src/sound.c	296	0042B870	004248B4	LoadVolumeSettingsFromRegistry	LoadVolumeSettingsFromRegistry	WC1-fuzzy-low		mapped
src/sound.c	326	0042B930	00424980	SaveVolumeSettingsToRegistry	SaveVolumeSettingsToRegistry	WC1-fuzzy-low		mapped
src/sound.c	344	0042B9A0		DrawLaunchDoorFrame				unmapped
src/sound.c	392	0042BA90		LaunchPlayerShip				unmapped
src/sound.c	456	0042BC00		ShowCarrierLaunchSequence				unmapped
src/sound.c	739	0042C410		FxDriverShutdownHook				unmapped
src/sound.c	744	0042C420		InitializeDiskPromptTextContext				unmapped
src/sound.c	785		00432DCC	GetPackedStringByIndex	GetPackedStringByIndex	WC2-only		wc2-only
src/sound.c	800	0042C510	00432E23	RewriteDiskFileGraphicsExtensions	RewriteDiskFileGraphicsExtensions	WC1-auto-vt		mapped
src/sound.c	842	0042C580	00401000	LoadWingCmdrCfgFile	LoadWingCmdrCfgFile	WC1-fuzzy-followup		mapped
src/sound.c	897		00432E83	RewriteCutsceneMusicExtensionForDriver	RewriteCutsceneMusicExtensionForDriver	WC2-only		wc2-only
src/sound.c	898	0042C660		LoadInstallDat				unmapped
src/sound.c	911		00432EE4	RewriteCutsceneMusicExtensionForRetry	RewriteCutsceneMusicExtensionForRetry	WC2-only		wc2-only
src/sound.c	985	0042C800	00401120	show_damage_disp	show_damage_disp	WC1-fuzzy-followup		mapped
src/sound.c	1029	0042C970	004012E1	UpdateDamageDisplay	DrawTbl0059bff0FnC970	WC1-fuzzy-very-low		mapped
src/sound.c	1197	0042CDA0		GetJoystickPresentUnused				unmapped
src/spc.c			0041AD8B	SaveTorpedoTargetLockForViewChange	SaveTorpedoTargetLockForViewChange	WC2-only		wc2-only
src/spc.c	17	004102B0	00418770	CalibrateJoystickInteractive	CalibrateJoystickInteractive	WC1-fuzzy-high		mapped
src/spc.c	163	004106C0	00418D14	WaitForJoystickButtonRelease	WaitForJoystickButtonRelease	WC1-manual-verified		mapped
src/spc.c	175	00410700	00418D5F	WaitForJoystickButtonPress	WaitForJoystickButtonPress	WC1-manual-verified		mapped
src/spc.c	187	00410740	0044ADE0	SetFleetOverviewView	LoopUiFn0740	WC1-fuzzy-very-low		mapped
src/spc.c	284	00410A30	00419C10	rotate_eye_to_goal	rotate_eye_to_goal	WC1-manual-verified		mapped
src/spc.c	307	00410AD0	00419CDC	GetVectorMagnitude	GetVectorMagnitude	WC1-fuzzy-followup		mapped
src/spc.c	313	00410AF0	00419D01	set_eye_direction_and_position	DispatchTbl0059c014Fn0AF0	WC1-callgraph-propagated		mapped
src/spc.c	625	004117B0	0041AD51	force_view	DoUiFn17B0	WC1-callgraph-propagated		mapped
src/spc.c	640	004117D0	0041AE40	new_view	DispatchTbl0059b9e0Fn17D0	WC1-fuzzy-very-low		mapped
src/spc.c	838	00411EC0	0041B62E	start_dust	GetTbl0059cd90Fn1EC0	WC1-fuzzy-followup		mapped
src/spc.c	866	00411FE0	0041B762	generate_stars	generate_stars	WC1-fuzzy-followup		mapped
src/spc.c	911	00412100	0041B8D6	update_star_field	update_star_field	WC1-fuzzy-followup		mapped
src/spc.c	1029	00412410	0041BD44	count_down	count_down	WC1-manual-verified		mapped
src/spc.c	1037	00412430	0041BD81	house_keep_objects	ScanTbl0059b560Fn2430	WC1-callgraph-propagated		mapped
src/spc.c	1170	00412820	0041C7ED	update_objects_in_space	ScanTbl0059d100Fn2820	WC1-callgraph-propagated		mapped
src/spc.c	1220	00412920	0041CB3C	rotate_object	GetTbl0059b2a0Fn2920	WC1-fuzzy-low		mapped
src/spc.c	1238	004129A0	0041CC0A	accelerate_and_move_object	GetTbl0059c3c0Fn29A0	WC1-fuzzy-followup		mapped
src/spc.c	1347	00412CD0	0041D07B	animate_shape	SoundTbl0059de40Fn2CD0	WC1-fuzzy-very-low		mapped
src/spc.c	1395	00412E30	0041D2DA	animate_object	SoundTbl0059de40Fn2E30	WC1-fuzzy-followup		mapped
src/spc.c	1452	00413030	0041D4C7	hit_asteroid	ScanTbl0059c010Fn3030	WC1-fuzzy-low		mapped
src/spc.c	1470	004130D0	0041D591	object_collision	object_collision	same per-object update-loop caller; collision/vector callee family; 70.78% binary-comp; target 00445087 is capital-ship strike mission case		mapped
src/spc.c	1706	00413880	0041E276	object_intelligence	DispatchTbl0059d100Fn3880	WC1-callgraph-propagated		mapped
src/strdos.c	11	00435410	0046243F	DosFarPtrToNear	DosFarPtrToNear	WC1-manual-verified		mapped
src/strdos.c	17	00435420	00462452	DosNearPtrToFar	DoLocalFn5420	WC1-callgraph-propagated		mapped
src/strdos.c	23	00435430	00462465	DosStrrchr	DosStrrchr	WC1-auto-vt		mapped
src/strdos.c	29	00435450	00462486	DosStrchr	DosStrchr	WC1-callgraph-propagated		mapped
src/strdos.c	35	00435470	004624A7	DosStrcpy	DosStrcpy	WC2-manual-verified		mapped
src/strdos.c	41	004354A0		CopyFarString				unmapped
src/strdos.c	41		004624C7	CopyStringAndReturnEnd	CopyStringAndReturnEnd	WC2-only		wc2-only
src/strdos.c	47	004354D0	0046250B	DosStrlen	DosStrlen	WC1-callgraph-propagated		mapped
src/strdos.c	53	004354F0	00462527	DosMemcpy	DosMemcpy	WC1-manual-verified		mapped
src/strdos.c	59	00435510	00462550	DosMemset	DosMemset	WC2-manual-verified		mapped
src/strdos.c	65	00435550		GetEventManagerStatus				unmapped
src/strdos.c	65		0046257A	InitializePostPaletteState	InitializePostPaletteState	WC2-only		wc2-only
src/strdos.c	71	00435560		RegisterEventManagerShutdown				unmapped
src/strdos.c	71		0046259D	InitializeInputManagerMemory	InitializeInputManagerMemory	WC2-only		wc2-only
src/strdos.c	76	00435570		InitializeEventManager				unmapped
src/strdos.c	87	00435590		ShutdownEventManager				unmapped
src/strdos.c	93	004355A0		ConfigureEventManagerPointer				unmapped
src/strdos.c	100	004355C0		EventManagerHook				unmapped
src/strdos.c	106	004355D0		SetEventManagerPump				unmapped
src/sysinput.c	0		00455D2D	GetHomeKeyState	GetHomeKeyState	WC2-only		wc2-only
src/sysinput.c	0		00455D48	GetUpArrowKeyState	GetUpArrowKeyState	WC2-only		wc2-only
src/sysinput.c	0		00455D63	GetPageUpKeyState	GetPageUpKeyState	WC2-only		wc2-only
src/sysinput.c	0		00455D7E	GetLeftArrowKeyState	GetLeftArrowKeyState	WC2-only		wc2-only
src/sysinput.c	0		00455D99	GetRightArrowKeyState	GetRightArrowKeyState	WC2-only		wc2-only
src/sysinput.c	0		00455DB4	GetEndKeyState	GetEndKeyState	WC2-only		wc2-only
src/sysinput.c	0		00455DCF	GetDownArrowKeyState	GetDownArrowKeyState	WC2-only		wc2-only
src/sysinput.c	0		00455DEA	GetPageDownKeyState	GetPageDownKeyState	WC2-only		wc2-only
src/sysinput.c	0		00455E05	GetNumLockKeyState	GetNumLockKeyState	WC2-only		wc2-only
src/sysinput.c	0		00455E23	GetNumpadPlusKeyState	GetNumpadPlusKeyState	WC2-only		wc2-only
src/sysinput.c	0		00455E3E	GetNumpadMinusKeyState	GetNumpadMinusKeyState	WC2-only		wc2-only
src/sysinput.c	0		00455E59	GetReturnKeyState	GetReturnKeyState	WC2-only		wc2-only
src/sysinput.c	0		00455E74	GetSpaceKeyState	GetSpaceKeyState	WC2-only		wc2-only
src/sysinput.c	9	00402E80	00455A85	SetMousePosition	SetMousePosition	WC1-manual-verified		mapped
src/sysinput.c	15	00402EA0	00455AC8	PollKeyboardState	PollKeyboardState	WC1-fuzzy-very-low		mapped
src/sysinput.c	64	00403060	00455E8F	GetShiftKeyState	GetShiftKeyState	WC1-fuzzy-medium		mapped
src/sysinput.c	70	00403070	00455EBF	GetControlKeyState	GetControlKeyState	WC1-fuzzy-medium		mapped
src/sysinput.c	76	00403080	00455EAA	GetKeyboardModifiers	ReadDAT005a8964	WC1-callgraph-propagated		mapped
src/sysinput.c	82	00403090	00455EF5	GetGameClockTicks	GetGameClockTicks	WC1-callgraph-propagated		mapped
src/sysinput.c	88	004030B0	00455F23	InitGameClockEpoch	InitGameClockRandomEpoch	WC1-auto-vt		mapped
src/sysinput.c	94		0045641B	TakeInputPressCount	TakeInputPressCount	WC2-only		wc2-only
src/sysinput.c	104	004030D0	00455F59	WriteDebugString	WriteDebugString	WC1-manual-verified		mapped
src/sysinput.c	124	004030E0	00455FD3	SetInputCursorHostPosition	SetInputCursorHostPosition	WC1-manual-verified		mapped
src/system.c	9	00427080		RunTrainSim				unmapped
src/system.c	105	004272F0	0046579D	LogMemoryUsage	LogMemoryUsage	WC1-callgraph-propagated	WC1-review-module-mismatch	mapped
src/system.c	105		004656CC	AllocateApplicationScratchBuffer	AllocateApplicationScratchBuffer	WC2-only		wc2-only
src/system.c	112		004656EB	ReleaseApplicationScratchBuffer	ReleaseApplicationScratchBuffer	WC2-only		wc2-only
src/system.c	119		00465730	WaitForQueuedInputPress	WaitForQueuedInputPress	WC2-only		wc2-only
src/system.c	120		0046570E	GetInputCursorShape	GetInputCursorShape	WC2-only		wc2-only
src/system.c	125	00427370	00437AB4	exit_squadron	exit_squadron	WC1-callgraph-propagated		mapped
src/system.c	139		00437A44	ReportFatalErrorCode	ReportFatalErrorCode	WC2-only		wc2-only
src/system.c	146	004273C0	00437AEC	ShowMemoryStatusDebug	ShowMemoryStatusDebug	WC1-fuzzy-very-low		mapped
src/system.c	173	004274C0		GetJoystickButtonEdge				unmapped
src/system.c	191		0046589D	AdjustSpaceFramePeriod	AdjustSpaceFramePeriod	WC2-only		wc2-only
src/text.c	12		00433690	DrawCinematicFontCharacter	DrawCinematicFontCharacter	WC2-only		wc2-only
src/text.c	35		0043374E	IsCinematicFontCharacterPrintable	IsCinematicFontCharacterPrintable	WC2-only		wc2-only
src/text.c	43		00433777	DrawWrappedCinematicText	DrawWrappedCinematicText	WC2-only		wc2-only
src/text.c	113		00433A14	MeasureCinematicFontCharacterWidth	MeasureCinematicFontCharacterWidth	WC2-only		wc2-only
src/text.c	126		00433A75	MeasureCinematicFontLineHeight	MeasureCinematicFontLineHeight	WC2-only		wc2-only
src/text.c	136		00433AB0	InitializeCinematicTextRenderer	InitializeCinematicTextRenderer	WC2-only		wc2-only
src/text.c	144	00433910		show_info_disp				unmapped
src/winmain.c	9	00401000	00417550	SaveGamePalette	SaveGamePalette	WC1-callgraph-propagated		mapped
src/winmain.c	34	00401020	004175AD	RestoreGamePalette	RestoreGamePalette	WC2-manual-verified		mapped
src/winmain.c	41	00401040		easy2see				unmapped
src/winmain.c	64	004010C0	004176D2	make_shard	make_shard	WC1-fuzzy-followup		mapped
src/winmain.c	100	004011D0	00417838	remove_hazard	remove_hazard	WC1-order-exact		mapped
src/winmain.c	115	00401210	0041787A	remove_all_hazards	remove_all_hazards	WC1-order-exact		mapped
src/winmain.c	140	00401250	004178E5	difficulty	difficulty	WC1-manual-verified		mapped
src/winmain.c	146	00401270	00417916	asteroid_velocity	asteroid_velocity	WC1-fuzzy-followup		mapped
src/winmain.c	152	00401290	00417941	skew_randomly	skew_randomly	WC1-fuzzy-low		mapped
src/winmain.c	176	00401390	00417AD7	align	align	WC1-order-exact		mapped
src/winmain.c	190	004013B0	00417AF9	init_hazard	init_hazard	WC1-fuzzy-followup		mapped
src/winmain.c	270	00401680	00417EA4	near_field	near_field	WC1-manual-verified		mapped
src/winmain.c	278	004016A0	00417ED4	within_field	within_field	WC1-manual-verified		mapped
src/winmain.c	285	004016C0	00417EFF	try_far_spot	try_far_spot	WC1-fuzzy-followup		mapped
src/winmain.c	332	00401870	00418175	rear_sphere	rear_sphere	WC1-fuzzy-very-low		mapped
src/winmain.c	339	00401890	004181A2	ok_hazard_spot	ok_hazard_spot	WC1-manual-verified		mapped
src/winmain.c	351	004018D0	0041820B	make_hazard	make_hazard	WC1-manual-verified		mapped
src/winmain.c	365	00401930	00418288	extra_hazard	extra_hazard	WC1-manual-verified		mapped
src/winmain.c	372	00401950	004182B6	approach	approach	WC1-callgraph-propagated		mapped
src/winmain.c	387	004019E0	0041836E	manage_hazard	manage_hazard	WC1-fuzzy-very-low		mapped
src/winmain.c	403	00401A60	00418426	match_ship_to_eye	match_ship_to_eye	WC1-manual-verified		mapped
src/winmain.c	417	00401B30	004184F6	update_hazards	update_hazards	WC1-fuzzy-low		mapped
src/winmain.c	441	00401BC0	004185CC	start_hazard_field	start_hazard_field	WC1-order-exact		mapped
src/winmain.c	464	00401C00	00418626	add_hazard_field	add_hazard_field	WC1-manual-verified		mapped
src/winmain.c	481	00401C60	004186A4	check_hazards	check_hazards	WC1-manual-verified		mapped
src/winmain.c	507	00401CE0	004199F0	WarpMouseTo	SetInputFn1CE0	WC1-callgraph-propagated		mapped
src/winmain.c	523	00401D10	00453C95	CheckLauncherAndConfig	CheckLauncherAndConfig	WC1-fuzzy-followup		mapped
src/winmain.c	580	00401E30	00453E60	WinMain	WinMain	WC1-callgraph-transfer		mapped
src/winmain.c	660	00402070	00454103	ShutdownGameWindow	ShutdownGameWindow	WC1-fuzzy-high		mapped
src/winmain.c	700	004020E0	0045418B	ShowNoticeMessageBox	ShowNoticeMessageBox	WC1-fuzzy-medium		mapped
src/winmain.c	708	00402110	0045422D	AbortToDesktop	AbortToDesktop	WC1-fuzzy-medium		mapped
src/winmain.c	734	00402180	004542B7	CreateMainWindow	CreateMainWindow	WC1-fuzzy-very-low		mapped
src/winmain.c	788	00402320	0045445A	PumpWindowMessages	PumpWindowMessages	WC1-fuzzy-very-low		mapped
src/winmain.c	872	00402520	00453C80	GetF1KeyLatch	GetF1KeyLatch	WC1-manual-verified		mapped
src/winmain.c	880	00402530	00454625	MainWindowProc	MainWindowProc	WC1-callgraph-propagated		mapped
src/winmain.c	1019	00402A20	004551E7	GetJoystickPosition	GetJoystickPosition	WC1-manual-verified		mapped
src/winmain.c	1067	00402AC0	00455346	GetJoystickButtons	GetJoystickButtons	WC1-manual-verified		mapped
src/winmain.c	1082	00402AE0	0045536F	GetJoystickDevCaps	GetJoystickDevCaps	WC1-callgraph-propagated		mapped
src/winmain.c	1120	00402B80	00455427	GetApplicationInstance	ReadDAT005a8a40	WC1-order-exact		mapped
src/winmain.c	1126	00402B90	0045543C	GetMainWindowHandle	GetMainWindowHandle	WC1-order-exact		mapped
src/winmain.c	1134	00402BA0	00455451	GetMainWindowDeviceContext	GetMainWindowDeviceContext	WC1-order-exact		mapped
src/winmain.c	1142	00402BB0	00455466	AllocateGuardedMemory	AllocateGuardedMemory	WC1-callgraph-propagated		mapped
src/winmain.c	1179	00402CA0	00455565	ReportHeapGuardCorruption	ReportHeapGuardCorruption	WC1-auto-vt		mapped
src/winmain.c	1194	00402D40	00455624	CheckAllGuardedAllocations	CheckAllGuardedAllocations	WC1-manual-verified		mapped
src/winmain.c	1336		0045562F	IsFreedHeapBlockTracked	IsFreedHeapBlockTracked	WC2-only		wc2-only
src/winmain.c	1352		00455697	DetectDoubleFree	DetectDoubleFree	WC2-only		wc2-only
src/winmain.c	1372		00455715	TrackFreedHeapBlock	TrackFreedHeapBlock	WC2-only		wc2-only
src/winmain.c	1386	00402DB0	00455882	FreeGuardedAllocation	FreeGuardedAllocation	WC1-manual-verified		mapped
