source_file	source_line	wc1_address	wc2_address	source_name	mapping_name	evidence	review_flags	status
src/auto.c	12	00403E50	004228B0	visit_the_cinema	visit_the_cinema	WC1-fuzzy-very-low		mapped
src/auto.c	39	00403EE0	00422953	player_wingman	player_wingman	WC1-callgraph-propagated		mapped
src/auto.c	47	00403F10	00422990	set_speed	set_speed	WC1-callgraph-single-low		mapped
src/auto.c	54	00403F40	004229B9	auto_position	auto_position	WC1-callgraph-propagated		mapped
src/auto.c	104	00404050	00422B1C	auto_pilot_sequence	auto_pilot_sequence	WC1-callgraph-propagated		mapped
src/barracks.c	10	0041BBD0	0046138D	DrawUnreferencedPilotHandFrame	SceneRoutine02	WC1-callgraph-propagated		mapped
src/barracks.c	38	0041C090	00418DAA	RunCampaignSelectionFrame	RunCampaignSelectionFrame	WC1-callgraph-propagated		mapped
src/barracks.c	79	0041C170	00419831	BarracksScreen	BarracksScreen	WC1-callgraph-propagated		mapped
src/barracks.c	128	0041C510	004225A0	StepPaletteTransition	StepPaletteTransition	WC1-fuzzy-very-low		mapped
src/barracks.c	205	0041C740	00446910	DosStrcat	DosStrcat	WC1-callgraph-propagated		mapped
src/brains.c	15		00440490	HandleUnsupportedManeuver	HandleUnsupportedManeuver	WC2-only		wc2-only
src/brains.c	23		004404CC	BeginShipCloak	BeginShipCloak	WC2-only		wc2-only
src/brains.c	36		00440549	ResetShipCloakState	ResetShipCloakState	WC2-only		wc2-only
src/brains.c	43	004060A0	00440606	SetShipAiScratchWord	HelperOf4075D0A	WC1-callgraph-single		mapped
src/brains.c	49	004060B0	0044061B	maneuver_complete	maneuver_complete	WC1-fuzzy-low		mapped
src/brains.c	56	004060D0	00440642	Mline_up_drop	Mline_up_drop	WC1-fuzzy-low		mapped
src/brains.c	72	00406130	004406BA	Mwabble	ShipAiState13	WC1-fuzzy-followup		mapped
src/brains.c	97	004061E0	004407B0	advance	advance	WC1-order-exact		mapped
src/brains.c	104	00406200	004407DA	ShipAiState35	ShipAiState35	WC1-order-exact		mapped
src/brains.c	111	00406310	004407F7	Mfull_ahead	Mfull_ahead	WC1-order-exact		mapped
src/brains.c	118	00406350	00440814	Mchill	Mchill	WC1-order-exact		mapped
src/brains.c	125	004063B0	00440831	Mdrop_a_mine	Mdrop_a_mine	WC1-order-exact		mapped
src/brains.c	132	00406400	0044084E	Mthink	Mthink	WC1-order-exact		mapped
src/brains.c	139	00406440	0044086B	Mtight_loop	Mtight_loop	WC1-fuzzy-very-low		mapped
src/brains.c	167	004064F0	00440967	Mhard_break	Mhard_break	WC1-fuzzy-followup		mapped
src/brains.c	195	004065A0	00440A93	Msit_n_spin	Msit_n_spin	WC1-fuzzy-followup		mapped
src/brains.c	260	004067A0	00440D0B	Mturn_n_spin	Mturn_n_spin	WC1-fuzzy-followup		mapped
src/brains.c	292	00406860	00440E46	Mburnout	ShipAiState12	WC1-callgraph-propagated		mapped
src/brains.c	314	004068D0	00440F01	Mkickit	Mkickit	WC1-manual-verified		mapped
src/brains.c	330	00406910	00440F76	Mturn_n_kick	Mturn_n_kick	WC1-order-exact		mapped
src/brains.c	366	00406990	004410C0	Mroll_over	Mroll_over	WC1-manual-verified		mapped
src/brains.c	380	004069F0	00441146	Mhard_turn	Mhard_turn	WC1-callgraph-propagated		mapped
src/brains.c	397	00406A50	004411E1	Mfish_hook	Mfish_hook	WC1-fuzzy-followup		mapped
src/brains.c	439	00406B60	00441379	Mtry2tail	Mtry2tail	WC1-order-exact		mapped
src/brains.c	459	00406BD0	0044145A	Msplit_left	Msplit_left	WC1-order-exact		mapped
src/brains.c	480	00406C20	0044151B	Msplit_right	Msplit_right	WC1-order-exact		mapped
src/brains.c	501	00406C70	004415DC	Mgloat	ShipAiState25	WC1-fuzzy-followup		mapped
src/brains.c	526	00406D20	004416D5	Mtail_fire	Mtail_fire	WC1-manual-verified		mapped
src/brains.c	537	00406D80	00441742	Mzip_past	Mzip_past	WC1-manual-verified		mapped
src/brains.c	561		00441837	ShipAiState47	ShipAiState47	WC2-only		wc2-only
src/brains.c	575		00441895	ShipAiState28	ShipAiState28	WC2-only		wc2-only
src/brains.c	583		004418B2	ShipAiState46	ShipAiState46	WC2-only		wc2-only
src/brains.c	608	00406E10	00441C01	Mtarget_missile	Mtarget_missile	WC1-callgraph-propagated		mapped
src/brains.c	636	00406EC0	0044199B	Mram_missile	Mram_missile	WC1-fuzzy-low		mapped
src/brains.c	649	00406F20	00441A13	Mbuzz_debris	Mbuzz_debris	WC1-fuzzy-followup		mapped
src/brains.c	676	00406FB0	00441AFC	Mstrafe_enemy	Mstrafe_enemy	WC1-order-exact		mapped
src/brains.c	694	00407030	00441BC1	Mbest_strafe	Mbest_strafe	WC1-fuzzy-very-low		mapped
src/brains.c	704	00407060	00441D00	Msit_n_fire	Msit_n_fire	WC1-fuzzy-very-low		mapped
src/brains.c	716	004070D0	00441D71	Mstrafe_n_roll	Mstrafe_n_roll	WC1-fuzzy-very-low		mapped
src/brains.c	726	00407100	00441DB3	Mkill_missile	Mkill_missile	WC1-fuzzy-very-low		mapped
src/brains.c	749	004071B0	00441E9C	Msuicide_run	Msuicide_run	WC1-order-exact		mapped
src/brains.c	756	004071E0	00441EC8	Mget_distance	Mget_distance	WC1-fuzzy-low		mapped
src/brains.c	775	00407270	00441F86	general_zig	general_zig	WC1-callgraph-propagated		mapped
src/brains.c	812	00407350	0044210C	Mzig_zag	Mzig_zag	WC1-callgraph-single		mapped
src/brains.c	818	00407370	00442129	Mzig_zag_pitch	Mzig_zag_pitch	WC1-fuzzy-low		mapped
src/brains.c	824	00407390	00442146	Mcorkscrew	ShipAiState38	WC1-fuzzy-very-low		mapped
src/brains.c	850	00407450	00442252	Mveer_away	Mveer_away	WC1-fuzzy-followup		mapped
src/brains.c	887	00407560	004423E2	ShipAiState44	ShipAiState44	WC1-callgraph-single-low		mapped
src/brains.c	894	00407580	00442404	Mtarget_laser	Mtarget_laser	WC1-manual-verified		mapped
src/brains.c	901	004075A0	00442421	Mrout_me	Mrout_me	WC1-manual-verified		mapped
src/brains.c	907		00442438	ShipAiState3	ShipAiState3	WC2-only		wc2-only
src/brains.c	915		00442455	ShipAiState45	ShipAiState45	WC2-only		wc2-only
src/brains.c	930	004075B0	004424C2	Mnone	Mnone	WC1-manual-verified		mapped
src/brains.c	936	004075C0	004424CD	Mreset	ShipAiState03	WC1-fuzzy-followup		mapped
src/brains.c	964	004075D0	004424E4	perform_maneuver	perform_maneuver	WC1-fuzzy-followup		mapped
src/brains.c	1030	00407710	00447170	GetShapeFrameExtent	GetShapeFrameExtent	WC1-fuzzy-followup		mapped
src/brains.c	1041		00460650	UpdateTargetCameraObject	UpdateTargetCameraObject	WC2-only		wc2-only
src/brains.c	1098	004094E0	00409C1A	RunCampaignGameLoop	RunCampaignGameLoop	WC2-manual-verified		mapped
src/brains.c	1307		00409850	InitializeNewPilotCampaign	InitializeNewPilotCampaign	WC2-only		wc2-only
src/brains.c	1327		0040A27A	LoadStartingCampaignGlobals	LoadStartingCampaignGlobals	WC2-only		wc2-only
src/brains.c	1336		0040A2A3	RunSelectedCampaign	RunSelectedCampaign	WC2-only		wc2-only
src/brains.c	1342	00409760	00442770	cruise_home	cruise_home	WC1-fuzzy-very-low		mapped
src/brains.c	1385	004098C0	004429A7	fail	fail	WC1-manual-verified		mapped
src/brains.c	1391	004098D0	004429C0	coming_home	coming_home	WC1-manual-verified		mapped
src/brains.c	1430	004099C0	00442B78	run_away	run_away	WC1-fuzzy-low		mapped
src/brains.c	1460	00409AC0	00442CC3	check_engage_target	check_engage_target	WC1-callgraph-propagated		mapped
src/brains.c	1472	00409B10	00442D58	check_destroy_target	check_destroy_target	WC1-fuzzy-followup		mapped
src/brains.c	1503	00409C20	00442EFC	maneuvering	maneuvering	WC1-callgraph-propagated		mapped
src/brains.c	1511	00409C50	00442F2D	formation_burst	formation_burst	WC1-callgraph-propagated		mapped
src/brains.c	1528	00409CE0	00442FE9	disallow_engage	disallow_engage	WC1-callgraph-single-low		mapped
src/brains.c	1534	00409CF0	00442FFD	allow_engage	allow_engage	WC1-fuzzy-medium		mapped
src/brains.c	1541	00409D10	0044301A	try2allow_engage	try2allow_engage	WC1-fuzzy-followup		mapped
src/brains.c	1560	00409D60	00443095	imperial_formation	imperial_formation	WC1-fuzzy-low		mapped
src/brains.c	1605	00409F00	004432EB	formation_break	formation_break	WC1-callgraph-propagated		mapped
src/brains.c	1627	00409F80	004433B1	imperial_wingman	imperial_wingman	WC1-fuzzy-followup		mapped
src/brains.c	1652	0040A030	00443499	kilrathi_wingman	kilrathi_wingman	WC1-fuzzy-very-low		mapped
src/brains.c	1692	0040A130	00443631	wingman_mission	wingman_mission	WC1-manual-verified		mapped
src/brains.c	1702	0040A160	0044366D	dist_from_home	dist_from_home	WC1-callgraph-single-low		mapped
src/brains.c	1708	0040A180	00443698	scan_and_lock	scan_and_lock	WC1-callgraph-propagated		mapped
src/brains.c	1717	0040A1C0	00443707	patrol_area	patrol_area	WC1-fuzzy-followup		mapped
src/brains.c	1766	0040A360	00443930	kilrathi_patrol	kilrathi_patrol	WC1-manual-verified		mapped
src/brains.c	1790	0040A410	00443A08	cruise_to_destination	cruise_to_destination	WC1-fuzzy-followup		mapped
src/brains.c	1837	0040A540	00443C45	prepare_for_jump	prepare_for_jump	WC1-fuzzy-low		mapped
src/brains.c	1865	0040A630	00443D6E	accelerate_and_jump	accelerate_and_jump	WC1-manual-verified		mapped
src/brains.c	1873	0040A670	00443DBD	reach_warp	reach_warp	WC1-fuzzy-low		mapped
src/brains.c	1896		00443E8C	split_patrol_mission	split_patrol_mission	WC2-only		wc2-only
src/brains.c	1909	0040A710	00443EE9	warp_arrival	warp_arrival	WC1-fuzzy-very-low		mapped
src/brains.c	1918	0040A740	00443F28	return_to_buddy	return_to_buddy	WC1-fuzzy-followup		mapped
src/brains.c	1930	0040A7A0	00443FA2	escort_buddy	escort_buddy	WC1-fuzzy-low		mapped
src/brains.c	1938	0040A7D0	00443FE4	escort_mission	escort_mission	WC1-fuzzy-followup		mapped
src/brains.c	1975	0040A900	00444199	check_goal	check_goal	WC1-fuzzy-followup		mapped
src/brains.c	1984	0040A940	004441E5	streak_toward	streak_toward	WC1-fuzzy-low		mapped
src/brains.c	2001	0040A9B0	00444291	approach_and_engage	approach_and_engage	WC1-fuzzy-followup		mapped
src/brains.c	2036	0040AAC0	00444420	strike_mission	strike_mission	WC1-order-exact		mapped
src/brains.c	2099	0040ABB0	004446C9	return_to_master	return_to_master	WC1-fuzzy-followup		mapped
src/brains.c	2111	0040AC00	0044472C	defend_mission	defend_mission	WC1-fuzzy-followup		mapped
src/brains.c	2158	0040AD80	00444966	rendezvous_mission	rendezvous_mission	WC1-fuzzy-followup		mapped
src/brains.c	2192	0040AE80	00444ADC	ship_intelligence	ship_intelligence	WC1-fuzzy-followup		mapped
src/brains.c	2245	0040AF70	00444C80	orbit_sphere	orbit_sphere	WC1-fuzzy-followup		mapped
src/brains.c	2263	0040B010	00444D5C	tanker_intelligence	tanker_intelligence	WC1-fuzzy-very-low		mapped
src/brains.c	2286	0040B0C0	00444E51	destroyer_intelligence	destroyer_intelligence	WC1-callgraph-propagated		mapped
src/brains.c	2298	0040B110	00444EA7	stationary_intelligence	stationary_intelligence	WC1-manual-verified		mapped
src/brains.c	2318		00444F53	SpawnCapitalFlakProjectile	SpawnCapitalFlakProjectile	WC2-only		wc2-only
src/brains.c	2352		00445087	capital_ship_strike_mission	capital_ship_strike_mission	WC2-only		wc2-only
src/brains.c	2620	0040B140	00445AAC	capital_ship_intelligence	capital_ship_intelligence	WC1-manual-verified		mapped
src/brains.c	2698	0040B320	00445D9A	futurion_intelligence	futurion_intelligence	WC1-fuzzy-low		mapped
src/brains.c	2717	0040B3A0	00446474	mine_intelligence	mine_intelligence	WC1-fuzzy-low		mapped
src/brains.c	2739	0040B430	00445E68	heat_seeking_missile_intelligence	heat_seeking_missile_intelligence	WC1-callgraph-propagated		mapped
src/brains.c	2809	0040B570	00446133	FF_missile_intelligence	FF_missile_intelligence	WC1-callgraph-propagated		mapped
src/brains.c	2869		00446395	chaff_intelligence	chaff_intelligence	WC2-only		wc2-only
src/brains.c	2894	0040B670	0044B200	set_sphere_point	set_sphere_point	WC1-callgraph-propagated		mapped
src/brains.c	2911	0040B6A0	0044B239	is_alive	is_alive	WC1-order-exact		mapped
src/brains.c	2918	0040B700	0044B257	check_futurion	check_futurion	WC1-fuzzy-medium		mapped
src/brains.c	2927		0044B29D	ResetWeaponDisplayPositions	ResetWeaponDisplayPositions	WC2-only		wc2-only
src/brains.c	2937	0040B730	0044B2E2	init_mission	init_mission	WC1-callgraph-propagated		mapped
src/brains.c	2983		0044B48F	ApplyAlternateShipType	ApplyAlternateShipType	WC2-only		wc2-only
src/brains.c	3067		0044B83C	LoadAlternateShipType	LoadAlternateShipType	WC2-only		wc2-only
src/brains.c	3104		0044B981	RefreshObjectiveShipNavPoints	RefreshObjectiveShipNavPoints	WC2-only		wc2-only
src/brains.c	3133	0040B7A0	0044BA73	prepare_mission	prepare_mission	WC1-order-semantics-verified		mapped
src/brains.c	3207	0040B940	0044BCF7	release_all_capital_ship_shapes	release_all_capital_ship_shapes	WC1-manual-verified		mapped
src/brains.c	3223	0040B990	0044BD83	release_capital_ship_shapes	release_capital_ship_shapes	WC1-manual-verified		mapped
src/brains.c	3249		0044BE84	FindObjectResourceSlot	FindObjectResourceSlot	WC2-only		wc2-only
src/brains.c	3264	0040B9F0	0044BEE5	load_ship	load_ship	WC1-manual-verified		mapped
src/brains.c	3456	0040BC70	0044C796	free_ship	free_ship	WC1-manual-verified		mapped
src/brains.c	3555	0040BE20	0044CC84	free_all_slots	free_all_slots	WC1-manual-verified		mapped
src/brains.c	3567	0040BE60	0044CCE1	load_all_slots	load_all_slots	WC1-manual-verified		mapped
src/brains.c	3594	0040BEA0	0044CDCF	remove_nav_point_objects	remove_nav_point_objects	WC1-manual-verified		mapped
src/brains.c	3603	0040BEC0	0044CE0A	get_shape_slot	get_shape_slot	WC1-manual-verified		mapped
src/brains.c	3615	0040BEF0	0044CE68	shape_loaded	shape_loaded	WC1-manual-verified		mapped
src/brains.c	3627	0040BF20	0044CEC8	shape_needed	shape_needed	WC1-manual-verified		mapped
src/brains.c	3641	0040BF50	0044CF2D	new_sphere_shapes	new_sphere_shapes	WC1-manual-verified		mapped
src/brains.c	3684		0044D0C7	ProcessMissionWaveCommands	ProcessMissionWaveCommands	WC2-only		wc2-only
src/brains.c	3776	0040BFF0	0044D35D	set_up_action_sphere	set_up_action_sphere	WC1-manual-verified		mapped
src/brains.c	3869	0040C1C0	00434043	LoadSelectedPilotCampaign	get_pilot_talk	WC1-callgraph-propagated		mapped
src/brains.c	3903	0040C350	0044D72E	room_for_me	room_for_me	WC1-order-semantics-verified		mapped
src/brains.c	3926	0040C360	0044D81F	place_ship_near_player_until_valid	place_ship_near_player_until_valid	WC1-fuzzy-low		mapped
src/brains.c	3937	0040C3C0	0044D888	set_up_next_wave	set_up_next_wave	WC1-callgraph-propagated		mapped
src/brains.c	3975	0040C4A0	0044D9E2	sub_int_vector	sub_int_vector	WC1-manual-verified		mapped
src/brains.c	3985	0040C4E0	0044DA2F	set_formation_position	ScanTbl0046c97bFnC4E0	WC1-fuzzy-followup		mapped
src/brains.c	4016	0040C5E0	0044DB7E	Set_up_ship_info	SetTbl0059dd90FnC5E0	WC1-callgraph-propagated		mapped
src/brains.c	4109	0040C740	0044E028	is_team_member	is_team_member	WC1-order-semantics-verified		mapped
src/brains.c	4123	0040C780	0044E09C	find_next_ship_turn_slot	find_next_ship_turn_slot	WC1-order-semantics-verified		mapped
src/brains.c	4147	0040C800	0044E187	init_ship	GetTbl0046c96aFnC800	WC1-callgraph-propagated		mapped
src/brains.c	4207	0040C950	0044E44F	init_intelligence_data	DispatchTbl0059d4b0FnC950	WC1-callgraph-propagated		mapped
src/brains.c	4380	0040CAA0	0044F1F0	SampleBothJoysticks	HelperOf431A10A	WC1-callgraph-single		mapped
src/brains.c	4393	0040CAE0	0044F247	SampleJoystickDevice	SampleJoystickDevice	WC1-manual-verified		mapped
src/brains.c	4410	0040CB60	0044FA70	DrawNavTextLine	DrawNavTextLine	WC1-fuzzy-followup		mapped
src/brains.c	4435	0040CBB0	0044FADA	SetNavMapCoordinateScaling	SetNavMapCoordinateScaling	WC1-callgraph-propagated		mapped
src/brains.c	4441	0040CBC0	0044FAEF	ScaleNavMapMarkerSize	ScaleNavMapMarkerSize	WC1-manual-verified		mapped
src/brains.c	4447	0040CBE0	0044FB19	ScaleNavMapCoordinates	ScaleNavMapCoordinates	WC1-fuzzy-medium		mapped
src/brains.c	4456	0040CC30	0044FB68	nav_getxy	nav_getxy	WC1-fuzzy-low		mapped
src/brains.c	4468	0040CC80	0044FBC8	CheckPoint	CheckPoint	WC1-fuzzy-low		mapped
src/brains.c	4481	0040CCF0	0044FC37	IncludeNavMapWorldPoint	IncludeNavMapWorldPoint	WC1-fuzzy-followup		mapped
src/brains.c	4491	0040CD30	0044FC6D	SetScale	SetScale	WC1-fuzzy-followup		mapped
src/brains.c	4544	0040CED0	0044FE9F	Build_objective_list	Build_objective_list	WC1-fuzzy-very-low		mapped
src/cdrom.c	9	004031C0	00456123	LocateStreamsDirOnDisc	LocateStreamsDirOnDisc	WC1-callgraph-transfer		mapped
src/cdrom.c	43	00403290	00456236	FindCdRomDriveByVolumeLabel	FindCdRomDriveByVolumeLabel	WC1-fuzzy-medium		mapped
src/cdrom.c	90	004033E0	004563A3	SetCurrentDirOnDrive	SetCurrentDirOnDrive	WC1-fuzzy-medium		mapped
src/cdrom.c	106	00403450	00456443	PromptInsertCorrectCd	PromptInsertCorrectCd	WC1-auto-vt		mapped
src/cdrom.c	127	004034D0	0045A010	OpenDataFileOrDie	OpenDataFileOrDie	WC1-auto-vt		mapped
src/cmpgn.c	72		0044EA50	ClearTransientObjectsForEjection	ClearTransientObjectsForEjection	WC2-only		wc2-only
src/cmpgn.c	107		0044EB4E	FlagCurrentNavObjectivesReached	FlagCurrentNavObjectivesReached	WC2-only		wc2-only
src/cmpgn.c	123	004046A0	0044EBCA	ejection_sequence	ejection_sequence	WC1-callgraph-propagated		mapped
src/cmpgn.c	257		004098F2	RunCampaignContinuePromptLoop	RunCampaignContinuePromptLoop	WC2-only		wc2-only
src/cmpgn.c	285		004099A8	PromptToContinueCampaign	PromptToContinueCampaign	WC2-only		wc2-only
src/cmpgn.c	340		00424E8C	MarkPilotDead	MarkPilotDead	WC2-only		wc2-only
src/cmpgn.c	346		00424EA7	clean_up_cockpit	clean_up_cockpit	WC2-only		wc2-only
src/cmpgn.c	360		004251F2	CompleteStarSystemJump	CompleteStarSystemJump	WC2-only		wc2-only
src/cmpgn.c	436		00409B80	ReleaseSpaceflightResources	ReleaseSpaceflightResources	WC2-only		wc2-only
src/cmpgn.c	458	004059B0	004401C0	LoadMissionData	LoadMissionData	WC2-manual-verified		mapped
src/cmpgn.c	520	00405CC0	0042ECCB	UpdateMap	UpdateMap	function order; parameter shape; unique BriefingMap_DisplayMap caller; scanner helper anchors; assembly control flow		mapped
src/cockpt.c	97	00413A10	00420340	EmitTextString	EmitTextString	WC1-manual-verified		mapped
src/cockpt.c	109	00413A40	00420378	FormatTextTokens	FormatTextTokens	WC1-auto-vt		mapped
src/cockpt.c	261	00413C40	0042067F	DrawFormattedText	DrawFormattedText	manual-verified		mapped
src/cockpt.c	289	00413C70	004206F2	FormatTextBufferFromStart	FormatTextBufferFromStart	WC1-manual-verified		mapped
src/cockpt.c	311	00413CB0	0042075F	AppendFormattedText	AppendFormattedText	WC1-manual-verified		mapped
src/cockpt.c	329		00438020	ShowPlayerEjectionSequence	ShowPlayerEjectionSequence	WC2-only		wc2-only
src/cockpt.c	343		00438080	ShowPlayerStrandingSequence	ShowPlayerStrandingSequence	WC2-only		wc2-only
src/cockpt.c	349	00413CE0	004380B0	FatalErrorAndExit	HelperOf428F80A	WC1-auto-vt		mapped
src/cockpt.c	361	00413D20	004380FD	IsCockpitExplosionActive	IsCockpitExplosionActive	WC1-manual-verified		mapped
src/cockpt.c	367	00413D40	00438129	EraseCockpitReadoutRegion	EraseCockpitReadoutRegion	WC1-fuzzy-medium		mapped
src/cockpt.c	384	00413DA0	00438194	vdu_polygon	vdu_polygon	WC1-fuzzy-very-low		mapped
src/cockpt.c	463	00413F70	00438454	InitializeCockpitReadout	InitializeCockpitReadout	WC1-callgraph-propagated		mapped
src/cockpt.c	474	00413FB0	004384AD	DrawCockpitReadout	DrawCockpitReadout	WC1-fuzzy-followup		mapped
src/cockpt.c	499	004140A0	004385B3	DrawHudMessageSlot	DrawHudMessageSlot	WC1-fuzzy-very-low		mapped
src/cockpt.c	533	00414180	00438711	ClearHudMessageSlot	ClearHudMessageSlot	WC1-order-exact		mapped
src/cockpt.c	549	004141B0	004387A7	ClearHudMessageIfMatching	ClearHudMessageIfMatching	WC1-fuzzy-followup		mapped
src/cockpt.c	556	004141D0	004387CD	ClearHudGunReadouts	ClearHudGunReadouts	WC1-manual-verified		mapped
src/cockpt.c	565	004141F0	004387FA	SetHudMessageSlot	SetHudMessageSlot	WC1-manual-verified		mapped
src/cockpt.c	581	00414240	00438864	UpdateMessage	UpdateMessage	WC1-fuzzy-low		mapped
src/cockpt.c	593	00414270	004388B6	set_global_message	set_global_message	WC1-manual-verified		mapped
src/cockpt.c	603	004142B0	004388F5	CockpitMessage	CockpitMessage	WC1-manual-verified		mapped
src/cockpt.c	611	004142E0	0043893F	remove_message	remove_message	WC1-callgraph-propagated		mapped
src/cockpt.c	617	00414300	0043895F	kilrathi_near	kilrathi_near	WC1-fuzzy-very-low		mapped
src/cockpt.c	633		004389FE	IsMissionObjectiveOutOfSystem	IsMissionObjectiveOutOfSystem	WC2-only		wc2-only
src/cockpt.c	661	00414380	00438ADD	auto_pilot_valid	auto_pilot_valid	WC1-callgraph-propagated		mapped
src/cockpt.c	711	00414410	00438CEB	reset_cockpit	reset_cockpit	WC1-manual-verified		mapped
src/cockpt.c	722	00414440	00438D30	SetCockpitLightBlink	SetCockpitLightBlink	WC1-fuzzy-medium		mapped
src/cockpt.c	736	00414490	00438DAD	draw_cockpit_lights	draw_cockpit_lights	WC1-fuzzy-very-low		mapped
src/cockpt.c	778	004145B0	00438F62	update_lights	update_lights	WC1-fuzzy-low		mapped
src/cockpt.c	810	00414690	00439076	update_bars	update_bars	WC1-fuzzy-followup		mapped
src/cockpt.c	853	004147E0	00439264	get_mode	get_mode	WC1-callgraph-propagated		mapped
src/cockpt.c	869	00414800	0043928E	set_mode	set_mode	WC1-manual-verified		mapped
src/cockpt.c	879	00414850	004392F1	SetVduModeIfChanged	SetVduModeIfChanged	WC1-manual-verified		mapped
src/cockpt.c	890	00414890	0043934D	GetVduModeStackDepth	GetVduModeStackDepth	WC1-callgraph-single-low		mapped
src/cockpt.c	896	004148A0	00439369	push_mode	push_mode	WC1-manual-verified		mapped
src/cockpt.c	912	004148E0	004393B3	pop_mode	pop_mode	WC1-manual-verified		mapped
src/cockpt.c	919	00414910	004393E1	set_new_vdu	set_new_vdu	WC1-fuzzy-followup		mapped
src/cockpt.c	941	00414980	004394A0	update_vid_disp	update_vid_disp	WC1-manual-verified		mapped
src/cockpt.c	953	004149C0	00439500	InvalidateVduMode	DebugNoBodyStub	WC1-callgraph-propagated		mapped
src/cockpt.c	959	004149E0	0043951A	clear_message_time	clear_message_time	WC1-manual-verified		mapped
src/cockpt.c	965	004149F0	0043952E	message_showing	GetCombatFn49F0	WC1-callgraph-propagated		mapped
src/cockpt.c	971	00414A10	00439559	set_message_time	set_message_time	WC1-manual-verified		mapped
src/cockpt.c	979	00414A20	00439588	check_message	GetCombatFn4A20	WC1-callgraph-propagated		mapped
src/cockpt.c	1024	00414A50	004396BF	update_digital_readouts	update_digital_readouts	WC1-fuzzy-medium		mapped
src/cockpt.c	1041	00414AE0	00439753	malf_sound	malf_sound	WC1-callgraph-propagated		mapped
src/cockpt.c	1050	00414AF0	00439789	malf	malf	WC1-fuzzy-followup		mapped
src/cockpt.c	1058	00414B20	004397D5	vdu_malf	vdu_malf	WC1-manual-verified		mapped
src/cockpt.c	1069	00414B70	0043984F	ShowComponentHitHudMessage	ShowComponentHitHudMessage	WC1-fuzzy-medium		mapped
src/cockpt.c	1085	00414BF0	004398CB	damage_your_component	damage_your_component	WC1-fuzzy-medium		mapped
src/cockpt.c	1107	00414CB0	004399C6	RemovePlayerReleaseWeapon	RemovePlayerReleaseWeapon	WC1-fuzzy-low		mapped
src/cockpt.c	1127	00414D50	00439A5A	fire_computer_graphic_missile	fire_computer_graphic_missile	WC1-fuzzy-low		mapped
src/cockpt.c	1174	00414EA0	00439BB7	show_weapon_disp	show_weapon_disp	WC1-callgraph-propagated		mapped
src/cockpt.c	1313	00415040	00439F5F	update_status_text	update_status_text	WC1-order-exact		mapped
src/cockpt.c	1393	00415050	0043A1EB	sighted	sighted	WC1-manual-verified		mapped
src/cockpt.c	1399	00415070	0043A21E	visited	visited	WC1-manual-verified		mapped
src/cockpt.c	1405	00415090	0043A251	achieved	achieved	WC1-order-exact		mapped
src/cockpt.c	1412	004150B0	0043A29E	flag_objective	flag_objective	WC1-order-exact		mapped
src/cockpt.c	1418	004150D0	0043A2CD	DrawCalculatingLabel	DrawCalculatingLabel	WC1-fuzzy-followup		mapped
src/cockpt.c	1439	00415130	0043A374	objective_name	objective_name	WC1-fuzzy-very-low		mapped
src/cockpt.c	1450	00415180	0043A3F8	show_navigation_disp	show_navigation_disp	WC1-fuzzy-very-low		mapped
src/cockpt.c	1463	004151F0	0043A474	hidden_objective	hidden_objective	WC1-callgraph-propagated		mapped
src/cockpt.c	1529	004152C0	0043A75E	set_new_objective	set_new_objective	WC1-callgraph-propagated		mapped
src/cockpt.c	1557	00415370	0043A851	cycle_next_objective	cycle_next_objective	WC1-fuzzy-low		mapped
src/cockpt.c	1578	004153D0	0043A8EA	set_next_destination	set_next_destination	WC1-order-exact		mapped
src/cockpt.c	1604	00415470	0043A9D7	LocateMobileObjective	LocateMobileObjective	WC1-callgraph-propagated		mapped
src/cockpt.c	1617	004154C0	0043AA3F	is_any_ship_returning_to_current_nav_point	is_any_ship_returning_to_current_nav_point	WC1-order-exact		mapped
src/cockpt.c	1631	00415510	0043AAC3	escorting_a_ship	escorting_a_ship	WC1-callgraph-single-low		mapped
src/cockpt.c	1641	00415530	0043AAFF	flag_reached	flag_reached	WC1-fuzzy-followup		mapped
src/cockpt.c	1698	004156D0	0043AD61	check_sighting	check_sighting	WC1-fuzzy-very-low		mapped
src/cockpt.c	1707	00415720	0043ADC4	check_visit	check_visit	WC1-fuzzy-very-low		mapped
src/cockpt.c	1721	00415770	0043AE2F	update_objective_location	update_objective_location	WC1-callgraph-propagated		mapped
src/cockpt.c	1758	00415850	0043AFD3	objective_lost	objective_lost	WC1-manual-verified		mapped
src/cockpt.c	1776	004158A0	0043B089	check_objectives	check_objectives	WC1-fuzzy-low		mapped
src/cockpt.c	1790	004158F0	0043B0EB	rotational_pos_to_scanner_pos	rotational_pos_to_scanner_pos	WC1-fuzzy-low		mapped
src/cockpt.c	1818	00415A30	0043B1F0	mobile_objective	mobile_objective	WC1-manual-verified		mapped
src/cockpt.c	1828	00415A70	0043B258	ResetScannerContacts	ResetScannerContacts	WC1-manual-verified		mapped
src/cockpt.c	1838	00415A90	0043B29D	clear_head_up_display	clear_head_up_display	WC1-fuzzy-very-low		mapped
src/cockpt.c	1895	00415B70	0043B4CF	set_objective_range	set_objective_range	WC1-fuzzy-followup		mapped
src/cockpt.c	1915		0043B570	AdjustScannerContactColourForRange	AdjustScannerContactColourForRange	WC2-only		wc2-only
src/cockpt.c	1936	00415C00	0043B61F	get_color	get_color	WC1-manual-verified		mapped
src/cockpt.c	1975	00415CE0	0043B7C0	draw_3d_scanner	draw_3d_scanner	function order; parameter shape; unique BriefingMap_DisplayMap caller; scanner helper anchors; assembly control flow		mapped
src/cockpt.c	2171	00415FC0	0043BE1B	start_lock	start_lock	WC1-fuzzy-followup		mapped
src/cockpt.c	2181	00415FF0	0043BE55	starting_lock	starting_lock	WC1-fuzzy-very-low		mapped
src/cockpt.c	2191	00416010	0043BE8D	lock_off	lock_off	WC1-fuzzy-very-low		mapped
src/cockpt.c	2216	00416040	0043BEFF	CheckTargetLockMalfunction	CheckTargetLockMalfunction	WC1-fuzzy-very-low		mapped
src/cockpt.c	2230	00416090	0043BF67	decrement_lock_time	decrement_lock_time	WC1-fuzzy-very-low		mapped
src/cockpt.c	2256	00416120	0043C048	target_locking	target_locking	WC1-callgraph-propagated		mapped
src/cockpt.c	2346	00416220	0043C30D	SetRectBounds	DoLocalFn6220	WC1-callgraph-propagated		mapped
src/cockpt.c	2356	00416250	0043C344	GetRectHeight	GetRectHeight	WC1-manual-verified		mapped
src/cockpt.c	2362	00416260	0043C364	print_message_text	print_message_text	WC1-manual-verified		mapped
src/cockpt.c	2431		0043C5B0	RestoreHudMessageBackground	RestoreHudMessageBackground	WC2-only		wc2-only
src/cockpt.c	2447	00416460	0043C570	ShowHudTextLine	ShowHudTextLine	WC1-manual-verified		mapped
src/cockpt.c	2461	00416480	0043C601	SetHudTextColour	SetHudTextColour	WC1-manual-verified		mapped
src/cockpt.c	2473		0043C64D	ClearHudMessageDisplay	ClearHudMessageDisplay	WC2-only		wc2-only
src/cockpt.c	2490	004164B0	0043C6D8	draw_target_box	draw_target_box	WC1-fuzzy-very-low		mapped
src/cockpt.c	2618	004168A0	0043CBD3	remove_nav_pointer	remove_nav_pointer	WC1-manual-verified		mapped
src/cockpt.c	2625	004168C0	0043CBFD	draw_nav_pointer	draw_nav_pointer	WC1-fuzzy-very-low		mapped
src/cockpt.c	2696		0043CE8F	HasInRangeGunForTargetLead	HasInRangeGunForTargetLead	WC2-only		wc2-only
src/cockpt.c	2723		0043CF5A	UpdateTargetLeadIndicator	UpdateTargetLeadIndicator	WC2-only		wc2-only
src/cockpt.c	2853		0043D323	RestoreTargetLeadIndicator	RestoreTargetLeadIndicator	WC2-only		wc2-only
src/cockpt.c	2868	00416AC0	0043D386	overlay_head_up_display	overlay_head_up_display	WC1-callgraph-propagated		mapped
src/cockpt.c	2994	00416C90	0043D7F2	RestoreCockpitExplosionIfVisible	RestoreCockpitExplosionIfVisible	WC1-manual-verified		mapped
src/cockpt.c	3003	00416CB0	0043D81F	RestoreTransientCockpitGraphics	RestoreTransientCockpitGraphics	WC1-order-exact		mapped
src/cockpt.c	3044	00416DE0	0043D956	SetHudMessageText	SetHudMessageText	WC1-fuzzy-low		mapped
src/cockpt.c	3057		0043D9AB	DismissHudMessageIfShowing	DismissHudMessageIfShowing	WC2-only		wc2-only
src/cockpt.c	3067	00416E20	0043D9DA	malf_noise	malf_noise	WC1-fuzzy-low		mapped
src/cockpt.c	3084	00416E90	0043DA68	build_your_target_list	build_your_target_list	WC1-callgraph-propagated		mapped
src/cockpt.c	3169	00416F30	0043DD1B	cycle_onscreen_targets	cycle_onscreen_targets	WC1-fuzzy-very-low		mapped
src/cockpt.c	3202	00416FD0	0043DDFC	check_target	check_target	WC1-callgraph-propagated		mapped
src/cockpt.c	3286		0043E101	FindNearestMissileTargetingObject	FindNearestMissileTargetingObject	WC2-only		wc2-only
src/cockpt.c	3307	00417190	0043E1B2	update_missile_warning	update_missile_warning	WC1-callgraph-propagated		mapped
src/cockpt.c	3335	004171D0	0043E297	determine_pilot_hand	determine_pilot_hand	WC1-fuzzy-very-low		mapped
src/cockpt.c	3366	00417260	0043E371	DrawPilotHandFrame	DrawPilotHandFrame	WC1-fuzzy-low		mapped
src/cockpt.c	3393	00417320	0043F110	CopyTrainSimPilotViewToVdus	CopyTrainSimPilotViewToVdus	WC1-manual-verified		mapped
src/cockpt.c	3453	004173C0	0043E43A	animate_pilot	animate_pilot	WC1-fuzzy-followup		mapped
src/cockpt.c	3463	004173F0	0043E472	ResetPilotHandAnimation	ResetPilotHandAnimation	WC1-manual-verified		mapped
src/cockpt.c	3474	00417420	0043E4A8	send_message	send_message	WC1-fuzzy-medium		mapped
src/cockpt.c	3502	004174F0	0043E5DA	npc_communication	npc_communication	WC1-callgraph-propagated		mapped
src/cockpt.c	3562	00417610	0043E870	clear_cockpit_damage	clear_cockpit_damage	WC1-order-exact		mapped
src/cockpt.c	3573	00417630	0043E8B2	explosion_draw	explosion_draw	WC1-callgraph-propagated		mapped
src/cockpt.c	3611	004176C0	0043E9E2	DrawPendingCockpitDamage	DrawPendingCockpitDamage	WC1-callgraph-propagated		mapped
src/cockpt.c	3645	00417760	0043EAE3	RestoreCockpitExplosionBackground	RestoreCockpitExplosionBackground	WC1-fuzzy-low		mapped
src/cockpt.c	3661	004177B0	0043EB46	cockpit_explosion	cockpit_explosion	WC1-fuzzy-low		mapped
src/cockpt.c	3694	004178A0	0043EC50	place_damage_on_cockpit	place_damage_on_cockpit	WC1-fuzzy-very-low		mapped
src/cockpt.c	3727	00417910	0043ECD9	vid_transmit	vid_transmit	WC1-fuzzy-followup		mapped
src/cockpt.c	3820	00417AC0	0043F042	vid_equiv	GetG00469e2cFn7AC0	WC1-fuzzy-low		mapped
src/cockpt.c	3830	00417B10	0043F09D	update_dead_disp	update_dead_disp	WC1-fuzzy-low		mapped
src/cockpt.c	3836	00417B30	0043F0C3	check_stranded	check_stranded	WC1-fuzzy-very-low		mapped
src/cockpt.c	3845	00417B70	0043F2F5	update_VDUs	update_VDUs	WC1-fuzzy-followup		mapped
src/cockpt.c	3963	00417E70	0043F6C9	update_cockpit	update_cockpit	WC1-callgraph-propagated		mapped
src/cockpt.c	4007		0043F81B	IsCockpitWeaponShapeLoaded	IsCockpitWeaponShapeLoaded	WC2-only		wc2-only
src/cockpt.c	4013	00417F00	0043F849	PlayCockpitSelectionSfx	PlayCockpitSelectionSfx	WC1-fuzzy-low		mapped
src/cockpt.c	4020	00417F10	0043F862	vdu_pop_all	vdu_pop_all	WC1-fuzzy-followup		mapped
src/cockpt.c	4034	00417F60	0043F8CD	SelectCockpitVduMode	SelectCockpitVduMode	WC1-fuzzy-followup		mapped
src/debug.cpp	14	0041C760	0045AC50	DebugOverlayConsole::DebugOverlayConsole	DebugOverlayConsole::DebugOverlayConsole	WC1-callgraph-propagated		mapped
src/debug.cpp	78	0041C960	0045AEE4	DebugOverlayWorkerProc	DebugOverlayWorkerProc	WC1-callgraph-propagated		mapped
src/debug.cpp	126	0041CA60	0045B04E	DebugKeyboardHookProc	DebugKeyboardHookProc	WC1-manual-verified		mapped
src/debug.cpp	152	0041CAB0	0045B0BB	DebugOverlayPrintf	DebugOverlayPrintf	WC1-callgraph-propagated		mapped
src/debug.cpp	215		0045AE6C	DebugOverlayConsole::~DebugOverlayConsole	DebugOverlayConsole::~DebugOverlayConsole	WC2-only		wc2-only
src/debug.cpp	236	0041CC00	0045B2E0	DebugOverlayConsole::Clear	DebugOverlayConsole::Clear	WC1-order-exact		mapped
src/debug.cpp	246	0041CC50	0045B348	DebugOverlayConsole::Scroll	DebugOverlayConsole::Scroll	WC1-callgraph-propagated		mapped
src/debug.cpp	256	0041CCC0	0045B3DC	DebugOverlayConsole::DrawPendingLines	DebugOverlayConsole::DrawPendingLines	WC1-callgraph-propagated		mapped
src/debug.cpp	276	0041CD40	0045B49C	DebugOverlayConsole::WaitForKey	DebugOverlayConsole::WaitForKey	WC1-callgraph-propagated		mapped
src/debug.cpp	317	0041CF50	0045B55C	DebugOverlayConsole::EnableReverseVideo	DebugOverlayConsole::EnableReverseVideo	WC1-callgraph-propagated		mapped
src/debug.cpp	337	0041CF00	0045B5D8	DebugOverlayConsole::DisableReverseVideo	DebugOverlayConsole::DisableReverseVideo	WC1-callgraph-propagated		mapped
src/debug.cpp	357	0041CFA0	0045B654	DebugOverlayConsole::SetOverlayTextColor	DebugOverlayConsole::SetOverlayTextColor	WC1-manual-verified		mapped
src/debug.cpp	372	0041CFF0	0045B6BB	DebugOverlayConsole::SetOverlayBackgroundColor	DebugOverlayConsole::SetOverlayBackgroundColor	WC1-callgraph-propagated		mapped
src/debug.cpp	388	0041D040	0045B722	DebugOverlayConsole::SetTransparentBackground	DebugOverlayConsole::SetTransparentBackground	WC1-callgraph-propagated		mapped
src/dib.c	48	00432050	0045CE9A	ReportSpaceFlightMaxFps	ReportSpaceFlightMaxFps	WC1-fuzzy-medium		mapped
src/dib.c	64	004320E0	0045CF3B	SetSpaceFlightFrameTiming	SetSpaceFlightFrameTiming	WC2-manual-verified		mapped
src/dib.c	74		0045CF7F	SetDefaultFrameTiming	SetDefaultFrameTiming	WC2-only		wc2-only
src/dib.c	84	00432110	0045CFC3	SetCinematicFrameTiming	SetCinematicFrameTiming	WC1-manual-verified		mapped
src/dib.c	93	00432140	0045D004	DIBerror	DIBerror	WC1-fuzzy-high		mapped
src/dib.c	127	00432230	0045D11F	DIBpositionWindow	DIBpositionWindow	WC1-fuzzy-medium		mapped
src/dib.c	144	004322B0	0045D1BB	DIBreInstall	DIBreInstall	WC1-fuzzy-followup		mapped
src/dib.c	168	00432310	0045D23B	DIBinstall	DIBinstall	WC1-fuzzy-followup		mapped
src/dib.c	218	00432410	0045D3A1	DIBcascade	DIBcascade	WC1-fuzzy-followup		mapped
src/dib.c	333	00432680	0045D78C	DIBunInstall	DIBunInstall	WC1-manual-verified		mapped
src/dib.c	350	004326E0	0045D80F	DIBmakeDIB	DIBmakeDIB	WC1-fuzzy-followup		mapped
src/dib.c	426	004328A0	0045DA8C	DIBdestroyDIB	DIBdestroyDIB	WC1-fuzzy-followup		mapped
src/dib.c	470	00432960	0045DB8C	MarkDibDirty	MarkDibDirty	WC2-manual-verified		mapped
src/dib.c	488		0045DBFF	EnableDibSlam	EnableDibSlam	WC2-only		wc2-only
src/dib.c	494		0045DC19	DisableDibSlam	DisableDibSlam	WC2-only		wc2-only
src/dib.c	500	00432970	0045DC33	DIBslamReal	DIBslamReal	WC1-fuzzy-followup		mapped
src/dib.c	683	00432C60	0045E060	DIBupdate	DIBupdate	WC1-fuzzy-followup		mapped
src/dib.c	749	00432DE0	0045E276	GetDIBPixelBuffer	HelperOf4326E0A	WC1-callgraph-propagated		mapped
src/dib.c	755	00432E00	0045E2C5	GetDIBHeight	GetDIBHeight	WC1-manual-verified		mapped
src/dib.c	761	00432E30	0045E2DA	CachePaletteEntryFromWords	CachePaletteEntryFromWords	WC1-order-exact		mapped
src/dib.c	779	00432EA0	0045E37C	DIBramPalette	DIBramPalette	WC1-fuzzy-followup		mapped
src/dib.c	809	00432F10	0045E46C	DIBsetPalette	DIBsetPalette	WC1-fuzzy-followup		mapped
src/dib.c	859	00433020	0045E61C	GetPaletteEntryAsWords	GetPaletteEntryAsWords	WC1-order-exact		mapped
src/dib.c	867	00433060	0045E667	DIBwholePaletteFromTriplets	DIBwholePaletteFromTriplets	WC1-fuzzy-followup		mapped
src/dib.c	923	00433120	0045E816	DIBwholePaletteFromWords	DIBwholePaletteFromWords	WC1-callgraph-single		mapped
src/dib.c	979	004331E0	0045E9C5	DIBwaitForVerticalBlank	DIBwaitForVerticalBlank	WC1-manual-verified		mapped
src/disk.c	9	0041DBA0	00409120	WaitForSceneAdvance	WaitForSceneAdvance	WC1-fuzzy-very-low		mapped
src/disk.c	50		0040926E	LoadSceneHotspotBoundsForSelection	LoadSceneHotspotBoundsForSelection	WC2-only		wc2-only
src/disk.c	101		00409417	FindSceneHotspotAtPosition	FindSceneHotspotAtPosition	WC2-only		wc2-only
src/disk.c	171		0040963B	PollSceneHotspotInput	PollSceneHotspotInput	WC2-only		wc2-only
src/disk.c	230		0040D6E1	SwapSceneChunkSizeEndian	SwapSceneChunkSizeEndian	WC2-only		wc2-only
src/disk.c	244		0040D762	AreCutsceneResourceNamesEqual	AreCutsceneResourceNamesEqual	WC2-only		wc2-only
src/disk.c	264		0040D812	ReadNextSceneForm	ReadNextSceneForm	WC2-only		wc2-only
src/disk.c	287		0040D88E	SkipCutsceneChunk	SkipCutsceneChunk	WC2-only		wc2-only
src/disk.c	298		0040D8D7	FindCutsceneResourceSymbolIndex	FindCutsceneResourceSymbolIndex	WC2-only		wc2-only
src/disk.c	326		0040D9AD	AllocateScenePointerTable	AllocateScenePointerTable	WC2-only		wc2-only
src/disk.c	341		0040DA0C	CreateCutsceneResourceInstance	CreateCutsceneResourceInstance	WC2-only		wc2-only
src/disk.c	447		0040DE5A	LinkCutsceneObjectResources	LinkCutsceneObjectResources	WC2-only		wc2-only
src/disk.c	523		0040E130	DecodeSceneResourceChunk	DecodeSceneResourceChunk	WC2-only		wc2-only
src/disk.c	554		0040E230	PushCutsceneFileResource	PushCutsceneFileResource	WC2-only		wc2-only
src/disk.c	571		0040E285	DecodeCutsceneFileResource	DecodeCutsceneFileResource	WC2-only		wc2-only
src/disk.c	592		0040E31F	ParseCutsceneContainer	ParseCutsceneContainer	WC2-only		wc2-only
src/disk.c	702		0040E726	DecodeCutsceneObjectResource	DecodeCutsceneObjectResource	WC2-only		wc2-only
src/disk.c	771		0040E985	ReleaseCutsceneObjectResourceData	ReleaseCutsceneObjectResourceData	WC2-only		wc2-only
src/disk.c	786		0040EA0F	PushCutsceneObjectResource	PushCutsceneObjectResource	WC2-only		wc2-only
src/disk.c	809		0040EAA4	ReleaseCutsceneObjectResource	ReleaseCutsceneObjectResource	WC2-only		wc2-only
src/disk.c	877		0040ED9F	ReleaseCutsceneFileResourceExceptPacket	ReleaseCutsceneFileResourceExceptPacket	WC2-only		wc2-only
src/disk.c	899		0040EE41	ReleaseCutsceneFileResource	ReleaseCutsceneFileResource	WC2-only		wc2-only
src/disk.c	919		0040EEC7	ReleaseCutsceneTextResource	ReleaseCutsceneTextResource	WC2-only		wc2-only
src/disk.c	933		0040EF15	ReleaseCutsceneResourceLevel	ReleaseCutsceneResourceLevel	WC2-only		wc2-only
src/disk.c	966	0041D120	0040F0D2	ReportPacketLoadError	TextUiFnD120	WC1-fuzzy-followup		mapped
src/disk.c	1013		0040F266	AppendPacketLoadDebugLog	AppendPacketLoadDebugLog	WC2-only		wc2-only
src/disk.c	1045		0040F3AE	RewritePacketFilenameForInstalledData	RewritePacketFilenameForInstalledData	WC2-only		wc2-only
src/disk.c	1060	0041D200	0040F40E	LoadPacketIntoBuffer	LoadPacketIntoBuffer	WC1-manual-verified		mapped
src/disk.c	1076	0041D250	0040F49D	LoadPacketAllocated	LoadUiFnD250	WC1-callgraph-propagated		mapped
src/disk.c	1107	0041D2E0	0040F5B6	FetchDiskPacketRetrying	FetchDiskPacketRetrying	WC1-fuzzy-very-low		mapped
src/disk.c	1177	0041D510	0040F882	InitializeTextContextFromFont	InitializeTextContextFromFont	manual-verified		mapped
src/disk.c	1197	0041D590	0040F91C	ReleaseTextFont	ReleaseTextFont	WC1-manual-verified		mapped
src/disk.c	1208	0041D5F0	0040F96E	DrawTextAt	DrawTextAt	WC1-callgraph-propagated		mapped
src/disk.c	1228		0040F9F7	FlushPendingInputPresses	FlushPendingInputPresses	WC2-only		wc2-only
src/disk.c	1236	0041DAA0	0040FA2C	WaitForInputKey	WaitForInputKey	WC1-callgraph-propagated		mapped
src/disk.c	1262		0040FADE	WaitForAnyInputPress	WaitForAnyInputPress	WC2-only		wc2-only
src/disk.c	1291		00410020	CountShipProjectiles	CountShipProjectiles	WC2-only		wc2-only
src/disk.c	1306		00410102	CanShipWeaponDamageTarget	CanShipWeaponDamageTarget	WC2-only		wc2-only
src/disk.c	1317		00410192	HasShipCockpitGunDisplay	HasShipCockpitGunDisplay	WC2-only		wc2-only
src/disk.c	1333		00410215	ShipHasTorpedo	ShipHasTorpedo	WC2-only		wc2-only
src/disk.c	1348	0041DEE0	004103A6	initialize_object	initialize_object	WC1-callgraph-propagated		mapped
src/disk.c	1360	0041DF40	0041040D	borrow_dust	borrow_dust	WC1-callgraph-single		mapped
src/disk.c	1410	0041DF70	004105BF	new_object	new_object	WC1-callgraph-propagated		mapped
src/disk.c	1421	0041DFA0	0041062D	initialize_ship	initialize_ship	WC1-callgraph-propagated		mapped
src/disk.c	1434	0041DFE0	00410680	any_selected	any_selected	WC1-manual-verified		mapped
src/disk.c	1453	0041E040	00410715	remove_weapon	remove_weapon	WC1-manual-verified		mapped
src/disk.c	1501		0041090F	InitializeShipWeaponTypeIndices	InitializeShipWeaponTypeIndices	WC2-only		wc2-only
src/disk.c	1520	0041E120	00410999	set_objects_data	set_objects_data	WC1-callgraph-propagated		mapped
src/disk.c	1710	0041E400	00411172	match_rotation_goal	DoLocalFnE400	WC1-fuzzy-very-low		mapped
src/disk.c	1753	0041E520	0041133D	rotate_object_to_goal	GetTbl0059c3c0FnE520	WC1-callgraph-propagated		mapped
src/disk.c	1804		004115F8	check_for_lost_control	check_for_lost_control	WC2-only		wc2-only
src/disk.c	1844	0041E710	004117AC	celerate	celerate	WC1-callgraph-propagated		mapped
src/disk.c	1857	0041E750	0041181D	approach_speed	approach_speed	WC1-fuzzy-low		mapped
src/disk.c	1874	0041E7C0	004118A9	steady_object	steady_object	WC1-manual-verified		mapped
src/disk.c	1881	0041E7F0	004118F2	real_velocity	real_velocity	WC1-callgraph-propagated		mapped
src/disk.c	1888	0041E820	00411922	fix_velocity	fix_velocity	WC1-callgraph-propagated		mapped
src/disk.c	1897	0041E860	0041195F	SortViableTargetsByDistance	SortViableTargetsByDistance	WC1-manual-verified		mapped
src/eventmgr.c	10	004355F0	00462625	TranslatePolledInputEvent	TranslatePolledInputEvent	WC1-callgraph-single-low		mapped
src/eventmgr.c	64	004356A0	00462849	QueueInputEventAtCursor	QueueInputEventAtCursor	WC1-callgraph-propagated		mapped
src/eventmgr.c	77	004356E0	00462890	AllocateInputEvent	AllocateInputEvent	WC1-manual-verified		mapped
src/eventmgr.c	102	00435760	0046294F	ReleaseInputEvent	ReleaseInputEvent	WC1-manual-verified		mapped
src/eventmgr.c	113	00435790	004629A7	QueueInputEvent	QueueInputEvent	WC1-manual-verified		mapped
src/eventmgr.c	193	004358B0	00462C43	ReleaseInputEventQueue	ReleaseInputEventQueue	WC1-manual-verified		mapped
src/eventmgr.c	208	004358E0	00462C9C	RetainInputEventsOfType	RetainInputEventsOfType	WC1-manual-verified		mapped
src/eventmgr.c	231	00435940	00462D48	RemoveInputEvent	RemoveInputEvent	WC1-manual-verified		mapped
src/eventmgr.c	254	004359C0	00462DFC	GetNextInputEvent	GetNextInputEvent	WC1-manual-verified		mapped
src/eventmgr.c	379	00435CC0	0046327F	PollInputEvent	PollInputEvent	WC1-manual-verified		mapped
src/eventmgr.c	386	00435CE0	004632A5	PeekInputEvent	PeekInputEvent	WC1-manual-verified		mapped
src/eventmgr.c	422	00435D80	004633E7	FindQueuedInputEvent	FindQueuedInputEvent	WC1-manual-verified		mapped
src/eventmgr.c	465	00435DB0	0046354F	FlushInputEvents	FlushInputEvents	WC1-callgraph-propagated		mapped
src/eventmgr.c	472	00435DC0	00463571	InitializeMouseCursorDepth	InitializeMouseCursorDepth	WC1-order-semantics-verified		mapped
src/eventmgr.c	479	00435DE0	004635D3	CheckCursor	CheckCursor	WC1-order-semantics-verified		mapped
src/eventmgr.c	484	00435E20	004635E3	CaptureMouseCursorBackground	WcOrphanRoutine435E20	WC1-fuzzy-low		mapped
src/eventmgr.c	520	00435EF0	004636F7	DrawMouseCursor	DrawUiFn5EF0	WC1-fuzzy-low		mapped
src/eventmgr.c	552	00435FA0	004637F4	RestoreMouseCursorBackground	GetUiFn5FA0	WC1-fuzzy-low		mapped
src/eventmgr.c	586	00436060	004638F1	RefreshMouseCursorDisplay	BlitUiFn6060	WC1-fuzzy-followup		mapped
src/eventmgr.c	604	004360D0	0046396C	ResumeMouseCursorHook	ResumeMouseCursor	WC1-order-semantics-verified		mapped
src/eventmgr.c	609		00463BA1	EnableMouseCursorDrawing	EnableMouseCursorDrawing	WC2-only		wc2-only
src/eventmgr.c	615	004360E0	00463E19	DisableMouseCursorDrawing	SuspendMouseCursor	WC1-order-semantics-verified		mapped
src/eventmgr.c	621	004360F0	00463EEE	SetMouseCursorShape	SetMouseCursorShape	WC1-manual-verified		mapped
src/eventmgr.c	640	00436160	00463F74	SetMouseHomePosition	SetInputFn6160	WC1-callgraph-single		mapped
src/eventmgr.c	648	00436190	00463FAA	ApplyPackedMousePosition	ApplyPackedMousePosition	WC1-manual-verified		mapped
src/eventmgr.c	656	004361E0	00464009	SetFrameTimerPeriod	SetFrameTimerPeriod	WC1-manual-verified		mapped
src/eventmgr.c	662	004361F0	00464021	SetFrameTimerAndWait	SetFrameTimerAndWait	WC1-manual-verified		mapped
src/eventmgr.c	669	00436210	0046403D	SetFrameTimerPeriodDirect	SetFrameTimerPeriodDirect	WC1-manual-verified		mapped
src/eventmgr.c	675	00436230	00464055	WaitForFrameTick	WaitForFrameTick	WC1-manual-verified		mapped
src/eventmgr.c	681	00436240	00464072	IsFrameTickElapsed	IsFrameTickElapsed	WC1-manual-verified		mapped
src/eventmgr.c	688		0046409B	AllocateZeroedRecords	AllocateZeroedRecords	WC2-only		wc2-only
src/eventmgr.c	700		00464123	AllocateDefaultMemory	AllocateDefaultMemory	WC2-only		wc2-only
src/eventmgr.c	706	00436260	00464141	GetSoundHardwareFlag	GetSoundHardwareFlag	WC1-manual-verified		mapped
src/eventmgr.c	712	004362A0	0046416A	TimerResetHook	TimerResetHook	WC1-manual-verified		mapped
src/eventmgr.c	717	004362B0	0046417A	IdentityDword	GetVideoReleaseResult	WC1-manual-verified		mapped
src/eventmgr.c	723	004362C0	0046418D	IdentityWord	DoLocalFn62C0	WC1-callgraph-single-low		mapped
src/eventmgr.c	729	004362D0	004641A0	TimerStopHook	TimerStopHook	WC1-order-semantics-verified		mapped
src/eventmgr.c	734	004362E0	004641B0	GetAvailableFarMemory	GetAvailableFarMemory	WC1-order-exact		mapped
src/eventmgr.c	740	004362F0	004641C5	GetLargestFreeMemoryBlock	GetLargestFreeMemoryBlock	WC1-order-exact		mapped
src/eventmgr.c	748	004363A0	0046428B	ClearInputKeyStatePreservingModifiers	ClearInputKeyStatePreservingModifiers	WC1-order-semantics-verified		mapped
src/eventmgr.c	761	004363E0	004642D6	ClearInputKeyState	ClearInputKeyState	WC1-order-exact		mapped
src/eventmgr.c	770	00436420	0046431A	SetInputKeyState	SetInputKeyState	WC1-fuzzy-medium		mapped
src/eventmgr.c	783	00436460	0046436E	BuildObjectDepthOrder	BuildObjectDepthOrder	WC1-order-semantics-verified		mapped
src/eventmgr.c	835	00436520	004644DA	draw_sorted_objects_to_buffer	draw_sorted_objects_to_buffer	WC1-order-semantics-verified		mapped
src/eventmgr.c	981	00436650	0046470E	intro_drawbackgroundships	intro_drawbackgroundships	WC1-callgraph-propagated		mapped
src/eventmgr.c	1036	00436740	004648C5	set_up_screen_viewport	set_up_screen_viewport	WC1-fuzzy-medium		mapped
src/eventmgr.c	1093		00464A90	FinalizeInputManagerHook	FinalizeInputManagerHook	WC2-only		wc2-only
src/eventmgr.c	1098	004368C0	00464AA0	MouseIdleHook	MouseIdleHook	WC1-order-semantics-verified		mapped
src/eventmgr.c	1103	004368E0	00464AB0	GetNavRangeSentinel	GetNavRangeSentinel	WC1-order-semantics-verified		mapped
src/eventmgr.c	1109	004368F0	00464AC4	GetOriginalFreeMemory	GetOriginalFreeMemory	WC1-order-semantics-verified		mapped
src/eventmgr.c	1115	00436900	00464AE8	StartupHook	StartupHook	WC1-order-semantics-verified		mapped
src/eventmgr.c	1121	00436910	00464B0B	JoystickEdgeHook	JoystickEdgeHook	WC1-order-semantics-verified		mapped
src/eventmgr.c	1127	00436950	00464B3A	FreeIfNotNull	DoLocalFn6950	WC1-callgraph-propagated		mapped
src/eventmgr.c	1134		00464D5F	ServiceInputDevices	ServiceInputDevices	WC2-only		wc2-only
src/eventmgr.c	1156		00464E06	SetInputViewport	SetInputViewport	WC2-only		wc2-only
src/eventmgr.c	1163		00464E1E	ClearInputPump	ClearInputPump	WC2-only		wc2-only
src/eventmgr.c	1169		00464E35	SetMenuInputPump	SetMenuInputPump	WC2-only		wc2-only
src/eventmgr.c	1175		00464E4F	ConfigureInputPump	ConfigureInputPump	WC2-only		wc2-only
src/eventmgr.c	1184		00464E73	LoadInputCursorShape	LoadInputCursorShape	WC2-only		wc2-only
src/eventmgr.c	1202		00464EE0	InitializeInputDriverHook	InitializeInputDriverHook	WC2-only		wc2-only
src/eventmgr.c	1207		00464EF0	FinalizeInputDriverHook	FinalizeInputDriverHook	WC2-only		wc2-only
src/eventmgr.c	1212		00464F10	FlushPendingInputEvents	FlushPendingInputEvents	WC2-only		wc2-only
src/eventmgr.c	1219		00464F25	GetNamedPacketSize	GetNamedPacketSize	WC2-only		wc2-only
src/eventmgr.c	1225		00464F45	LoadNamedPacket	LoadNamedPacket	WC2-only		wc2-only
src/eventmgr.c	1235		00464F75	OffsetSceneHotspotBounds	OffsetSceneHotspotBounds	WC2-only		wc2-only
src/eventmgr.c	1247		00464FD7	ServiceCutsceneRuntimeHook	ServiceCutsceneRuntimeHook	WC2-only		wc2-only
src/eventmgr.c	1252		00464FE7	SetPaletteEntryFromTriplet	SetPaletteEntryFromTriplet	WC2-only		wc2-only
src/eventmgr.c	1263		0046502E	SetMusicTickRateHook	SetMusicTickRateHook	WC2-only		wc2-only
src/eventmgr.c	1269	00436970	00464B60	GetStartupErrorCode	GetStartupErrorCode	manual-verified		mapped
src/eventmgr.c	1276	00436980	00464B82	PersonnelDriveHook	ShutdownHook	manual-verified		mapped
src/eventmgr.c	1283	004369A0	00464B92	SelectDiskDriveHook	SelectDiskDriveHook	manual-verified		mapped
src/eventmgr.c	1289	004369B0	00464BA5	GetCurrentDiskDriveHook	GetCurrentDiskDriveHook	manual-verified		mapped
src/eventmgr.c	1295	004369C0	00464BB8	GetShutdownErrorCode	GetShutdownErrorCode	manual-verified		mapped
src/eventmgr.c	1302	004369D0	00464BCB	VideoReleaseHook	VideoReleaseHook	manual-verified		mapped
src/eventmgr.c	1307	004369E0	00464BDB	ExitCleanupHook	ExitCleanupHook	manual-verified		mapped
src/eventmgr.c	1314	00436A00	00464BFE	IsVectorWithinRange	IsVectorWithinRange	WC1-order-semantics-verified		mapped
src/eventmgr.c	1327	00436A30	00464C4B	shrink_vector	shrink_vector	WC2-manual-verified		mapped
src/eventmgr.c	1341	00436A70	00464CA4	shrink	shrink	WC2-manual-verified		mapped
src/eventmgr.c	1364	00436C70	0042BAC0	FillGraphicSuffix	FillGraphicSuffix	WC1-fuzzy-followup		mapped
src/eventmgr.c	1379	00436CB0	0042BB17	ConvertChar_Int	ConvertChar_Int	WC1-fuzzy-medium		mapped
src/geom.c	12	00418080	00453B30	MeasureTextPixelWidthClamped	MeasureTextPixelWidthClamped	WC1-callgraph-propagated		mapped
src/geom.c	27	00418140	004589D0	CollectActivePaletteIndices	CollectActivePaletteIndices	WC1-manual-verified		mapped
src/geom.c	53	004181C0	0040A3A0	get_ship_max_velocity	get_ship_max_velocity	WC1-manual-verified		mapped
src/geom.c	71	00418210	0040A481	recalc_max_velocity	recalc_max_velocity	WC1-fuzzy-low		mapped
src/geom.c	88	00418280	0040A51D	drain_fuel	drain_fuel	WC1-order-semantics-verified		mapped
src/geom.c	96	004182B0	0040A556	damage_ion_drive	damage_ion_drive	WC1-order-semantics-verified		mapped
src/geom.c	105	004182F0	0040A5A0	GetShipAccelerationRate	GetShipAccelerationRate	WC1-callgraph-propagated		mapped
src/geom.c	126	00418330	0040A691	point_at	SetTbl0059bce0Fn8330	WC1-fuzzy-low		mapped
src/geom.c	137	004183A0	0040A6F7	look_at	DoLocalFn83A0	WC1-fuzzy-followup		mapped
src/geom.c	143	004183D0	0040A725	position_relative	position_relative	WC1-fuzzy-low		mapped
src/geom.c	158	00418420	0040A774	position_relative_ijk	position_relative_ijk	WC1-manual-verified		mapped
src/geom.c	168	004184C0	0040A81B	FixedToShortSaturating	FixedToShortSaturating	WC1-fuzzy-medium		mapped
src/geom.c	178	004184E0	0040A867	MinInt	DoLocalFn84E0	WC1-order-exact		mapped
src/geom.c	185	004184F0	0040A893	MaxInt	DoLocalFn84F0	WC1-order-exact		mapped
src/geom.c	192	00418500	0040A8BF	AbsInt	DoLocalFn8500	WC1-callgraph-single		mapped
src/geom.c	200	00418540	0040A8EB	SignFixed	DoLocalFn8540	WC1-fuzzy-medium		mapped
src/geom.c	208	00418560	0040A925	WrapDegrees	DoLocalFn8560	WC1-fuzzy-medium		mapped
src/geom.c	221	00418590	0040A981	equ_vector	equ_vector	WC1-manual-verified		mapped
src/geom.c	228	004185C0	0040A9D1	IsPairEqualityDifferentFromFlag	IsPairEqualityDifferentFromFlag	WC1-manual-verified		mapped
src/geom.c	234	004185F0	0040AA0B	zero_vector	zero_vector	WC1-callgraph-propagated		mapped
src/geom.c	240	00418600	0040AA37	negate_vector	negate_vector	WC1-manual-verified		mapped
src/geom.c	248	00418620	0040AA6A	AddFixedVectors	AddFixedVectors	WC1-callgraph-propagated		mapped
src/geom.c	257	00418650	0040AAA8	SubtractFixedVectors	SubtractFixedVectors	WC1-callgraph-propagated		mapped
src/geom.c	266	00418680	0040AAE6	ComputeVectorDelta	ComputeVectorDelta	WC1-callgraph-propagated		mapped
src/geom.c	274	004186B0	0040AB24	ScaleFixedVector	ScaleFixedVector	WC1-manual-verified		mapped
src/geom.c	282	00418700	0040AB78	divide_vector	divide_vector	WC1-fuzzy-followup		mapped
src/geom.c	290	00418750	0040ABCC	ChooseRandomSignedMagnitude	ChooseRandomSignedMagnitude	WC1-manual-verified		mapped
src/geom.c	301	00418780	0040AC24	MakeRandomVectorFixed	MakeRandomVectorFixed	WC1-fuzzy-low		mapped
src/geom.c	315	004187E0	0040AC88	FillFixedVectorWithRandomComponents	FillFixedVectorWithRandomComponents	WC1-fuzzy-followup		mapped
src/geom.c	321	00418800	0040ACA5	random_radial	random_radial	WC1-manual-verified		mapped
src/geom.c	332	00418890	0040ACE0	rectangular_to_spherical	DoLocalFn8890	WC1-fuzzy-low		mapped
src/geom.c	352	004189B0	0040AD89	ConvertFixedVectorToShortVector	ConvertFixedVectorToShortVector	WC1-manual-verified		mapped
src/geom.c	363	004189E0	0040ADC2	dot_product	dot_product	WC1-manual-verified		mapped
src/geom.c	371	00418A30	0040AE18	vector_angle	vector_angle	WC1-manual-verified		mapped
src/geom.c	379	00418A80	0040AE70	vector_cross_product	DoLocalFn8A80	WC1-fuzzy-low		mapped
src/geom.c	391	00418B10	0040AF18	NormalizeFixedVector	NormalizeFixedVector	WC1-fuzzy-followup		mapped
src/geom.c	405	00418B60	0040AF99	vector_length_in_dir	vector_length_in_dir	WC1-manual-verified		mapped
src/geom.c	417	00418BB0	0040AFFA	vector_component_in_dir	vector_component_in_dir	WC1-manual-verified		mapped
src/geom.c	428	00418BE0	0040B02F	rotate_about_i	rotate_about_i	WC1-manual-verified		mapped
src/geom.c	448	00418D00	0040B17F	rotate_about_j	rotate_about_j	WC1-manual-verified		mapped
src/geom.c	468	00418E40	0040B2CF	rotate_about_k	DoLocalFn8E40	WC1-callgraph-propagated		mapped
src/geom.c	488	00418F60	0040B41F	init_ijk	SetTbl0059bce8Fn8F60	WC1-callgraph-propagated		mapped
src/geom.c	505	00418FD0	0040B550	copy_frame	copy_frame	WC1-manual-verified		mapped
src/geom.c	516	00419050	0040B5DF	fix_objects_ijk	SetUiFn9050	WC1-fuzzy-followup		mapped
src/geom.c	530	004190B0	0040B699	transform_to_objects_frame	transform_to_objects_frame	WC1-manual-verified		mapped
src/geom.c	539	00419110	0040B706	alter_pitch	GetUiFn9110	WC1-callgraph-propagated		mapped
src/geom.c	547	00419150	0040B747	alter_yaw	GetUiFn9150	WC1-fuzzy-followup		mapped
src/geom.c	555	00419190	0040B788	alter_roll	GetUiFn9190	WC1-callgraph-propagated		mapped
src/geom.c	563	004191D0	0040B7C9	distance_between_points	distance_between_points	WC1-manual-verified		mapped
src/geom.c	575	00419210	0040B805	distance_from_point	distance_from_point	WC1-manual-verified		mapped
src/geom.c	587	00419260	0040B85C	distance_from_object	distance_from_object	WC1-callgraph-propagated		mapped
src/geom.c	594	00419290	0040B898	get_facing_range_from_point	get_facing_range_from_point	WC1-manual-verified		mapped
src/geom.c	608	00419310	0040B92F	get_facing_range_from_object	get_facing_range_from_object	WC1-manual-verified		mapped
src/geom.c	620	004193D0	0040B9B5	facing_to_object	facing_to_object	WC1-callgraph-propagated		mapped
src/geom.c	634	00419440	0040BA2E	match_roll_orientation	match_roll_orientation	WC1-callgraph-propagated		mapped
src/geom.c	652	004194D0	0040BADB	set_ship_rotation_goals	set_ship_rotation_goals	WC1-fuzzy-followup		mapped
src/geom.c	697	00419620	0040BC6B	point_ship	point_ship	WC1-callgraph-propagated		mapped
src/geom.c	706	00419660	0040BCA9	point_ship_at_point	point_ship_at_point	WC1-manual-verified		mapped
src/geom.c	716	004196A0	0040BCE8	point_ship_at_object	point_ship_at_object	WC1-callgraph-propagated		mapped
src/geom.c	722	004196C0	0040BD0E	point_capital_ship_at_object	point_capital_ship_at_object	WC1-manual-verified		mapped
src/geom.c	732	00419710	0040BDC2	point_ship_behind_object	point_ship_behind_object	WC1-manual-verified		mapped
src/geom.c	743	00419790	0040BE3A	point_ship_below_object	point_ship_below_object	WC1-fuzzy-low		mapped
src/geom.c	754	00419810	0040BD58	point_perpendicular_to_point	point_perpendicular_to_point	WC1-fuzzy-very-low		mapped
src/geom.c	764	00419850	0040BEB0	point_perpendicular	point_perpendicular	WC1-callgraph-propagated		mapped
src/geom.c	770	00419870	0040BED6	point_parallel	point_parallel	WC1-manual-verified		mapped
src/geom.c	777	00419950	0040BF0B	NormalizeAndScaleVector	NormalizeAndScaleVector	WC1-fuzzy-low		mapped
src/geom.c	784	00419970	0040BF36	SetVectorFixedPoint	DoLocalFn9970	WC1-fuzzy-followup		mapped
src/geom.c	794	00419990	0040BF55	IsPointWithinRange	IsPointWithinRange	WC1-callgraph-propagated		mapped
src/geom.c	803	004199C0	0040BF8C	check_for_collision	check_for_collision	WC1-order-exact		mapped
src/geom.c	832	00419A70	0040C08C	position_child	position_child	WC1-manual-verified		mapped
src/geom.c	853	00419B40	0040C1DA	child_object	child_object	WC1-manual-verified		mapped
src/geom.c	860	00419B70	0040C211	get_ship_slot	get_ship_slot	WC1-callgraph-single-low		mapped
src/geom.c	872	00419BA0	0040C266	find_vacant_3d_object	find_vacant_3d_object	WC1-callgraph-propagated		mapped
src/geom.c	886	00419BD0	0040C2C9	remove_object	remove_object	WC1-fuzzy-followup		mapped
src/geom.c	923	00419CC0	0040C46C	apply_force_to_objects_center	apply_force_to_objects_center	WC1-callgraph-propagated		mapped
src/geom.c	936	00419D10	0040C4D1	apply_force_to_object	apply_force_to_object	WC1-fuzzy-low		mapped
src/geom.c	996	00419F70	0040C796	rotational_acceleration	rotational_acceleration	WC1-fuzzy-low		mapped
src/geom.c	1036	0041A0F0	0040C959	ClampVectorTo30	ClampVectorTo30	WC1-order-exact		mapped
src/geom.c	1046	0041A110	0040C99F	ClampTo30	DoLocalFnA110	WC1-fuzzy-medium		mapped
src/geom.c	1057	0041A1D0	0040C9DD	transform_objects_to_your_view	ScanTbl0059d9b0FnA1D0	WC1-fuzzy-very-low		mapped
src/geom.c	1193	0041A530	0040CEF6	set_background_objects_rotation	SetTbl0059cd90FnA530	WC1-fuzzy-very-low		mapped
src/geom.c	1220	0041A610	0040CFF8	get_right_shape	LoadTbl0059dd90FnA610	WC1-callgraph-propagated		mapped
src/geom.c	1370	0041DDF0	00459160	EraseLastTextInputCharacter	EraseLastTextInputCharacter	WC1-manual-verified		mapped
src/geom.c	1399	00425C30	0045924D	EraseTextContextBackground	EraseTextContextBackground	WC2-manual-verified		mapped
src/geom.c	1410	004260E0	00459294	DrawTextInputCursor	DrawTextInputCursor	WC1-manual-verified		mapped
src/geom.c	1427	004261D0	0045930A	EraseCharacterAfterTextCursor	EraseCharacterAfterTextCursor	WC1-manual-verified		mapped
src/geom.c	1438	00426140	00459348	ClearTextInputCharacter	ClearTextInputCharacter	WC1-fuzzy-very-low		mapped
src/geom.c	1455	0041A9D0	004593D6	InitializeModalTextPanel	InitializeModalTextPanel	WC1-fuzzy-very-low		mapped
src/geom.c	1490	0041AAE0	00459527	DrawModalTextPanel	DrawModalTextPanel	WC1-order-exact		mapped
src/geom.c	1510	0041AB60	004595AA	RestoreModalTextPanel	RestoreModalTextPanel	WC1-manual-verified		mapped
src/geom.c	1520	0041AB90	004595EF	ShowModalTextPanel	ShowModalTextPanel	WC1-fuzzy-medium		mapped
src/geom.c	1568	0041AD10	0045979B	ReleaseModalTextPanel	ReleaseModalTextPanel	WC1-fuzzy-followup		mapped
src/geom.c	1580	00426200	004597E3	ReadTextInput	ReadTextInput	WC1-fuzzy-followup		mapped
src/gr.c	45	00440C00	00425A16	ValidateViewportBounds	ValidateViewportBounds	WC1-fuzzy-followup		mapped
src/gr.c	93	00440CF0	00425B9E	ClipViewportToScreen	ClipViewportToScreen	WC1-manual-verified		mapped
src/gr.c	100		00448570	InitializeViewportWipe	InitializeViewportWipe	WC2-only		wc2-only
src/gr.c	329		00448D1A	SetViewportHorizontalBounds	SetViewportHorizontalBounds	WC2-only		wc2-only
src/gr.c	336		00448D39	SetViewportVerticalBounds	SetViewportVerticalBounds	WC2-only		wc2-only
src/gr.c	343		00448D58	AdvanceViewportWipe	AdvanceViewportWipe	WC2-only		wc2-only
src/gr.c	967		00449FAE	OffsetViewportBounds	OffsetViewportBounds	WC2-only		wc2-only
src/gr.c	977		0044A009	SetViewportRectangleBounds	SetViewportRectangleBounds	WC2-only		wc2-only
src/gr.c	987		0044A03C	FinishViewportWipe	FinishViewportWipe	WC2-only		wc2-only
src/gr.c	1282		0044A910	GenerateWipeRadialEdges	GenerateWipeRadialEdges	WC2-only		wc2-only
src/gr.c	1341		0044AAE5	BlitWipeRadialBands	BlitWipeRadialBands	WC2-only		wc2-only
src/gr.c	1439	00440D10	00425BBF	SetSolidColourTranslation	SetSolidColourTranslation	WC1-fuzzy-very-low		mapped
src/gr.c	1447	00440D50	00425BF6	PrepareShapeRLEData	PrepareShapeRLEData	WC1-fuzzy-very-low		mapped
src/gr.c	1564	00440FE0	00425FB4	DrawSpriteTransformed	DrawSpriteTransformed	WC1-fuzzy-very-low		mapped
src/gr.c	1620	00441140	004261D5	RasterLineHook	DoLocalFn1140	WC1-callgraph-single		mapped
src/gr.c	1626	00441150	004261E5	DrawFontGlyph	DrawFontGlyph	WC1-fuzzy-low		mapped
src/gr.c	1712	00441370	00426694	MarkActivePaletteEntries	MarkActivePaletteEntries	WC1-manual-verified		mapped
src/gr.c	1719	004413C0	004266B1	GetPaletteEntry	GetPaletteEntry	WC1-manual-verified		mapped
src/gr.c	1725	004413E0	004266CC	SetPaletteEntry	PaletteLocalFn13E0	WC1-callgraph-propagated		mapped
src/gr.c	1731	00441400	004266E7	DrawSpriteDefault	DrawSpriteDefault	WC1-callgraph-propagated		mapped
src/gr.c	1747	00441450	00426769	CaptureSpriteBackground	LoopLocalFn1450	WC1-callgraph-propagated		mapped
src/gr.c	1908	00441740	00426B96	RestoreSpriteBackground	LoopUiFn1740	WC1-callgraph-propagated		mapped
src/gr.c	2069	00441A40	00426FD9	DrawSolidColourSprite	DrawSolidColourSprite	WC1-callgraph-propagated		mapped
src/gr.c	2082	00441A90	00427047	CopyViewportContents	CopyViewportContents	WC1-callgraph-propagated		mapped
src/gr.c	2123	00441AE0	00427123	ClearViewport	ClearViewport	WC1-auto-vt		mapped
src/gr.c	2133	00441B20	00427179	DrawViewportPixel	DrawViewportPixel	WC1-auto-vt		mapped
src/gr.c	2145	00441B60	004271D2	GetViewportPixel	GetViewportPixel	WC1-auto-vt		mapped
src/gr.c	2156	00441BA0	0042722E	DrawViewportLine	DrawViewportLine	WC1-manual-verified		mapped
src/gr.c	2169	00441BF0	004272A5	TriangleRasterizerHook	TriangleRasterizerHook	WC1-manual-verified		mapped
src/gr.c	2174	00441C70	00427E1B	DrawFilledViewportRect	DrawFilledViewportRect	WC1-manual-verified		mapped
src/gr.c	2193	00441CF0	00427EC8	DrawViewportBorder	DrawViewportBorder	WC1-fuzzy-followup		mapped
src/gr.c	2216	00441DD0	00428023	DrawViewportEllipse	DrawViewportEllipse	WC1-fuzzy-followup		mapped
src/gr.c	2230	00441E20	0042808F	FillViewportEllipse	FillViewportEllipse	WC1-fuzzy-followup		mapped
src/gr.c	2244	00441E70	004280FB	DrawViewportEllipseShadow	DrawViewportEllipseShadow	WC1-callgraph-propagated		mapped
src/gr.c	2258	00441FC0	004282F0	DrawSpriteScaled	DrawSpriteScaled	WC1-manual-verified		mapped
src/gr.c	2269	00442000	00428344	DrawSolidColourSpriteScaled	DoLocalFn2000	WC1-callgraph-propagated		mapped
src/gr.c	2282	00442050	004283A4	GetTransformedShapeBounds	GetTransformedShapeBounds	WC1-fuzzy-very-low		mapped
src/gr.c	2379	00442200	00428690	fizzle_fade	fizzle_fade	WC1-callgraph-propagated		mapped
src/gr.c	2420	00442300	00427DE8	snow_viewport	snow_viewport	WC1-fuzzy-very-low		mapped
src/gr.c	2434	00442330	00428979	UpdateStreamerStoppedFlag	UpdateStreamerStoppedFlag	WC1-manual-verified		mapped
src/gr.c	2450	00442350	0042894B	SignalAudioMixerWakeEvent	SignalAudioMixerWakeEvent	WC1-fuzzy-very-low		mapped
src/gr.c	2459	00442370	00428900	InitializeAudioStreamer	InitializeAudioStreamer	WC1-auto-vt		mapped
src/gr.c	2471	004423B0	004289BF	Streamer_open	Streamer_open	WC1-fuzzy-followup		mapped
src/gr.c	2487	00442430	00428A2F	Streamer_play	Streamer_play	WC1-fuzzy-very-low		mapped
src/gr.c	2499	00442460	00428A6D	Streamer_stop	Streamer_stop	WC1-manual-verified		mapped
src/gr.c	2511	004424D0	00428AEB	SetStreamerTrigger	SetStreamerTrigger	WC1-manual-verified		mapped
src/gr.c	2522	00442520	00428AAB	SetStreamerIntensity	SetStreamerIntensity	WC1-manual-verified		mapped
src/gr.c	2533	00442550	00428B3C	ForceStreamerTrigger	ForceStreamerTrigger	WC1-manual-verified		mapped
src/gr.c	2545	00442590	00428DA3	SetMusicStreamVolume	HelperOf427F20B	WC1-auto-vt		mapped
src/gr.c	2552		00428DBF	GetMusicStreamVolume	GetMusicStreamVolume	WC2-only		wc2-only
src/gr.c	2558		00428DE0	GetStreamerState	GetStreamerState	WC2-only		wc2-only
src/gr.c	2564	004425D0	00428B86	Streamer_close	Streamer_close	WC1-auto-vt		mapped
src/gr.c	2573		00428BAD	DestroyAudioStreamer	DestroyAudioStreamer	WC2-only		wc2-only
src/gr.c	2582	00442600	00428D09	ReadCheaterFlagFromRegistry	ReadCheaterFlagFromRegistry	WC1-auto-vt		mapped
src/hudmsg.c	14	00428E70	004672C5	MeasureMessageWidth	MeasureMessageWidth	manual-verified		mapped
src/hudmsg.c	22	00428EA0	00467300	AcknowledgeModalMessage	AcknowledgeModalMessage	WC2-manual-verified		mapped
src/hudmsg.c	38	00428F20	00437C2E	ShowModalMessage	ShowModalMessage	WC1-callgraph-transfer		mapped
src/hudmsg.c	56	00428F80	00437C96	ReportOutOfMemoryAndExit	ReportOutOfMemoryAndExit	WC1-auto-vt		mapped
src/hudmsg.c	63	00428FA0	00437DFA	ShowOnScreenMessage	ShowOnScreenMessage	WC1-callgraph-transfer		mapped
src/hudmsg.c	109	004290A0	00437F2F	ShowGamePausedBanner	ShowGamePausedBanner	WC1-fuzzy-very-low		mapped
src/hudmsg.c	126	004290D0	00437F77	ShowVersionBanner	ShowVersionBanner	WC1-auto-vt		mapped
src/hudmsg.c	133	004290F0	00437F9A	SetMessageDisplaySpeed	SetMessageDisplaySpeed	WC1-fuzzy-followup		mapped
src/hudmsg.c	142	00429120	00437FD3	ReportFramesSkipped	ReportFramesSkipped	WC1-fuzzy-followup		mapped
src/hudmsg.c	151	00429160	0046733D	HandleSpaceFlightControls	HandleDebugCheatKeys	WC1-fuzzy-followup		mapped
src/hudmsg.c	887		00468E7A	DrawSpaceSceneFrame	DrawSpaceSceneFrame	WC2-only		wc2-only
src/hudmsg.c	955	00429DD0	004690FF	Draw_3Space_Frame	Draw_3Space_Frame	WC1-fuzzy-low	WC1-review-module-mismatch	mapped
src/hudmsg.c	966	00429FC0	0046903F	RenderSpaceViewFrame	RenderSpaceViewFrame	WC1-callgraph-propagated	WC1-review-module-mismatch	mapped
src/hudmsg.c	993	0042A0E0	00469143	GetShipDistanceToNavPoint	GetShipDistanceToNavPoint	WC1-callgraph-propagated		mapped
src/hudmsg.c	1003	0042A120	0046918D	FindNearestNavPoint	FindNearestNavPoint	WC1-callgraph-propagated		mapped
src/hudmsg.c	1019	0042A170	00469223	ReleaseStaleNavTarget	ReleaseStaleNavTarget	WC1-callgraph-propagated		mapped
src/hudmsg.c	1029		004379F0	InitializeSpaceFlightInput	InitializeSpaceFlightInput	WC2-only		wc2-only
src/hudmsg.c	1042		0042D4C1	ReleaseSceneMusicPacket	ReleaseSceneMusicPacket	WC2-only		wc2-only
src/hudmsg.c	1053		00446950	BeginInflightReplayHook	BeginInflightReplayHook	WC2-only		wc2-only
src/hudmsg.c	1058		00446960	ResetCannedScenePlaybackBuffer	ResetCannedScenePlaybackBuffer	WC2-only		wc2-only
src/hudmsg.c	1066		00446FC8	ProcessCannedSceneInput	ProcessCannedSceneInput	WC2-only		wc2-only
src/hudmsg.c	1120		0044698F	FinishCannedScenePlayback	FinishCannedScenePlayback	WC2-only		wc2-only
src/hudmsg.c	1142		00446A1D	RestoreCannedSceneObjectState	RestoreCannedSceneObjectState	WC2-only		wc2-only
src/hudmsg.c	1177		00446B6A	ApplyCannedSceneObjectEventRecord	ApplyCannedSceneObjectEventRecord	WC2-only		wc2-only
src/hudmsg.c	1218		00446CC2	ApplyCannedSceneSoundRecord	ApplyCannedSceneSoundRecord	WC2-only		wc2-only
src/hudmsg.c	1233		00446D0D	ApplyCannedSceneMusicRecord	ApplyCannedSceneMusicRecord	WC2-only		wc2-only
src/hudmsg.c	1248		00446D55	ApplyCannedSceneFrameEvents	ApplyCannedSceneFrameEvents	WC2-only		wc2-only
src/hudmsg.c	1299		00446F14	LoadCannedScenePlaybackBuffer	LoadCannedScenePlaybackBuffer	WC2-only		wc2-only
src/hudmsg.c	1324		0040230E	WriteTapeInitialState	WriteTapeInitialState	WC2-only		wc2-only
src/hudmsg.c	1342		00402385	FlushCannedSceneRecordingBuffer	FlushCannedSceneRecordingBuffer	WC2-only		wc2-only
src/hudmsg.c	1367		00401A62	InitializeCannedSceneFrameIndex	InitializeCannedSceneFrameIndex	WC2-only		wc2-only
src/hudmsg.c	1382		00401ACB	HandleCannedSceneBufferBoundary	HandleCannedSceneBufferBoundary	WC2-only		wc2-only
src/hudmsg.c	1413		00401C1A	CheckCannedSceneBufferCapacity	CheckCannedSceneBufferCapacity	WC2-only		wc2-only
src/hudmsg.c	1426		00401C72	GetCannedSceneObjectMode	GetCannedSceneObjectMode	WC2-only		wc2-only
src/hudmsg.c	1449		00401D79	RecordCannedSceneObjectState	RecordCannedSceneObjectState	WC2-only		wc2-only
src/hudmsg.c	1502		00401FDD	RecordCannedSceneObjectEvent	RecordCannedSceneObjectEvent	WC2-only		wc2-only
src/hudmsg.c	1546		00401A10	ResetCannedSceneRecording	ResetCannedSceneRecording	WC2-only		wc2-only
src/hudmsg.c	1559	0042A190	0046925E	RunSpaceFlight	RunSpaceFlight	WC1-callgraph-propagated	WC1-review-module-mismatch	mapped
src/hudmsg.c	1676	0042A520	004695FD	calculate_damage_level	calculate_damage_level	WC1-fuzzy-medium	WC1-review-module-mismatch	mapped
src/hudmsg.c	1712		00419A40	CopyHugeMemoryOverlapSafe	CopyHugeMemoryOverlapSafe	WC2-only		wc2-only
src/hudmsg.c	1748	0042A700	00453820	FadeViewportPaletteToColour	FadeViewportPaletteToColour	WC1-fuzzy-very-low		mapped
src/hudmsg.c	1811	0042A8F0	00424A60	find_objective	find_objective	WC2-manual-verified		mapped
src/hudmsg.c	1829	0042A950	00424AEE	arrive_from_warp	arrive_from_warp	WC1-fuzzy-followup		mapped
src/hudmsg.c	1857	0042AA10	00424C05	unwarp	unwarp	WC1-callgraph-propagated		mapped
src/hudmsg.c	1887	0042AAF0	00424D4D	warp	warp	WC2-manual-verified		mapped
src/hudmsg.c	1914	0042AD00	00461480	find_next_gun	find_next_gun	WC2-manual-verified		mapped
src/hudmsg.c	1949	0042ADA0	004615A2	select_guns	select_guns	WC2-manual-verified		mapped
src/hudmsg.c	1979	0042AE10	0046166D	select_new_gun	select_new_gun	WC1-fuzzy-low		mapped
src/hudmsg.c	1988	0042AE50	004616B8	select_new_release_weapon	select_new_release_weapon	WC1-fuzzy-very-low		mapped
src/hudmsg.c	2057	0042AFB0	0040A2D0	FrameTimerCallback	FrameTimerCallback	WC1-order-exact		mapped
src/hudmsg.c	2069	0042AFC0	0040A2E7	SetMultimediaTimerCallback	SetMultimediaTimerCallback	WC1-fuzzy-medium		mapped
src/ix/dsp.cpp	42	00444910	00489990	ix_dsp_init	ix_dsp_init	WC1-auto-vt		mapped
src/ix/dsp.cpp	68	004449CF	00489A4F	ix_dsp_shutdown	ix_dsp_shutdown	WC1-auto-vt		mapped
src/ix/dsp.cpp	97	00444A62	00489AE2	ix_dsp_configure	ix_dsp_configure	WC1-auto-vt		mapped
src/ix/dsp.cpp	126	00444B25	00489BA5	ix_dsp_open_driver	ix_dsp_open_driver	WC1-auto-vt		mapped
src/ix/dsp.cpp	162	00444BFD	00489C7D	ix_dsp_get_tick	ix_dsp_get_tick	WC1-callgraph-propagated		mapped
src/ix/dsp.cpp	168	00444C12	00489C92	ix_dsp_get_flags	ix_dsp_get_flags	WC1-order-exact		mapped
src/ix/dsp.cpp	174	00444C27	00489CA7	ix_dsp_set_config_bit1	ix_dsp_set_config_bit1	WC1-auto-vt		mapped
src/ix/dsp.cpp	183	00444C54	00489CD4	ix_dsp_set_config_bit3	ix_dsp_set_config_bit3	WC1-auto-vt		mapped
src/ix/dsp.cpp	192	00444C81	00489D01	ix_dsp_get_voice_count	ix_dsp_get_voice_count	WC1-callgraph-propagated		mapped
src/ix/dsp.cpp	198	00444C96	00489D16	ix_dsp_set_voice_count	ix_dsp_set_voice_count	WC1-fuzzy-high		mapped
src/ix/dsp.cpp	213	00444D18	00489D98	ix_dsp_get_stream_count	ix_dsp_get_stream_count	WC1-order-exact		mapped
src/ix/dsp.cpp	219	00444D2D	00489DAD	ix_dsp_set_stream_count	ix_dsp_set_stream_count	WC1-fuzzy-medium		mapped
src/ix/dsp.cpp	234	00444DAF	00489E2F	ix_dsp_get_master_volume	ix_dsp_get_master_volume	WC1-callgraph-single		mapped
src/ix/dsp.cpp	240	00444DC5	00489E45	ix_dsp_set_master_volume	ix_dsp_set_master_volume	WC1-auto-vt		mapped
src/ix/dsp.cpp	257	00444E52	00489ED2	ix_dsp_build_pan_tables	ix_dsp_build_pan_tables	WC1-auto-vt		mapped
src/ix/dsp.cpp	291	00444F97	0048A017	ix_dsp_result_to_text	ix_dsp_result_to_text	WC1-auto-vt		mapped
src/ix/dsp.cpp	331	00445123	0048A1A3	ix_dsp_alloc	ix_dsp_alloc	WC1-fuzzy-high		mapped
src/ix/dsp.cpp	337	00445140	0048A1C0	ix_dsp_copy	ix_dsp_copy	WC1-auto-vt		mapped
src/ix/dsp.cpp	344	00445164	0048A1E4	ix_dsp_free	ix_dsp_free	WC1-callgraph-propagated		mapped
src/ix/dsps.cpp	18	004451B5	0048AA15	ix_dsps_alloc	ix_dsps_alloc	WC1-auto-vt		mapped
src/ix/dsps.cpp	70	0044546B	0048ACCB	ix_dsps_free	ix_dsps_free	WC1-auto-vt		mapped
src/ix/dsps.cpp	91	00445582	0048ADE2	ix_dsps_prepare	ix_dsps_prepare	WC1-auto-vt		mapped
src/ix/dsps.cpp	116	004456D8	0048AF38	ix_dsps_play	ix_dsps_play	WC1-auto-vt		mapped
src/ix/dsps.cpp	143	00445808	0048B068	ix_dsps_stop	ix_dsps_stop	WC1-auto-vt		mapped
src/ix/dsps.cpp	165	00445906	0048B166	ix_dsps_set_volume	ix_dsps_set_volume	WC1-auto-vt		mapped
src/ix/dsps.cpp	189	00445A0B	0048B26B	ix_dsps_get_flags	ix_dsps_get_flags	WC1-auto-vt		mapped
src/ix/dsps.cpp	200	00445A6F	0048B2CF	ix_dsps_get_buffer_free	ix_dsps_get_buffer_free	WC1-auto-vt		mapped
src/ix/dsps.cpp	242	00445CDB	0048B53B	ix_dsps_lock	ix_dsps_lock	WC1-auto-vt		mapped
src/ix/dsps.cpp	273	00445E3C	0048B69C	ix_dsps_unlock	ix_dsps_unlock	WC1-auto-vt		mapped
src/ix/dspv.cpp	24	004467C5	0048A235	ix_dspv_set_active	ix_dspv_set_active	WC1-auto-vt		mapped
src/ix/dspv.cpp	35	00446829	0048A299	ix_dspv_clear_active	ix_dspv_clear_active	WC1-auto-vt		mapped
src/ix/dspv.cpp	46	0044688E	0048A2FE	ix_dspv_clear_flag4	ix_dspv_clear_flag4	WC1-auto-vt		mapped
src/ix/dspv.cpp	57	004468F2	0048A362	ix_dspv_get_flags	ix_dspv_get_flags	WC1-auto-vt		mapped
src/ix/dspv.cpp	68	00446956	0048A3C6	ix_dspv_set_flag4	ix_dspv_set_flag4	WC1-auto-vt		mapped
src/ix/dspv.cpp	78	0044698F	0048A3FF	ix_dspv_set_buffer	ix_dspv_set_buffer	WC1-auto-vt		mapped
src/ix/dspv.cpp	95	00446A2B	0048A49B	ix_dspv_get_position	ix_dspv_get_position	WC1-auto-vt		mapped
src/ix/dspv.cpp	108	00446AA0	0048A510	ix_dspv_set_position	ix_dspv_set_position	WC1-auto-vt		mapped
src/ix/dspv.cpp	121	00446B18	0048A588	ix_dspv_set_volume	ix_dspv_set_volume	WC1-auto-vt		mapped
src/ix/dspv.cpp	133	00446B8C	0048A5FC	ix_dspv_set_pan	ix_dspv_set_pan	WC1-auto-vt		mapped
src/ix/dspv.cpp	163	00446CB1	0048A721	ix_dspv_set_frequency	ix_dspv_set_frequency	WC1-auto-vt		mapped
src/ix/dspv.cpp	175	00446D2C	0048A79C	ix_dspv_set_bits_per_sample	ix_dspv_set_bits_per_sample	WC1-auto-vt		mapped
src/ix/dspv.cpp	194	00446DF5	0048A865	ix_dspv_set_channels	ix_dspv_set_channels	WC1-auto-vt		mapped
src/ix/dspv.cpp	213	00446EBF	0048A92F	ix_dspv_recalc_mix	ix_dspv_recalc_mix	WC1-auto-vt		mapped
src/ix/dspv.cpp	234	00446F74	0048BFF8	ix_dspv_mix	ix_dspv_mix	WC1-auto-vt		mapped
src/ix/ixlog.cpp	28	004426A0	00428BD4	ix_log_printf	ix_log_printf	WC1-auto-vt		mapped
src/ix/lzo1x.cpp	18	004614C0	0048C290	ix_lzo1x_decompress	ix_lzo1x_decompress	WC1-auto-vt		mapped
src/ix/lzo1x.cpp	191	00461650	0048C420	ix_file_open	ix_file_open	WC1-auto-vt		mapped
src/ix/lzo1x.cpp	214	004616BE	0048C48E	ix_file_close	ix_file_close	WC1-auto-vt		mapped
src/ix/lzo1x.cpp	220	004616DA	0048C4AA	ix_file_seek	ix_file_seek	WC1-auto-vt		mapped
src/ix/lzo1x.cpp	226	004616FC	0048C4CC	ix_file_tell	ix_file_tell	WC1-auto-vt		mapped
src/ix/lzo1x.cpp	232	00461718	0048C4E8	ix_file_read	ix_file_read	WC1-manual-verified		mapped
src/ix/lzo1x.cpp	239	00461764	0048C534	ix_file_size	ix_file_size	WC1-auto-vt		mapped
src/ix/mixer.cpp	36	00445F60	0048B7C0	ix_mixer_thread_proc	ix_mixer_thread_proc	WC1-auto-vt		mapped
src/ix/mixer.cpp	177	004463FC	0048BC5C	ix_mixer_service	ix_mixer_service	WC1-auto-vt		mapped
src/ix/sample.cpp	62	0044879C	0046B21C	IxSample::ix_sample_load_aiff	ix_sample_load_aiff	WC1-auto-vt		mapped
src/ix/sample.cpp	174	00448C8B	0046B70B	IxSample::ix_sample_load_wav	ix_sample_load_wav	WC1-auto-vt		mapped
src/ix/sample.cpp	265	00449044	0046BAC4	IxSample::ix_sample_load_raw	ix_sample_load_raw	WC1-auto-vt		mapped
src/ix/sample.cpp	291	0044914C	0046BBCC	IxSample::ix_sample_convert_from_ieee_extended	ix_sample_convert_from_ieee_extended	WC1-auto-vt		mapped
src/ix/sound.cpp	15	00447CD8	0046A758	ix_sound_start	ix_sound_start	WC1-auto-vt		mapped
src/ix/sound.cpp	101	0044801E	0046AA9E	ix_sound_release	ix_sound_release	WC1-auto-vt		mapped
src/ix/sound.cpp	118	004480CF	0046AB4F	ix_sound_stop	ix_sound_stop	WC1-auto-vt		mapped
src/ix/sound.cpp	180	0044831A	0046AD9A	IxSound::ix_sound_reprioritise	ix_sound_reprioritise	WC1-auto-vt		mapped
src/ix/sound.cpp	259	00448645	0046B0C5	IxSound::ix_sound_set_delete_on_stop	ix_sound_set_delete_on_stop	WC1-auto-vt		mapped
src/ix/sound.cpp	268	00448678	0046B0F8	ix_sound_is_playing	ix_sound_is_playing	WC1-manual-verified		mapped
src/ix/sound.cpp	274	004486B0	0046B130	IxSample::ix_sample_construct	ix_sample_construct	WC1-auto-vt		mapped
src/ix/sound.cpp	286	0044870F	0046B18F	IxSample::ix_sample_destruct	ix_sample_destruct	WC1-auto-vt		mapped
src/ix/streamer.cpp	48	00442750	0046BD50	ix_streamer_init	ix_streamer_init	WC1-auto-vt		mapped
src/ix/streamer.cpp	78	0044286F	0046BE6F	ix_streamer_destroy	ix_streamer_destroy	WC1-auto-vt		mapped
src/ix/streamer.cpp	112	0044291E	0046BF1E	ix_streamer_configure	ix_streamer_configure	WC2-manual-verified		mapped
src/ix/streamer.cpp	118	0044293E	0046BF3E	ix_streamer_set_dev_mode	ix_streamer_set_dev_mode	WC1-auto-vt		mapped
src/ix/streamer.cpp	133	004429B6	0046BFB6	ix_streamer_open_stream_file	ix_streamer_open_stream_file	WC1-auto-vt		mapped
src/ix/streamer.cpp	307	0044307A	0046C67A	ix_streamer_close_stream_file	ix_streamer_close_stream_file	WC1-auto-vt		mapped
src/ix/streamer.cpp	346	004431F3	0046C7F3	ix_streamer_audio_play	ix_streamer_audio_play	WC1-auto-vt		mapped
src/ix/streamer.cpp	359	00443253	0046C853	ix_streamer_audio_stop	ix_streamer_audio_stop	WC1-auto-vt		mapped
src/ix/streamer.cpp	372	004432B6	0046C8B6	ix_streamer_audio_pause	ix_streamer_audio_pause	WC1-auto-vt		mapped
src/ix/streamer.cpp	384	0044330F	0046C90F	ix_streamer_audio_reprepare	ix_streamer_audio_reprepare	WC1-auto-vt		mapped
src/ix/streamer.cpp	396	0044336B	0046C96B	ix_streamer_set_intensity	ix_streamer_set_intensity	WC1-auto-vt		mapped
src/ix/streamer.cpp	406	004433AC	0046C9AC	ix_streamer_get_intensity	ix_streamer_get_intensity	WC1-fuzzy-high		mapped
src/ix/streamer.cpp	412	004433C1	0046C9C1	ix_streamer_set_trigger	ix_streamer_set_trigger	WC1-auto-vt		mapped
src/ix/streamer.cpp	427	00443419	0046CA19	ix_streamer_get_trigger	ix_streamer_get_trigger	WC1-order-exact		mapped
src/ix/streamer.cpp	433	0044342E	0046CA2E	ix_streamer_force_trigger	ix_streamer_force_trigger	WC1-auto-vt		mapped
src/ix/streamer.cpp	484	004435BE	0046CBBE	ix_streamer_set_volume	ix_streamer_set_volume	WC1-auto-vt		mapped
src/ix/streamer.cpp	500	0044363B	0046CC3B	ix_streamer_get_volume	ix_streamer_get_volume	WC1-fuzzy-high		mapped
src/ix/streamer.cpp	506	00443651	0046CC51	ix_streamer_get_audio_chunk	ix_streamer_get_audio_chunk	WC1-manual-verified		mapped
src/ix/streamer.cpp	512	00443666	0046CC66	ix_streamer_seek_chunk	ix_streamer_seek_chunk	WC1-auto-vt		mapped
src/ix/streamer.cpp	527	004436C0	0046CCC0	ix_streamer_hash_name	ix_streamer_hash_name	WC1-auto-vt		mapped
src/ix/streamer.cpp	549	00443755	0046CD55	ix_streamer_find_entry	ix_streamer_find_entry	WC1-auto-vt		mapped
src/ix/streamer.cpp	573	004437E3	0046CDE3	ix_streamer_open_file	ix_streamer_open_file	WC1-auto-vt		mapped
src/ix/streamer.cpp	640	00443A5D	0046D05D	ix_streamer_close_file	ix_streamer_close_file	WC1-auto-vt		mapped
src/ix/streamer.cpp	658	00443B10	0046D110	ix_streamer_thread_proc	ix_streamer_thread_proc	WC1-auto-vt		mapped
src/ix/streamer.cpp	733	00443CC0	0046D2C0	ix_streamer_service_audio	ix_streamer_service_audio	WC1-auto-vt		mapped
src/ix/system.cpp	23	00447200	00469C80	ix_system_init	ix_system_init	WC1-auto-vt		mapped
src/ix/system.cpp	44	004472A7	00469D27	ix_system_service_sounds	ix_system_service_sounds	WC1-auto-vt		mapped
src/ix/system.cpp	91	004473F3	00469E73	ix_system_shutdown	ix_system_shutdown	WC1-auto-vt		mapped
src/ix/system.cpp	102	00447426	00469EA6	ix_system_configure	ix_system_configure	WC2-manual-verified		mapped
src/ix/system.cpp	108	00447446	00469EC6	ix_system_get_master_volume	ix_system_get_master_volume	WC1-auto-vt		mapped
src/ix/system.cpp	114	0044745B	00469EDB	ix_system_set_master_volume	ix_system_set_master_volume	WC1-auto-vt		mapped
src/ix/system.cpp	120	00447477	00469EF7	ix_system_get_voice_count	ix_system_get_voice_count	WC1-order-exact		mapped
src/ix/system.cpp	126	0044748C	00469F0C	ix_system_set_voice_count	ix_system_set_voice_count	WC1-auto-vt		mapped
src/ix/system.cpp	137	004474E3	00469F63	ix_system_new_sample	ix_system_new_sample	WC1-auto-vt		mapped
src/ix/system.cpp	148	00447519	00469F99	ix_system_delete_sample	ix_system_delete_sample	WC1-auto-vt		mapped
src/ix/system.cpp	157	00447548	00469FC8	ix_system_delete_all_samples	ix_system_delete_all_samples	WC1-auto-vt		mapped
src/ix/system.cpp	171	0044758D	0046A00D	ix_system_new_sound	ix_system_new_sound	WC1-auto-vt		mapped
src/ix/system.cpp	182	004475C7	0046A047	ix_system_delete_sound	ix_system_delete_sound	WC1-auto-vt		mapped
src/ix/system.cpp	220	00447610	0046A090	ix_system_delete_all_sounds	ix_system_delete_all_sounds	WC1-auto-vt		mapped
src/ix/system.cpp	248	004476B9	0046A139	ix_system_release_voice	ix_system_release_voice	WC1-auto-vt		mapped
src/ix/system.cpp	260	004476FA	0046A17A	ix_system_assign_voice	ix_system_assign_voice	WC1-auto-vt		mapped
src/ix/system.cpp	310	00447921	0046A3A1	ix_system_find_highest_waiting	ix_system_find_highest_waiting	WC1-auto-vt		mapped
src/ix/system.cpp	326	00447974	0046A3F4	ix_system_find_lowest_playing	ix_system_find_lowest_playing	WC1-auto-vt		mapped
src/ix/system.cpp	342	004479C7	0046A447	ix_system_find_free_voice	ix_system_find_free_voice	WC1-auto-vt		mapped
src/ix/system.cpp	355	00447A20	0046A4A0	IxSound::ix_system_sound_init	ix_system_sound_init	WC1-auto-vt		mapped
src/ix/system.cpp	382	00447B17	0046A597	IxSound::ix_system_sound_construct	ix_system_sound_construct	WC1-auto-vt		mapped
src/ix/system.cpp	389	00447B48	0046A5C8	IxSound::ix_system_sound_construct_centred	ix_system_sound_construct_centred	WC1-auto-vt		mapped
src/ix/system.cpp	395	00447B7A	0046A5FA	ix_sound_unlink_from_free_list	ix_sound_unlink_from_free_list	WC1-auto-vt		mapped
src/ix/system.cpp	407	00447BE7	0046A667	IxSound::ix_system_sound_set_volume	ix_system_sound_set_volume	WC1-auto-vt		mapped
src/ix/system.cpp	415	00447C18	0046A698	IxSound::ix_system_sound_set_pan	ix_system_sound_set_pan	WC1-auto-vt		mapped
src/ix/system.cpp	422	00447C44	0046A6C4	IxSound::ix_system_sound_set_frequency	ix_system_sound_set_frequency	WC1-auto-vt		mapped
src/ix/system.cpp	434	00447CAF	0046A72F	IxSound::ix_system_sound_set_priority	ix_system_sound_set_priority	WC1-auto-vt		mapped
src/ix/thread.cpp	19	00443DA6	0046D3A6	ix_thread_handle_file_chunk	ix_thread_handle_file_chunk	WC1-auto-vt		mapped
src/ix/thread.cpp	146	004441C6	0046D7C6	ix_thread_service_streams	ix_thread_service_streams	WC1-auto-vt		mapped
src/ix/thread.cpp	188	00444316	0046D916	ix_thread_advance_audio_chunk	ix_thread_advance_audio_chunk	WC1-auto-vt		mapped
src/ix/thread.cpp	272	004445C9	0046DBC9	ix_thread_lock_stream_buffer	ix_thread_lock_stream_buffer	WC1-auto-vt		mapped
src/ix/thread.cpp	302	004446A6	0046DCA6	ix_thread_get_audio_chunk_size	ix_thread_get_audio_chunk_size	WC1-auto-vt		mapped
src/ix/thread.cpp	316	00444700	0046DD00	IxStreamFile::ix_stream_file_read	ix_stream_file_read	WC1-auto-vt		mapped
src/ix/thread.cpp	345	00444809	0046DE09	IxStreamFile::ix_stream_file_seek	ix_stream_file_seek	WC1-auto-vt		mapped
src/ix/thread.cpp	355	0044485B	0046DE5B	IxStreamFile::ix_stream_file_tell	IxStreamFile::ix_stream_file_tell	WC1-manual-verified		mapped
src/ix/thread.cpp	362	0044487F	0046DE7F	IxStreamFile::ix_stream_file_size	ix_stream_file_size	WC1-auto-vt		mapped
src/ix/thread.cpp	368	0044489B	0046DE9B	IxStreamFile::ix_stream_file_wait	ix_stream_file_wait	WC1-auto-vt		mapped
src/killbrd.c	9	0043F810	0045C128	ResetGameTextContexts	ResetGameTextContexts	manual-verified		mapped
src/killbrd.c	27		00418ECD	RunTitleMenuInputLoop	RunTitleMenuInputLoop	WC2-only		wc2-only
src/killbrd.c	70		00418FFC	RunTitleScreen	RunTitleScreen	WC2-only		wc2-only
src/killbrd.c	306		00459C4D	PollCampaignChalkboardMenu	PollCampaignChalkboardMenu	WC2-only		wc2-only
src/killbrd.c	349		00459D74	RunCampaignChalkboardMenu	RunCampaignChalkboardMenu	WC2-only		wc2-only
src/killbrd.c	430	00440840	00469BE0	ReadPacketSectionData	ReadPacketSectionData	WC1-callgraph-propagated	WC1-review-module-mismatch	mapped
src/killbrd.c	451	004408A0	004254C0	CheckHeapBlockSignature	CheckHeapBlockSignature	WC1-fuzzy-very-low		mapped
src/killbrd.c	462		0042550E	HasValidShapeAllocationSignature	HasValidShapeAllocationSignature	WC2-only		wc2-only
src/killbrd.c	470	004408C0	0042553A	GetPreparedShapeData	GetPreparedShapeData	WC1-callgraph-propagated		mapped
src/killbrd.c	480	004408D0	00425550	GetShapeFrameCount	GetShapeFrameCount	WC1-callgraph-propagated		mapped
src/killbrd.c	487	004408F0	0042557C	GetShapeFrameExtents	GetShapeFrameExtents	WC1-order-exact		mapped
src/killbrd.c	529	00440960	00425618	DecodeShapeFrame	DecodeShapeFrame	WC1-order-exact		mapped
src/killbrd.c	672	00440BE0	004259E2	SignExtendClipCoord	SignExtendClipCoord	WC1-fuzzy-medium		mapped
src/logic.c	25	00421100	00416690	find_weapon	find_weapon	WC1-manual-verified		mapped
src/logic.c	42	00421150	0041670E	fire_missile	fire_missile	WC1-manual-verified		mapped
src/logic.c	75	00421220	0041687F	fire_fixed_projectile_weapon	fire_fixed_projectile_weapon	WC1-manual-verified		mapped
src/logic.c	102	00421350	0041693A	fire_afterburner	fire_afterburner	WC1-manual-verified		mapped
src/logic.c	117	004213B0	004169CC	fire_super_brake	fire_super_brake	WC1-fuzzy-low		mapped
src/logic.c	124	004213D0	004169F3	flip_angle	flip_angle	WC1-fuzzy-medium		mapped
src/logic.c	138	00421430	00416A87	place_exhaust_on_ships	place_exhaust_on_ships	WC1-callgraph-propagated		mapped
src/logic.c	218	004215E0	00416DC3	reposition_fixed_child_objects	reposition_fixed_child_objects	WC1-order-exact		mapped
src/logic.c	333	00421760	004170F9	housekeep_power_plant_and_fuel	housekeep_power_plant_and_fuel	WC1-fuzzy-low		mapped
src/logic.c	340	00421780	00417124	replenish_shields	replenish_shields	WC1-manual-verified		mapped
src/logic.c	364	00421830	0041724A	replenish_weapon_energy_bank	replenish_weapon_energy_bank	WC1-callgraph-propagated		mapped
src/logic.c	408	004218D0	0041740F	accelerate	accelerate	WC1-fuzzy-low		mapped
src/logic.c	425	00421920	00417471	your_afterburner	your_afterburner	WC1-fuzzy-low		mapped
src/logic.c	455		0045B7E0	QueryCurrentGraphicsMode	QueryCurrentGraphicsMode	WC2-only		wc2-only
src/logic.c	463	004219C0	0045B810	LoadGamePaletteFile	LoadGamePaletteFile	WC1-callgraph-propagated		mapped
src/logic.c	490	00421A40	0045B905	EMShutDown	EMShutDown	WC1-fuzzy-low		mapped
src/logic.c	497	00421AB0	0045B924	EMStartUp	EMStartUp	WC1-callgraph-propagated		mapped
src/logic.c	521	00421B10	0045B9D3	LoadOriginFxDrivers	LoadOriginFxDrivers	WC1-callgraph-propagated		mapped
src/logic.c	670		0045BF30	InitializeHighMemoryGraphicsBuffers	InitializeHighMemoryGraphicsBuffers	WC2-only		wc2-only
src/logic.c	694	00421D80	0045C088	InitializeGameTextContexts	InitializeGameTextContexts	WC1-fuzzy-low		mapped
src/logic.c	716	00421E20	0045C1A1	initialize_direction_view_frame	SetUiFn1E20	WC1-fuzzy-low		mapped
src/logic.c	734	00421EF0	0045C279	initialize_direction_view_frames	LoopLocalFn1EF0	WC1-fuzzy-followup		mapped
src/logic.c	758	00421F50	0045C35C	LoadSpaceflightResources	LoadSpaceflightResources	manual-verified		mapped
src/logic.c	780		0045C3FA	StopMusicIfDriverActive	StopMusicIfDriverActive	WC2-only		wc2-only
src/logic.c	787		0045C419	InitializeMusicResources	InitializeMusicResources	WC2-only		wc2-only
src/logic.c	824	004274E0	0045C558	GameMain	main	WC1-fuzzy-very-low		mapped
src/logic.c	945	00422090	00429550	SendKilrathiAceGreetingOnce	SendKilrathiAceGreetingOnce	manual-verified		mapped
src/logic.c	954		00428E00	GetMissionShipPilotSaveIndex	GetMissionShipPilotSaveIndex	WC2-only		wc2-only
src/logic.c	967		00428E5C	GetMissionShipVelocityState	GetMissionShipVelocityState	WC2-only		wc2-only
src/logic.c	978		00428E98	GetInitialMissionShipPilotSaveIndex	GetInitialMissionShipPilotSaveIndex	WC2-only		wc2-only
src/logic.c	989		00428EDC	StoreMissionResultsInCampaignGlobals	StoreMissionResultsInCampaignGlobals	WC2-only		wc2-only
src/logic.c	1039		0042917D	InitializeCampaignConstellationState	InitializeCampaignConstellationState	WC2-only		wc2-only
src/logic.c	1066		004293F9	LoadTemporaryCampaignGlobals	LoadTemporaryCampaignGlobals	WC2-only		wc2-only
src/logic.c	1074		00429423	SaveAndFreeTemporaryCampaignGlobals	SaveAndFreeTemporaryCampaignGlobals	WC2-only		wc2-only
src/logic.c	1093		0042949F	LoadWholeDataFile	LoadWholeDataFile	WC2-only		wc2-only
src/logic.c	1116	004220F0	00429581	signed_random	signed_random	WC1-fuzzy-followup		mapped
src/logic.c	1122	00422110	004295A9	alert_flag	alert_flag	WC1-callgraph-propagated		mapped
src/logic.c	1128	00422140	004295D9	set_alert	set_alert	WC1-callgraph-propagated		mapped
src/logic.c	1134	00422160	004295F2	clear_alert	clear_alert	WC1-fuzzy-medium		mapped
src/logic.c	1142	00422180	00429625	start_collision_alert	start_collision_alert	WC1-fuzzy-low		mapped
src/logic.c	1155	004221E0	00429698	try2end_collision_alert	try2end_collision_alert	WC1-fuzzy-followup		mapped
src/logic.c	1165	00422220	004296E2	normal_speed	normal_speed	WC1-manual-verified		mapped
src/logic.c	1175	00422260	00429736	real_crash_time	real_crash_time	WC1-fuzzy-followup		mapped
src/logic.c	1240	00422460	00429958	crash_time	crash_time	WC1-fuzzy-very-low		mapped
src/logic.c	1250	004224F0	004299C9	detect_collisions	detect_collisions	WC1-callgraph-single		mapped
src/logic.c	1293	00422560	00429B55	unactive	unactive	WC1-callgraph-propagated		mapped
src/logic.c	1303	00422590	00429BA8	are_alive	are_alive	WC1-manual-verified		mapped
src/logic.c	1312	004225C0	00429BF0	trim_goals	trim_goals	WC1-fuzzy-medium		mapped
src/logic.c	1325	00422640	00429CAD	report_kilrathi_rout	report_kilrathi_rout	WC1-fuzzy-low		mapped
src/logic.c	1362	00422710	00429E24	find_ship_index	find_ship_index	WC1-fuzzy-medium		mapped
src/logic.c	1383	00422780	00429EE0	try2rout	try2rout	WC1-fuzzy-followup		mapped
src/logic.c	1414		0042A003	CanSetNewShipTurnGoal	CanSetNewShipTurnGoal	WC2-only		wc2-only
src/logic.c	1424	00422830	0042A062	no_goal	no_goal	WC1-manual-verified		mapped
src/logic.c	1432	00422860	0042A0A9	being_tailed	being_tailed	WC1-manual-verified		mapped
src/logic.c	1441	00422930	0042A108	detect_enemy_tail	detect_enemy_tail	WC1-fuzzy-very-low		mapped
src/logic.c	1458	004229B0	0042A1C5	is_ship_tailing_player_target	is_ship_tailing_player_target	WC1-callgraph-propagated		mapped
src/logic.c	1468	004229F0	0042A222	FindMissileTargetingObject	FindMissileTargetingObject	manual-verified		mapped
src/logic.c	1481	00422A70	0042A28E	build_squad_list	build_squad_list	WC1-order-callgraph-verified		mapped
src/logic.c	1498	00422AC0	0042A313	find_squad_center	find_squad_center	WC1-order-callgraph-verified		mapped
src/logic.c	1515	00422B30	0042A39A	init_formation_burst	init_formation_burst	WC1-fuzzy-very-low		mapped
src/logic.c	1538	00422BE0	0042A490	reset_mission_type	reset_mission_type	WC1-fuzzy-low		mapped
src/logic.c	1548	00422C30	0042A4E5	change_mission_type	change_mission_type	WC1-fuzzy-followup		mapped
src/logic.c	1559	00422C70	0042A52A	reset_objective	reset_objective	WC1-fuzzy-low		mapped
src/logic.c	1568	00422CA0	0042A55F	alter_objective	alter_objective	WC1-order-exact		mapped
src/logic.c	1577	00422CD0	0042A594	reset_tactic	reset_tactic	WC1-fuzzy-followup		mapped
src/logic.c	1586	00422D00	0042A5C8	alter_tactic	alter_tactic	WC1-manual-verified		mapped
src/logic.c	1594	00422D30	0042A5F1	reset_maneuver	reset_maneuver	WC1-callgraph-propagated		mapped
src/logic.c	1602	00422D60	0042A625	try2reset_maneuver	try2reset_maneuver	WC1-fuzzy-low		mapped
src/logic.c	1611	00422D90	0042A664	set_special	set_special	WC1-fuzzy-followup		mapped
src/logic.c	1626	00422DD0	0042A6E8	approach_zero_speed	approach_zero_speed	WC1-fuzzy-followup		mapped
src/logic.c	1633	00422DF0	0042A701	approach_min_speed	approach_min_speed	WC1-fuzzy-low		mapped
src/logic.c	1640	00422E10	0042A71D	approach_half_speed	approach_half_speed	WC1-fuzzy-followup		mapped
src/logic.c	1649	00422E50	0042A754	approach_cruise_speed	approach_cruise_speed	WC1-callgraph-propagated		mapped
src/logic.c	1658	00422E80	0042A788	approach_full_speed	approach_full_speed	WC1-callgraph-propagated		mapped
src/logic.c	1666	00422EA0	0042A7AF	approach_ship_speed	approach_ship_speed	WC1-callgraph-propagated		mapped
src/logic.c	1673	00422EC0	0042A7D2	ComputePointAheadOfObject	ComputePointAheadOfObject	manual-verified		mapped
src/logic.c	1682	00422F10	0042A823	ComputePointBehindObject	ComputePointBehindObject	manual-verified		mapped
src/logic.c	1691	00422F60	0042A876	close_behind	close_behind	WC1-manual-verified		mapped
src/logic.c	1700	00422F80	0042A8B5	scan_for_enemy	scan_for_enemy	WC1-fuzzy-very-low		mapped
src/logic.c	1732	00423070	0042AA0D	any_enemy	any_enemy	WC1-fuzzy-followup		mapped
src/logic.c	1753	00423260	0042AB81	ships_within_range	ships_within_range	WC1-callgraph-single-low		mapped
src/logic.c	1763	004232B0	0042ABCE	attacker_in_range	attacker_in_range	WC1-manual-verified		mapped
src/logic.c	1786	00423350	0042ACAF	in_danger	in_danger	WC1-callgraph-propagated		mapped
src/logic.c	1814	00423400	0042ADB8	target_within_range	target_within_range	WC1-manual-verified		mapped
src/logic.c	1826	00423440	0042AE32	build_target_list	build_target_list	WC1-manual-verified		mapped
src/logic.c	1856	00423530	0042AF60	inherit_leader_mission	inherit_leader_mission	WC1-fuzzy-medium		mapped
src/logic.c	1873	004235B0	0042B00A	inherit_leader	inherit_leader	WC1-fuzzy-followup		mapped
src/logic.c	1889	00423610	0042B0B7	dead_ship	dead_ship	WC1-manual-verified		mapped
src/logic.c	1895	00423640	0042B0FB	gone_ship	gone_ship	WC1-callgraph-propagated		mapped
src/logic.c	1905	004236B0	0042B15A	skill_check	skill_check	WC1-manual-verified		mapped
src/logic.c	1915	004236F0	0042B1AE	find_ships_sphere	find_ships_sphere	WC1-fuzzy-medium		mapped
src/logic.c	1946	00423780	0042B2A7	locate_ship	locate_ship	WC1-fuzzy-followup		mapped
src/logic.c	1970	00423820	0042B38F	get_follow_point	get_follow_point	WC1-fuzzy-followup		mapped
src/logic.c	2006	00423930	0042B524	get_first_follow_point	get_first_follow_point	WC1-fuzzy-very-low		mapped
src/logic.c	2016	00423970	0042B565	hostile_sphere	hostile_sphere	WC1-callgraph-single		mapped
src/logic.c	2033	004239D0	0042B5F7	abandoned	abandoned	WC1-fuzzy-low		mapped
src/logic.c	2053	00423A50	0042B6C5	engage	engage	WC1-fuzzy-followup		mapped
src/logic.c	2065	00423AC0	0042B73B	target_valid	target_valid	WC1-callgraph-propagated		mapped
src/logic.c	2082	00423B00	0042B80C	triumph	triumph	manual-verified		mapped
src/logic.c	2112		0042B916	find_ratio	find_ratio	WC2-only		wc2-only
src/logic.c	2126	00423C00	0042B985	evaluate_damage	evaluate_damage	WC1-fuzzy-medium		mapped
src/logic.c	2149		004564F0	has_opposing_ship	has_opposing_ship	WC2-only		wc2-only
src/logic.c	2162		0045655D	launch_carrier_fighter	launch_carrier_fighter	WC2-only		wc2-only
src/logic.c	2249	00423CE0	004568E0	LoadShapeSet	LoadShapeSet	WC1-callgraph-propagated		mapped
src/logic.c	2272	00423D50	00456988	FreeShapeSet	FreeShapeSet	WC1-manual-verified		mapped
src/logic.c	2283	00423D80	004569C8	LoadPacketResourceList	LoadPacketResourceList	WC1-manual-verified		mapped
src/logic.c	2307	00423E10	00456A68	ResetCockpitPaletteEntries	HelperOf4219C0C	WC1-callgraph-propagated		mapped
src/logic.c	2340	00423E90	00456B1A	initialize_cockpit	initialize_cockpit	WC1-callgraph-propagated		mapped
src/logic.c	2629	004242D0	00457434	InitializeConstellationObject	InitializeConstellationObject	WC1-manual-verified		mapped
src/logic.c	2659	004243B0	00457587	FreeConstellationObject	FreeConstellationObject	WC1-manual-verified		mapped
src/logic.c	2666	004243E0	004575B4	init_constellation	init_constellation	WC1-manual-verified		mapped
src/logic.c	2701	00424490	004576AB	free_constellation	free_constellation	WC1-manual-verified		mapped
src/logic.c	2717	004244E0	00457720	init_vdus	init_vdus	WC1-fuzzy-low		mapped
src/logic.c	2746	004245B0	004577D7	InitializeCockpitResources	LoopCombatFn45B0	WC1-callgraph-propagated		mapped
src/logic.c	2996	004249A0	00458196	free_cockpit	free_cockpit	WC1-callgraph-propagated		mapped
src/logic.c	3065	00424A80	00458467	init_3Space_objects	init_3Space_objects	WC1-manual-verified		mapped
src/logic.c	3088	00424B00	00458532	load_common_3Space_objects	load_common_3Space_objects	WC1-manual-verified		mapped
src/logic.c	3135	00424B80	0045865D	remove_all_3d_objects	remove_all_3d_objects	WC1-manual-verified		mapped
src/logic.c	3144	00424BA0	00458698	free_3Space	free_3Space	WC1-manual-verified		mapped
src/logic.c	3162	00424BE0	00458716	free_3Space_objects	free_3Space_objects	WC1-manual-verified		mapped
src/logic.c	3188	00424C60	004587E0	init_inflight_music	init_inflight_music	WC1-order-exact		mapped
src/logic.c	3197	00424C80	00458806	free_inflight_music	free_inflight_music	WC1-fuzzy-followup		mapped
src/logic.c	3214		0045887B	PreloadMusicTrack	PreloadMusicTrack	WC2-only		wc2-only
src/logic.c	3229		0045890E	ReleaseMusicTrack	ReleaseMusicTrack	WC2-only		wc2-only
src/logic.c	3252		00458A90	DecodeSceneStructChunk	DecodeSceneStructChunk	WC2-only		wc2-only
src/logic.c	3289		00458B8C	DecodeSceneOffsetChunk	DecodeSceneOffsetChunk	WC2-only		wc2-only
src/logic.c	3329		00458C81	DecodeSceneSymbolChunk	DecodeSceneSymbolChunk	WC2-only		wc2-only
src/logic.c	3374		00458D94	DecodeSceneFileChunk	DecodeSceneFileChunk	WC2-only		wc2-only
src/logic.c	3394		0045F7EC	UpdateShipTurretGuns	UpdateShipTurretGuns	WC2-only		wc2-only
src/logic.c	3612		004601F1	ResetTargetCameraView	ResetTargetCameraView	WC2-only		wc2-only
src/logic.c	3625		00460242	CountShipCockpitGunDisplays	CountShipCockpitGunDisplays	WC2-only		wc2-only
src/logic.c	3643		004602BE	ToggleTargetCameraOverlay	ToggleTargetCameraOverlay	WC2-only		wc2-only
src/logic.c	3685		004603C5	ClearTargetCameraView	ClearTargetCameraView	WC2-only		wc2-only
src/logic.c	3707		00460498	ToggleTargetCameraTracking	ToggleTargetCameraTracking	WC2-only		wc2-only
src/logic.c	3757		004608E8	UpdateTargetCameraTracking	UpdateTargetCameraTracking	WC2-only		wc2-only
src/logic.c	3833		00460BAF	ClearSavedTorpedoTargetLock	ClearSavedTorpedoTargetLock	WC2-only		wc2-only
src/logic.c	3840		00460BCC	UpdateSavedTorpedoTargetLock	UpdateSavedTorpedoTargetLock	WC2-only		wc2-only
src/logic.c	3880		00460D3E	SetTargetCameraEyePosition	SetTargetCameraEyePosition	WC2-only		wc2-only
src/logic.c	3903		00460DFE	DrawTargetCameraAttitudeIndicators	DrawTargetCameraAttitudeIndicators	WC2-only		wc2-only
src/logic.c	3995		004610BC	RestoreTargetCameraAttitudeIndicators	RestoreTargetCameraAttitudeIndicators	WC2-only		wc2-only
src/logic.c	4068		00461456	UpdateTargetCameraCockpitHook	UpdateTargetCameraCockpitHook	WC2-only		wc2-only
src/logic.c	4073		00461466	FinalizeTargetCameraViewHook	FinalizeTargetCameraViewHook	WC2-only		wc2-only
src/logic.c	4078		00469AD0	GetAvailableMainMemory	GetAvailableMainMemory	WC2-only		wc2-only
src/logic.c	4084		00469B49	GetLargestMainMemoryBlock	GetLargestMainMemoryBlock	WC2-only		wc2-only
src/main.c	29		00465780	SetPersonnelCursorPosition	SetPersonnelCursorPosition	WC2-only		wc2-only
src/main.c	37	0040F4B0	0046591A	RunGameApplication	GameFlow	WC1-callgraph-propagated		mapped
src/main.c	166	004279D0	00465CBC	free_view_buffer	free_view_buffer	WC1-manual-verified		mapped
src/main.c	175	00427A00	00465CF6	initialize_view_buffer	initialize_view_buffer	WC1-fuzzy-medium		mapped
src/main.c	190	00427A40	00465D55	dump_buffer_to_screen	dump_buffer_to_screen	WC1-fuzzy-very-low		mapped
src/main.c	225	00427B00	00465E88	clear_view_buffer	clear_view_buffer	WC1-fuzzy-followup		mapped
src/main.c	232	00427B20	00437CBF	InitializeConversationViewport	InitializeConversationViewport	WC1-fuzzy-followup		mapped
src/main.c	249	00427BA0	00437D68	ResetScreenClipToFullHeight	ResetScreenClipToFullHeight	WC1-fuzzy-followup		mapped
src/main.c	257	00427BC0	00437D92	InitializeConversationText	InitializeConversationText	WC1-fuzzy-low		mapped
src/main.c	275	00427C30	00465EA9	RefreshMemoryStatusOverlay	RefreshMemoryStatusOverlay	WC1-manual-verified		mapped
src/main.c	286	00427C50	00465EE9	Update_3Space	Update_3Space	WC1-callgraph-propagated	WC1-review-module-mismatch	mapped
src/main.c	301	00427C80	00465F3A	TriggerPlayerHitPaletteFlash	TriggerPlayerHitPaletteFlash	WC1-fuzzy-medium		mapped
src/main.c	308	00427CA0	00465F5B	FadeFlightPaletteEntry	FadeFlightPaletteEntry	WC1-manual-verified		mapped
src/main.c	319	00427CD0	00465FA3	UpdateSpacePaletteFade	UpdateSpacePaletteFade	WC1-fuzzy-followup		mapped
src/main.c	341	00427D40	0046604F	house_keep	house_keep	WC1-manual-verified		mapped
src/main.c	381	00427E40	004661C2	get_player_input	get_player_input	WC1-manual-verified		mapped
src/main.c	431	00427F20	004663A2	process_player_input	process_player_input	WC1-fuzzy-very-low		mapped
src/main.c	598	00428480	00466908	fire_players_lasers	fire_players_lasers	WC1-fuzzy-very-low		mapped
src/main.c	618	004284D0	0046696E	players_flight_dynamics	players_flight_dynamics	WC1-fuzzy-medium		mapped
src/main.c	655		00466AD2	IsInputEventQueued	IsInputEventQueued	WC2-only		wc2-only
src/main.c	664	004285D0	00466B02	player_input	player_input	WC1-fuzzy-followup		mapped
src/main.c	890	00428C90	00465E25	SelectNextExternalViewObject	SelectNextExternalViewObject	WC1-fuzzy-medium		mapped
src/main.c	906		0045E9F0	HandleFleetOverviewInput	HandleFleetOverviewInput	WC2-only		wc2-only
src/main.c	1143		0045F200	UpdateFleetOverviewCameraRotation	UpdateFleetOverviewCameraRotation	WC2-only		wc2-only
src/main.c	1200		0045F439	FireTargetCameraGuns	FireTargetCameraGuns	WC2-only		wc2-only
src/mathfp.c	11	00434CD0	004618E0	RandomBelow	DoLocalFn4CD0	WC1-fuzzy-medium		mapped
src/mathfp.c	17	00434CF0	004618FF	SeedRandomFromClock	DoLocalFn4CF0	WC1-auto-vt		mapped
src/mathfp.c	23		00461922	GetRandomWord	GetRandomWord	WC2-only		wc2-only
src/mathfp.c	29	00434D20	00461942	RandomInRange	RandomInRange	WC1-fuzzy-medium		mapped
src/mathfp.c	41	00434D50	004619A1	RandomBelowOrEqual	RandomBelowOrEqual	WC1-fuzzy-medium		mapped
src/mathfp.c	49	00434D80	004619E2	MultiplyFixed	MultiplyFixed	WC1-callgraph-propagated		mapped
src/mathfp.c	58	00434DB0	00461A2D	DivideFixed	DivideFixed	WC1-fuzzy-medium		mapped
src/mathfp.c	71	00434E00	00461A91	SinFixed	CalcVideoFn4E00	WC1-callgraph-propagated		mapped
src/mathfp.c	82	00434E30	00461AD6	CosFixed	CalcVideoFn4E30	WC1-callgraph-propagated		mapped
src/mathfp.c	93	00434E60	00461B1B	ArcSin	ArcSin	WC1-callgraph-propagated		mapped
src/mathfp.c	106	00434E90	00461B6B	ArcCos	ArcCos	WC1-callgraph-propagated		mapped
src/mathfp.c	119	00434EC0	00461BBB	Magnitude	Magnitude	WC1-callgraph-single-low		mapped
src/mathfp.c	132	00434EE0	00461C06	PlanarMagnitude	PlanarMagnitude	WC1-manual-verified		mapped
src/mathfp.c	143	00434F20	00461C71	Vector_magnitude	Vector_magnitude	WC1-callgraph-propagated		mapped
src/mathfp.c	156	00434F70	00461D02	SetTextCursor	SetTextCursor	WC1-manual-verified		mapped
src/mathfp.c	163	00434FA0	00461D29	SetTextContext	SetTextContext	WC1-manual-verified		mapped
src/mathfp.c	173	00434FB0	00461D68	WaitForVerticalBlankThunk	WaitForVerticalBlankThunk	WC1-manual-verified		mapped
src/mathfp.c	179	00434FC0	00461D7D	IdentityHandle	IdentityHandle	WC1-manual-verified		mapped
src/mathfp.c	185	00434FD0	00461D90	SetWholePaletteFromTriplets	CallThrough433060	WC1-callgraph-single		mapped
src/mathfp.c	193	00434FE0	00461DA7	ReadWord	DoLocalFn4FE0	WC1-callgraph-propagated		mapped
src/mathfp.c	199	00434FF0	00461DBD	GetFontCharWidth	UiRoutine09	WC1-callgraph-propagated		mapped
src/mathfp.c	205		00461DE0	ApplySpacePaletteModeHook	ApplySpacePaletteModeHook	WC2-only		wc2-only
src/mathfp.c	210	00435020	00461DF0	GetShapeFrameBounds	GetShapeFrameBounds	WC1-fuzzy-medium		mapped
src/mathfp.c	241	00435090	00461E97	IsPointInRect	DoLocalFn5090	WC1-order-exact		mapped
src/mathfp.c	250	004350D0	00461EFE	SplitPackedPoint	DoLocalFn50D0	WC1-order-exact		mapped
src/mathfp.c	256	004350F0	00461F22	DrawTextString	DrawTextString	WC1-fuzzy-high		mapped
src/mathfp.c	342	00435290	004621D5	DrawTextCharacter	DrawTextCharacter	WC1-fuzzy-followup		mapped
src/mathfp.c	372	00435310	004622BD	AppendTextCharacter	AppendTextCharacter	manual-verified		mapped
src/mathfp.c	381	00435340	004622EE	MeasureShapeFrameStorage	MeasureShapeFrameStorage	WC2-manual-verified		mapped
src/mathutil.c	9	0041D0C0	0040F040	MinShort	MinShort	WC1-manual-verified		mapped
src/mathutil.c	17		0040D6B0	ReleasePacketSlot	ReleasePacketSlot	WC2-only		wc2-only
src/mathutil.c	26	0041D0E0	0040F072	MaxShort	MaxShort	WC1-callgraph-propagated		mapped
src/mathutil.c	34	0041D100	0040F0A4	FreePacketAndClear	FreePacketAndClear	WC1-callgraph-propagated		mapped
src/mono.c	13	00403500	0045A04A	CloseDataFile	DoUiFn3500	WC1-auto-vt		mapped
src/mono.c	19	00403520	0045A06C	WriteDataFileAtOffset	WriteDataFileAtOffset	WC1-fuzzy-high		mapped
src/mono.c	37	004035C0	0045A12D	CreateDataFile	CreateDataFile	WC1-auto-vt		mapped
src/mono.c	62	00403610	0045A19B	ReadDataFileAtOffset	ReadDataFileAtOffset	WC1-fuzzy-high		mapped
src/mono.c	80	004036B0	0045A259	SeekDataFile	SeekDataFile	WC1-fuzzy-medium		mapped
src/mono.c	94	00403C40	00437760	SplitGameClockTicks	DoLocalFn3C40	WC1-fuzzy-low		mapped
src/mono.c	108	00403C90	004377F0	MonoDebug_install	MonoDebug_install	WC1-fuzzy-low		mapped
src/mono.c	138	00403D60	004378D9	MonoDebug_remove	MonoDebug_remove	WC1-callgraph-propagated		mapped
src/mono.c	147	00403DB0	00437946	SoundDebugPrintf	SoundDebugPrintf	WC1-manual-verified		mapped
src/mono.c	158	00403DE0	00437983	MonoDebug_print	MonoDebug_print	WC1-fuzzy-low		mapped
src/mono.c	170	00403E30	004379D4	ReadPerformanceCounter	QueryPerfCounterValue	WC1-callgraph-single-low		mapped
src/music.c	10		0044F332	LoadSpeechPacketIntoBuffer	LoadSpeechPacketIntoBuffer	WC2-only		wc2-only
src/music.c	28		0044F3A4	PlaySpeechPacketBuffer	PlaySpeechPacketBuffer	WC2-only		wc2-only
src/music.c	35		0044F52E	LoadAndPlaySpeechPacket	LoadAndPlaySpeechPacket	WC2-only		wc2-only
src/music.c	48		0044F84F	InitializeSpeechCache	InitializeSpeechCache	WC2-only		wc2-only
src/music.c	111		0044FA31	ShutdownSpeechCache	ShutdownSpeechCache	WC2-only		wc2-only
src/music.c	129	0042D270	0045A2C0	InitializeFireworks	InitializeFireworks	WC1-callgraph-single-low		mapped
src/music.c	138	0042D2A0	0045A300	TheEndFireWorks	TheEndFireWorks	WC1-fuzzy-very-low		mapped
src/music.c	167	0042D390	0045A441	InitializeConstellationField	InitializeConstellationField	WC1-fuzzy-followup		mapped
src/music.c	207		0045A5C7	IsConstellationParticleOutsideViewport	IsConstellationParticleOutsideViewport	WC2-only		wc2-only
src/music.c	220	0042D500	0045A634	DrawConstellationField	DrawConstellationField	WC1-callgraph-propagated		mapped
src/music.c	346	0042D730	0044F010	OpenPacketSection	OpenPacketSection	WC1-fuzzy-followup		mapped
src/music.c	403	0042D870	0044F1C7	CloseDataFileByHandle	CloseDataFileByHandle	WC1-fuzzy-followup		mapped
src/music.c	409	0042DB90	0043FAC0	show_target_disp	show_target_disp	WC1-fuzzy-very-low		mapped
src/music.c	530	0042DEA0	0043FF40	DrawTargetRangeReadout	DrawTargetRangeReadout	WC1-fuzzy-followup		mapped
src/music.c	598	0042E020	0045CA50	LogDisplayMode	LogDisplayMode	WC1-auto-vt		mapped
src/music.c	607	0042E050	0045CA80	CalcRectangleArea	CalcRectangleArea	WC1-fuzzy-followup		mapped
src/music.c	620	0042E090	0045CAD2	AllocateViewport	AllocateViewport	WC1-fuzzy-followup		mapped
src/music.c	669		0046505E	IsSpriteFrameOverlappingRect	IsSpriteFrameOverlappingRect	WC2-only		wc2-only
src/music.c	711		00452450	KeyboardMousePump	KeyboardMousePump	WC2-only		wc2-only
src/music.c	838	0042E320	00452AE5	FadeMusic	FadeMusic	WC1-manual-verified		mapped
src/music.c	843	0042E330	00452A1B	SetMusicOn	SetMusicOn	WC2-manual-verified		mapped
src/music.c	848		00452A00	StopMusicStream	StopMusicStream	WC2-only		wc2-only
src/music.c	854	0042E350	00452A26	StopMusic	StopMusic	WC1-callgraph-propagated		mapped
src/music.c	861		00452A40	StartMusic	StartMusic	WC2-only		wc2-only
src/music.c	871		00452A64	StartInteractiveMusic	StartInteractiveMusic	WC2-only		wc2-only
src/music.c	879	0042E380	00452A10	SetMusBreakpt	SetMusBreakpt	WC1-manual-verified		mapped
src/music.c	884	0042E390	00452A99	PaletteFadeHook	PaletteFadeHook	WC1-manual-verified		mapped
src/music.c	890	0042E3A0	00452AAB	FlushSoundEffect	DoLocalFnE3A0	WC1-fuzzy-very-low		mapped
src/music.c	897	0042E3C0	00452AC8	FlushSoundEffects	FlushSoundEffects	WC1-manual-verified		mapped
src/music.c	904	0042E3E0	00452AF0	SceneLeaveHook	GameNoBodyStubv9	WC1-callgraph-single-low		mapped
src/music.c	909		00402258	RecordMusicCommandHook	RecordMusicCommandHook	WC2-only		wc2-only
src/music.c	914	0042E6F0	00452B03	ProcessMusicScriptCommand	ProcessMusicScriptCommand	WC1-manual-verified		mapped
src/music.c	985	0042E880	00452CF4	spacetrack	spacetrack	WC1-fuzzy-very-low		mapped
src/music.c	993	0042E8B0	00452D32	StopMusicUnlessSuppressed	SoundG0046a9f8FnE8B0	WC1-fuzzy-low		mapped
src/music.c	1001	0042E8D0	00452D66	IsMusicTrackComplete	IsMusicTrackComplete	WC1-order-semantics-verified		mapped
src/music.c	1011	0042E900	00452DB0	wait_for_end_of_music	wait_for_end_of_music	WC1-fuzzy-low		mapped
src/music.c	1031	0042E9E0	00452E46	new_space_music_changes	GetTbl0059d650FnE9E0	WC1-fuzzy-low		mapped
src/music.c	1068	0042EAD0	00452F90	changetrack	changetrack	WC1-fuzzy-very-low		mapped
src/music.c	1100	0042EB60	00453085	gametrack	gametrack	WC1-fuzzy-followup		mapped
src/music.c	1146	0042ECB0	00453240	servicetrack	servicetrack	WC1-fuzzy-very-low		mapped
src/music.c	1210	0042EE80	00453496	ResetSoundState	ResetSoundState	WC1-order-callgraph-verified		mapped
src/music.c	1218	0042EEA0	004534BA	ResetSoundStateForScene	ResetSoundStateForScene	WC1-order-callgraph-verified		mapped
src/music.c	1225	0042EEB0	004534D3	ResetSoundStateForFlight	ResetSoundStateForFlight	WC1-order-callgraph-verified		mapped
src/music.c	1230	0042EEE0	004534FC	EnableMusicForScene	EnableMusicForScene	WC1-order-callgraph-verified		mapped
src/music.c	1237		0045351A	LogUnknownSoundEffect	LogUnknownSoundEffect	WC2-only		wc2-only
src/music.c	1246	0042EF10	0045357E	FlushSoundEffectsAndLog	FlushSoundEffectsAndLog	WC1-callgraph-propagated		mapped
src/music.c	1254	0042EF20	004535BB	sound_effect	sound_effect	WC1-order-exact		mapped
src/music.c	1269	0042EF30	0045373B	PlaySfxWaveFileByNumber	PlaySfxWaveFileByNumber	WC1-fuzzy-followup		mapped
src/nav.c	144	0040D090	00450136	NavMapPointInsideReservedArea	NavMapPointInsideReservedArea	WC2-manual-verified		mapped
src/nav.c	153	0040D0E0	004501B2	NavMapLabelFits	NavMapLabelFits	WC1-fuzzy-medium		mapped
src/nav.c	159	0040D120	00450210	NavMapLabelPositionAvailable	NavMapLabelPositionAvailable	WC1-fuzzy-followup		mapped
src/nav.c	189	0040D1D0	00450329	ResetNavMapReservedAreas	ResetNavMapReservedAreas	WC1-manual-verified		mapped
src/nav.c	195	0040D1E0	0045033D	ReserveNavMapArea	ReserveNavMapArea	WC1-order-exact		mapped
src/nav.c	209	0040D240	004503A7	ResetNavMapLabels	ResetNavMapLabels	WC1-manual-verified		mapped
src/nav.c	215	0040D250	004503BB	TryPlaceNavMapLabel	TryPlaceNavMapLabel	WC1-fuzzy-followup		mapped
src/nav.c	232	0040D2C0	00450458	PlaceNavMapLabel	PlaceNavMapLabel	WC1-fuzzy-low		mapped
src/nav.c	269		00450CF8	IsObjectiveInDisplayedSystem	IsObjectiveInDisplayedSystem	WC2-only		wc2-only
src/nav.c	295		00450623	ObjectivesShareNavLabel	ObjectivesShareNavLabel	WC2-only		wc2-only
src/nav.c	321	0040D410	004506F8	AddUniqueObjectiveNavLabel	AddUniqueObjectiveNavLabel	WC1-fuzzy-very-low		mapped
src/nav.c	344	0040D490	004507DA	IsPointInNavMapLabel	IsPointInNavMapLabel	WC1-callgraph-single-low		mapped
src/nav.c	358	0040D540	0045087F	DrawNavMapLabels	DrawNavMapLabels	WC1-fuzzy-very-low		mapped
src/nav.c	374	0040D5A0	00450900	DrawNavRectangleMarker	DrawNavRectangleMarker	WC1-fuzzy-low		mapped
src/nav.c	392	0040D640	004509C9	DrawNavSquareOutline	DrawNavSquareOutline	WC1-manual-verified		mapped
src/nav.c	401	0040D680	00450A12	DrawNavSquareMarker	DrawNavSquareMarker	WC1-fuzzy-medium		mapped
src/nav.c	427	0040D740	00450B03	DrawNavTriangleOutline	DrawNavTriangleOutline	WC1-manual-verified		mapped
src/nav.c	439	0040D7D0	00450BBA	DrawNavTriangleMarker	DrawNavTriangleMarker	WC1-fuzzy-low		mapped
src/nav.c	453	0040D830	00450C2A	DrawNavCrossMarker	DrawNavCrossMarker	WC1-fuzzy-low		mapped
src/nav.c	472	0040D8C0	00450DF6	SetScreenClipRect	DoUiFnD8C0	WC1-fuzzy-low		mapped
src/nav.c	479	0040D8F0	00450E1E	DrawNavHazardMarker	DrawNavHazardMarker	WC1-fuzzy-low		mapped
src/nav.c	494	0040D980	00450E98	DrawNavPlayerMarker	DrawNavPlayerMarker	WC1-manual-verified		mapped
src/nav.c	509		00450F1E	DrawNavMapBriefingBeacons	DrawNavMapBriefingBeacons	WC2-only		wc2-only
src/nav.c	535	0040DA00	00450FE2	BuildMap	BuildMap	WC1-fuzzy-followup		mapped
src/nav.c	664	0040DDA0	0045153A	UpdateInflightNavText	DrawStandardTimeReadout	WC1-fuzzy-medium		mapped
src/nav.c	696	0040DE70	00451637	FormatNavCoordinates	DoLocalFnDE70	WC1-callgraph-single-low		mapped
src/nav.c	708	0040DEA0	00451673	DrawSelectedNavLegendEntry	DrawSelectedNavLegendEntry	WC1-manual-verified		mapped
src/nav.c	718	0040DEE0	004516C0	DrawNavMapLegend	DrawNavMapLegend	WC1-fuzzy-low		mapped
src/nav.c	737	0040DF50	00451756	nav_note	nav_note	WC1-callgraph-single		mapped
src/nav.c	749	0040DF70	0045180F	DrawNavLocationReadout	DrawNavLocationReadout	WC1-fuzzy-followup		mapped
src/nav.c	817	0040E190	00451AD3	BriefingMap_LoadShapes	BriefingMap_LoadShapes	WC1-fuzzy-followup		mapped
src/nav.c	834	0040E210	00451B70	BriefingMap_DisplayMap	BriefingMap_DisplayMap	WC1-fuzzy-very-low		mapped
src/nav.c	860	0040E2B0	00451C5C	SelectNavObjectiveAtPoint	ScanTbl0059c000FnE2B0	WC1-fuzzy-very-low		mapped
src/nav.c	902	0040E3C0	00451DDB	CentreMouseOnCurrentNavObjective	GetTbl0059c000FnE3C0	WC1-fuzzy-followup		mapped
src/nav.c	921	0040E430	00451E57	ShowConfedNavScan	ShowConfedNavScan	WC1-fuzzy-very-low		mapped
src/nav.c	933		00451EC9	FollowSelectedObjectiveSystem	FollowSelectedObjectiveSystem	WC2-only		wc2-only
src/nav.c	963	0040E480	00451FAA	InflightComputer	BlitUiFnE480	WC1-callgraph-propagated		mapped
src/nav.c	1108		004207B0	MergeAdjacentNearHeapBlocks	MergeAdjacentNearHeapBlocks	WC2-only		wc2-only
src/nav.c	1132	0040E900	00420874	ReleaseNearHeapBlock	ReleaseNearHeapBlock	WC1-callgraph-propagated		mapped
src/nav.c	1150	0040E950	004208FC	PurgeNearHeapBlocks	PurgeNearHeapBlocks	WC1-fuzzy-low		mapped
src/nav.c	1181	0040E9E0	004209C2	InitializeNearHeap	InitializeNearHeap	WC1-fuzzy-low		mapped
src/nav.c	1230		00420B12	ShutdownNearHeap	ShutdownNearHeap	WC2-only		wc2-only
src/nav.c	1247	0040EB70	00420B88	AllocateNearHeapBlockFromEnd	AllocateNearHeapBlockFromEnd	WC1-fuzzy-low		mapped
src/nav.c	1415	0040ED30	00420E16	AllocateNearHeapBlockByFlags	AllocateNearHeapBlockByFlags	WC1-fuzzy-low		mapped
src/nav.c	1508		0042BDFE	WriteMemoryStateReportHook	WriteMemoryStateReportHook	WC2-only		wc2-only
src/nav.c	1513		0042BE09	LogMemoryStateToFile	LogMemoryStateToFile	WC2-only		wc2-only
src/nav.c	1528		0042BE4B	WriteDetailedMemoryStateReport	WriteDetailedMemoryStateReport	WC2-only		wc2-only
src/nav.c	1559		004651B7	GetViewportIntersection	GetViewportIntersection	WC2-only		wc2-only
src/nav.c	1667	0040F940	004471B0	free_viewport	free_viewport	WC1-fuzzy-medium		mapped
src/nav.c	1707		00407E40	Title_Sequence	Title_Sequence	WC2-only		wc2-only
src/nav.c	1774		0040809D	DrawTitleSky	DrawTitleSky	WC2-only		wc2-only
src/nav.c	1783		004080DF	DrawTitleOrchestra	DrawTitleOrchestra	WC2-only		wc2-only
src/nav.c	1800		0040815F	AnimateTitleOrchestra	AnimateTitleOrchestra	WC2-only		wc2-only
src/nav.c	1875		004083E6	PlayTitleConductorCue	PlayTitleConductorCue	WC2-only		wc2-only
src/nav.c	1994		004087FF	DrawScaledTitleLogo	DrawScaledTitleLogo	WC2-only		wc2-only
src/nav.c	2011		004088A9	PushTitleOrchestraAway	PushTitleOrchestraAway	WC2-only		wc2-only
src/nav.c	2064		00408A88	RevealTitleLogo	RevealTitleLogo	WC2-only		wc2-only
src/nav.c	2141		00408CC8	ShowVictoryScreen	ShowVictoryScreen	WC2-only		wc2-only
src/personnel.c	24		00428C35	GetLegacyGameDataPath	GetLegacyGameDataPath	WC2-only		wc2-only
src/personnel.c	64		00433AD0	PollPersonnelMenuInput	PollPersonnelMenuInput	WC2-only		wc2-only
src/personnel.c	120		00433C84	InitializeCampaignChalkboardScreen	InitializeCampaignChalkboardScreen	WC2-only		wc2-only
src/personnel.c	185		00433E8C	RefreshCampaignChalkboardScreen	RefreshCampaignChalkboardScreen	WC2-only		wc2-only
src/personnel.c	201		00433ED7	DrawCampaignChalkboardFrame	DrawCampaignChalkboardFrame	WC2-only		wc2-only
src/personnel.c	225	00437B80	00433F94	DrawPersonnelMenuBackdrop	Dismissed	WC1-callgraph-propagated		mapped
src/personnel.c	254	0041D6C0	004342E8	OpenDiskDataFile	OpenDiskDataFile	WC1-callgraph-propagated		mapped
src/personnel.c	316		0043456E	RestorePersonnelMenuBackground	RestorePersonnelMenuBackground	WC2-only		wc2-only
src/personnel.c	326		004345A1	DrawPilotSaveMenuChoices	DrawPilotSaveMenuChoices	WC2-only		wc2-only
src/personnel.c	369	0041B550	004346E9	DrawPersonnelSourceChoices	WarnLoadGameFirst	WC1-callgraph-propagated		mapped
src/personnel.c	401	00426660	004347D6	DrawPersonnelMenuChoices	InitializeTrainSimTextPanel	WC1-callgraph-propagated		mapped
src/personnel.c	433	00426600	004348C3	DrawPersonnelFileSlot	DrawPersonnelFileSlot	WC2-manual-verified		mapped
src/personnel.c	481		00434ACE	HighlightPersonnelFileSlot	HighlightPersonnelFileSlot	WC2-only		wc2-only
src/personnel.c	515		00434BB5	SelectPersonnelFileSlot	SelectPersonnelFileSlot	WC2-only		wc2-only
src/personnel.c	607	00429E90	00434EBC	DrawTransferredPilotRow	DrawArcadeScorePanel	WC1-callgraph-single-low		mapped
src/personnel.c	622	0041BF10	00434F7D	HighlightTransferredPilot	ConfirmQuitWingCommander	WC1-callgraph-propagated		mapped
src/personnel.c	656		00435064	SelectTransferredPilot	SelectTransferredPilot	WC2-only		wc2-only
src/personnel.c	758		004353D4	RunPilotSaveLoadMenu	RunPilotSaveLoadMenu	WC2-only		wc2-only
src/personnel.c	1147	0041BFE0	0043641C	SelectLegacyGameSource	ConfirmReplaceFaultyData	WC1-callgraph-propagated		mapped
src/personnel.c	1240	0041BF60	00436722	LocateLegacySaveGame	ConfirmAwakenAfterBadData	WC1-callgraph-propagated		mapped
src/personnel.c	1317		00436A4D	ShowNoTransferablePilots	ShowNoTransferablePilots	WC2-only		wc2-only
src/personnel.c	1328		00436A8F	RunPilotDatabaseMenu	RunPilotDatabaseMenu	WC2-only		wc2-only
src/personnel.c	1666	00404610	00459BC8	ReadPersonnelTextField	LoadPaletteTripletsFile	WC1-fuzzy-very-low		mapped
src/pilot.cpp	10	00425AF0	004333F8	MapCutsceneSoundEffectNumber	GameNoBodyStubv3	WC1-callgraph-single-low		mapped
src/pilot.cpp	16	00425B00	0040FCD0	CreateDebugOverlayConsole	CreateDebugOverlayConsole	WC1-fuzzy-medium		mapped
src/pilot.cpp	24	00425B90	0040FD73	DestroyGlobalDebugOverlayConsole	DestroyGlobalDebugOverlayConsole	WC1-order-exact		mapped
src/pilot.cpp	38	00425BB0	0040FDAD	SystemDebugPrintf	SystemDebugPrintf	WC1-callgraph-transfer		mapped
src/pilot.cpp	54	00425BC0	0040FE23	PumpMessagesDuringWait	GetG004763f0Fn5BC0	WC1-callgraph-transfer		mapped
src/pilot.cpp	60	00425BD0	0040FE3E	TakeDebugStepFlag	GetDebugFn5BD0	WC1-order-exact		mapped
src/pilot.cpp	66	00425BE0	0040FE59	SetDebugTextPosition	SetDebugTextPosition	WC1-order-exact		mapped
src/pilot.cpp	72	00425BF0	0040FE7E	SetDebugCursorPosition	SetDebugCursorPosition	WC1-order-exact		mapped
src/pilot.cpp	78	00425C00	0040FEA3	ResetDebugOverlay	ResetDebugOverlay	WC1-order-exact		mapped
src/pilot.cpp	84	00425C10	0040FEBE	ClearDebugOverlay	ClearDebugOverlay	WC1-order-exact		mapped
src/pilot.cpp	90	00425C20	0040FED9	ClearDebugPauseFlags	SetDebugFn5C20	WC1-callgraph-transfer		mapped
src/pilot.cpp	96		0040FF40	DebugOverlayConsole::SetTextPosition	DebugOverlayConsole::SetTextPosition	WC2-only		wc2-only
src/pilot.cpp	103		0040FF70	DebugOverlayConsole::SetCursorPosition	DebugOverlayConsole::SetCursorPosition	WC2-only		wc2-only
src/pilot.cpp	109		0040FFA0	DebugOverlayConsole::Reset	DebugOverlayConsole::Reset	WC2-only		wc2-only
src/pilot.cpp	115		0040FFC0	DebugOverlayConsole::TakeStepFlag	DebugOverlayConsole::TakeStepFlag	WC2-only		wc2-only
src/pilot.cpp	125		0040FFF0	DebugOverlayConsole::ClearPauseFlags	DebugOverlayConsole::ClearPauseFlags	WC2-only		wc2-only
src/pload.c	11		00446560	LoadGraphicsDriver	LoadGraphicsDriver	WC2-only		wc2-only
src/pload.c	18	00403E40	00446580	ResetStringBuilder	ResetStringBuilder	WC2-manual-verified		mapped
src/pload.c	25	0042B050	004465A0	PacketLoad	PacketLoad	WC1-fuzzy-followup		mapped
src/pload.c	141	0042B160	00423CA0	InitializeAudioSystem	InitializeAudioSystem	WC1-fuzzy-followup		mapped
src/pload.c	153	0042B1B0	00423D02	ServiceAudioStream	GetAudioStreamFnB1B0	WC1-auto-vt		mapped
src/pload.c	168	0042B1F0	00423D4F	AllocateWaveTableEntry	AllocateWaveTableEntry	WC1-fuzzy-medium		mapped
src/pload.c	184	0042B240	00423DBB	FindWaveTableEntryByName	FindWaveTableEntryByName	WC1-order-exact		mapped
src/pload.c	197	0042B290	00423E12	RemoveWaveTableEntry	RemoveWaveTableEntry	WC1-manual-verified		mapped
src/pload.c	219	0042B300	00423ED1	FreeWaveTable	LoopAudioStreamFnB300	WC1-callgraph-transfer		mapped
src/pload.c	237	0042B340	00423F3F	AllocateActiveSoundEntry	AllocateActiveSoundEntry	WC1-fuzzy-medium	WC1-review-module-mismatch	mapped
src/pload.c	253	0042B390	00423FAB	RemoveActiveSoundEntry	RemoveActiveSoundEntry	WC1-callgraph-single-low		mapped
src/pload.c	274	0042B3F0	0042405E	FindActiveSoundEntryBySample	FindActiveSoundEntryBySample	WC2-manual-verified		mapped
src/screen.c	9	0042EFC0	00421910	cleanup_objectives	ScanTbl0046c97aFnEFC0	WC1-fuzzy-followup		mapped
src/screen.c	74	0042F1F0	00421BC6	IsShipRouting	IsShipRouting	manual-verified		mapped
src/screen.c	80	0042F210	00421BFC	SendWingmanCommandAcknowledgement	SendWingmanCommandAcknowledgement	manual-verified		mapped
src/screen.c	90	0042F240	00421C35	disobey_formation	disobey_formation	WC1-callgraph-propagated		mapped
src/screen.c	108	0042F270	00421CF6	IsEngagementTargetDisallowed	IsEngagementTargetDisallowed	manual-verified		mapped
src/screen.c	118	0042F2B0	00421D59	CanPlayerLand	CanPlayerLand	manual-verified		mapped
src/screen.c	142	0042F350	00421E6D	ShouldWingmanAcceptRoutCommand	ShouldWingmanAcceptRoutCommand	manual-verified		mapped
src/screen.c	163	0042F3F0	00421F86	request	ScanTbl0059ce60FnF3F0	WC1-callgraph-propagated		mapped
src/screen.c	331	0042F740	0040FB80	InitializeDIBScreenViewport	InitializeDIBScreenViewport	WC1-fuzzy-followup		mapped
src/screen.c	362	0042F7E0	0040FC7E	InitFullScreenViewport	DoUiFnF7E0	WC1-callgraph-single		mapped
src/screen.c	374	0042F810	00453A70	GetPacketSize	GetPacketSize	WC1-callgraph-propagated		mapped
src/screen.c	400	0042F890	00421144	GetNearHeapBlockSize	GetFreeNearHeapBytes	WC1-callgraph-single-low		mapped
src/screen.c	429	0042F940	00458E20	IsSoundHardwarePresent	DoLocalFnF940	WC1-callgraph-single-low		mapped
src/screen.c	436	0042F950	00458E39	MessagePumpHook	MessagePumpHook	WC1-manual-verified		mapped
src/screen.c	442	0042F960	00458E49	PushMemoryStackFrame	PushMemoryStackFrame	WC1-fuzzy-medium		mapped
src/screen.c	465	0042F9E0	00458EED	IsPushedPacketHandle	IsPushedPacketHandle	WC1-callgraph-single		mapped
src/screen.c	480	0042FA20	00458F5A	MapPacketHandleToBlock	MapPacketHandleToBlock	WC1-order-exact		mapped
src/screen.c	509	0042FA90	0045901D	AllocateTaggedMemory	AllocateTaggedMemory	WC1-fuzzy-followup		mapped
src/screen.c	543	0042FAE0	00459082	ReleasePacketHandle	ReleasePacketHandle	WC1-order-exact		mapped
src/screen.c	564	0042FB20	00459134	GetAvailableFarMemoryByType	GetAvailableFarMemoryByType	WC1-order-exact		mapped
src/screen.c	574	0042FB30	00459149	GetLargestFreeMemoryBlockByType	GetLargestFreeMemoryBlockByType	WC1-order-exact		mapped
src/screen.c	585	004304F0	00429261	RunCampaignScript	RunCampaignScript	WC2-manual-verified		mapped
src/screen.c	642	00430710	00421210	UpdateInputDeviceTransitions	UpdateInputDeviceTransitions	WC1-manual-verified		mapped
src/screen.c	697	00430840	00421409	PollJoystickButtonEvents	PollJoystickButtonEvents	WC1-fuzzy-very-low		mapped
src/screen.c	738	00430920	00421530	PollMenuInputDevices	PollMenuInputDevices	WC1-fuzzy-low		mapped
src/screen.c	860	00430C50	00447369	ResetCommMenuChoices	ResetCommMenuChoices	WC2-manual-verified		mapped
src/screen.c	875	00430CA0	004473D1	IsCommMenuIdle	IsCommMenuIdle	WC1-callgraph-single-low		mapped
src/screen.c	881	00430CB0	004473FC	AppendCommMenuChoice	AppendCommMenuChoice	WC1-order-exact		mapped
src/screen.c	897	00430D30	00447479	SendCommMenuChoice	SendCommMenuChoice	WC1-order-exact		mapped
src/screen.c	906	00430D50	004474CA	OpenCommMenuForTarget	OpenCommMenuForTarget	WC1-fuzzy-low		mapped
src/screen.c	913	00430D80	004474F4	IsCommChoiceMenuOpen	IsCommChoiceMenuOpen	WC1-manual-verified		mapped
src/screen.c	919	00430DC0	00447526	OpenCommRecipientMenu	OpenCommRecipientMenu	WC1-fuzzy-very-low		mapped
src/screen.c	926	00430DE0	00447544	CloseCommChoiceMenu	CloseCommChoiceMenu	WC1-manual-verified		mapped
src/screen.c	933	00430E10	0044756F	wingman_dead	wingman_dead	WC1-callgraph-propagated		mapped
src/screen.c	939	00430E30	0044759B	have_target	have_target	WC1-manual-verified		mapped
src/screen.c	945	00430E50	004475D3	CanOpenCommMenu	CanOpenCommMenu	WC1-callgraph-single		mapped
src/screen.c	951	00430E70	0044760F	SelectCommRecipient	SelectCommRecipient	WC1-manual-verified		mapped
src/screen.c	958	00430E90	00447629	BuildCommunicationRecipientMenu	BuildCommunicationRecipientMenu	WC1-fuzzy-followup		mapped
src/screen.c	1023	00430FC0	00447890	BuildCommunicationCommandMenu	BuildCommunicationCommandMenu	WC1-fuzzy-followup		mapped
src/screen.c	1157	00431200	00447D85	RefreshCommunicationMenu	RefreshCommunicationMenu	WC1-fuzzy-low		mapped
src/screen.c	1170	00431240	00447DE3	HandleCommunicationMenuRequest	HandleCommunicationMenuRequest	WC1-fuzzy-low		mapped
src/screen.c	1183	00431290	00447E47	show_communications_disp	show_communications_disp	WC1-fuzzy-very-low		mapped
src/screen.c	1222	00431350	00447EF5	Chosen_communicate_option	Chosen_communicate_option	WC1-callgraph-propagated		mapped
src/screen.c	1254	00431400	00448008	IssueQuickCommCommand	IssueQuickCommCommand	manual-verified		mapped
src/screen.c	1263	00431410	0044804A	FreeCommDisplayResources	FreeCommDisplayResources	WC1-order-exact		mapped
src/screen.c	1271	00431470	00448070	EndCommSessionWithWingman	EndCommSessionWithWingman	WC1-fuzzy-low		mapped
src/screen.c	1282	004314C0	004480C6	EndCommMenu	EndCommMenu	WC1-fuzzy-low		mapped
src/screen.c	1292	004314F0	00448100	ShowCentredPrompt	ShowCentredPrompt	WC1-fuzzy-followup		mapped
src/screen.c	1300	00431520	00447300	LoadCommPortraitResources	LoadCommPortraitResources	WC1-manual-verified		mapped
src/screen.c	1314	004315C0	00448136	ExpandCommMessageTokens	DispatchUiFn15C0	WC1-fuzzy-very-low		mapped
src/screen.c	1358	004316E0	004482CA	real_vid_transmit	DrawTbl0059d650Fn16E0	WC1-fuzzy-followup		mapped
src/screen.c	1431		00401859	ReserveContiguousPaletteEntries	ReserveContiguousPaletteEntries	WC2-only		wc2-only
src/screen.c	1458		00401922	ReleaseContiguousPaletteEntries	ReleaseContiguousPaletteEntries	WC2-only		wc2-only
src/screen.c	1469		00401840	ConfigureDefaultSpacePalette	ConfigureDefaultSpacePalette	WC2-only		wc2-only
src/screen.c	1477	004319B0	00401978	PrintPaletteAllocationMap	PrintPaletteAllocationMap	WC1-fuzzy-medium		mapped
src/screen.c	1495	00431A10	00423480	LoadJoystickCalibrationFile	LoadJoystickCalibrationFile	WC1-fuzzy-high		mapped
src/screen.c	1623	00431D20	004238E9	ReadCalibratedJoystick	ReadCalibratedJoystick	WC1-fuzzy-very-low		mapped
src/screen.c	1717	00431F00	0045CD2C	ThrottleFrameAndDrawFps	ThrottleFrameAndDrawFps	WC1-fuzzy-very-low		mapped
src/screens.c	29		0042BDDB	HasCutsceneMusicNode	HasCutsceneMusicNode	WC2-only		wc2-only
src/screens.c	35		0042BF0C	LogChangedCutsceneWorkBuffers	LogChangedCutsceneWorkBuffers	WC2-only		wc2-only
src/screens.c	64		0042BFB8	RouteCutsceneViewportToDisplay	RouteCutsceneViewportToDisplay	WC2-only		wc2-only
src/screens.c	84		0042C04B	ClearActiveCutscenePixelAlias	ClearActiveCutscenePixelAlias	WC2-only		wc2-only
src/screens.c	98		0042C0A2	IsCutsceneSpeechLoaded	IsCutsceneSpeechLoaded	WC2-only		wc2-only
src/screens.c	110		0042C373	LoadCutsceneCockpitOverlay	LoadCutsceneCockpitOverlay	WC2-only		wc2-only
src/screens.c	120		0042C3A7	DrawCutsceneCockpitOverlay	DrawCutsceneCockpitOverlay	WC2-only		wc2-only
src/screens.c	144		0042C43D	RunCutsceneWipeTransition	RunCutsceneWipeTransition	WC2-only		wc2-only
src/screens.c	187		0042C5A2	WaitForCutsceneInputEvent	WaitForCutsceneInputEvent	WC2-only		wc2-only
src/screens.c	200		0042C607	FindActiveCutsceneFileResources	FindActiveCutsceneFileResources	WC2-only		wc2-only
src/screens.c	213		0042C659	FindActiveCutsceneObjectResources	FindActiveCutsceneObjectResources	WC2-only		wc2-only
src/screens.c	226		0042C6AC	RemoveCutsceneMemberIndex	RemoveCutsceneMemberIndex	WC2-only		wc2-only
src/screens.c	241		0042C725	FatalCutsceneError	FatalCutsceneError	WC2-only		wc2-only
src/screens.c	252		0042C75D	ResetCutsceneSpriteDrawTicks	ResetCutsceneSpriteDrawTicks	WC2-only		wc2-only
src/screens.c	264		0042C7BC	PresentCutsceneFrame	PresentCutsceneFrame	WC2-only		wc2-only
src/screens.c	299		0042C8E1	ConsumeCutscenePalettePacket	ConsumeCutscenePalettePacket	WC2-only		wc2-only
src/screens.c	336		0042CB08	ReleaseCutsceneSoundEffects	ReleaseCutsceneSoundEffects	WC2-only		wc2-only
src/screens.c	380		0042CC42	LoadCutsceneSpeechSlot	LoadCutsceneSpeechSlot	WC2-only		wc2-only
src/screens.c	420		0042C0F1	DrawCutsceneTextAt	DrawCutsceneTextAt	WC2-only		wc2-only
src/screens.c	501		0042BB70	AnimateCutsceneSpeakerMouth	AnimateCutsceneSpeakerMouth	WC2-only		wc2-only
src/screens.c	618		0042CFDB	ReleaseCutsceneMusicNodes	ReleaseCutsceneMusicNodes	WC2-only		wc2-only
src/screens.c	661		0042D181	FindLoadedCutsceneMusic	FindLoadedCutsceneMusic	WC2-only		wc2-only
src/screens.c	679		0042D227	InitializeCutsceneRuntimeResources	InitializeCutsceneRuntimeResources	WC2-only		wc2-only
src/screens.c	744		0042D444	InitializeCutsceneViewports	InitializeCutsceneViewports	WC2-only		wc2-only
src/screens.c	765		0042D4FA	ReleaseCutsceneSpeechPackets	ReleaseCutsceneSpeechPackets	WC2-only		wc2-only
src/screens.c	778	00436E30	0042D568	RunLoadedCutscene	RunLoadedCutscene	WC2-manual-verified		mapped
src/screens.c	888		0042D81C	ExecuteCutsceneScene	ExecuteCutsceneScene	WC2-only		wc2-only
src/screens.c	915		0042D8E2	CopyCutsceneSpriteDisplay	CopyCutsceneSpriteDisplay	WC2-only		wc2-only
src/screens.c	938		0042D98C	LinkCutsceneSpriteScript	LinkCutsceneSpriteScript	WC2-only		wc2-only
src/screens.c	960		0042DA25	DrawCutsceneSprite	DrawCutsceneSprite	WC2-only		wc2-only
src/screens.c	1051		0042DD9F	DrawCutscenePlane	DrawCutscenePlane	WC2-only		wc2-only
src/screens.c	1070		0042DE62	ClearCutsceneViewport	ClearCutsceneViewport	WC2-only		wc2-only
src/screens.c	1078		0042DE9D	RestoreCutsceneTextBacking	RestoreCutsceneTextBacking	WC2-only		wc2-only
src/screens.c	1099		0042DF32	ClearCutsceneTextViewport	ClearCutsceneTextViewport	WC2-only		wc2-only
src/screens.c	1110		0042DF80	ExpandCutsceneText	ExpandCutsceneText	WC2-only		wc2-only
src/screens.c	1159		0042E12A	ExecuteCutsceneSequence	ExecuteCutsceneSequence	WC2-only		wc2-only
src/screens.c	1244		0042E3CF	UpdateCutscenePlaneObject	UpdateCutscenePlaneObject	WC2-only		wc2-only
src/screens.c	1286		0042E553	UpdateCutsceneSpriteObject	UpdateCutsceneSpriteObject	WC2-only		wc2-only
src/screens.c	1322		0042E692	DispatchCutsceneSpriteHandler	DispatchCutsceneSpriteHandler	WC2-only		wc2-only
src/screens.c	1342		0042EBD0	ReleaseActiveCutscenePacket	ReleaseActiveCutscenePacket	WC2-only		wc2-only
src/screens.c	1370		0042EC7F	ReleaseCutsceneFontPacket	ReleaseCutsceneFontPacket	WC2-only		wc2-only
src/screens.c	1385		0042EE4F	AllocateCutsceneViewportOrFatal	AllocateCutsceneViewportOrFatal	WC2-only		wc2-only
src/screens.c	1393		0042EE86	ReleaseCutsceneViewport	ReleaseCutsceneViewport	WC2-only		wc2-only
src/screens.c	1417		0042EF12	DrawCinematicMemoryStatus	DrawCinematicMemoryStatus	WC2-only		wc2-only
src/screens.c	1470		0042F0B3	FormatCinematicMemoryStatus	FormatCinematicMemoryStatus	WC2-only		wc2-only
src/screens.c	1482		0042F100	ReportCutscenePacketAllocationFailure	ReportCutscenePacketAllocationFailure	WC2-only		wc2-only
src/screens.c	1494		0042F135	PopCutsceneScriptValue	PopCutsceneScriptValue	WC2-only		wc2-only
src/screens.c	1511		0042F19A	PushCutsceneScriptValue	PushCutsceneScriptValue	WC2-only		wc2-only
src/screens.c	1529		0042F1FD	RunCutsceneScript	RunCutsceneScript	WC2-only		wc2-only
src/screens.c	3200		00432F2A	LoadCachedCutsceneResource	LoadCachedCutsceneResource	WC2-only		wc2-only
src/screens.c	3283		00433269	ReleaseCutsceneSpriteShape	ReleaseCutsceneSpriteShape	WC2-only		wc2-only
src/screens.c	3309		00433328	ReleaseLoadedCutsceneResource	ReleaseLoadedCutsceneResource	WC2-only		wc2-only
src/screens.c	3333		00434177	HasSavedPilotCampaign	HasSavedPilotCampaign	WC2-only		wc2-only
src/screens.c	3368	00439150	004021A7	RecordCannedSceneBriefingCharacter	DrawBriefingCharacter	WC1-fuzzy-very-low		mapped
src/screens.c	3397		0042E6EB	InitializeSceneFlicStream	InitializeSceneFlicStream	WC2-only		wc2-only
src/screens.c	3412		0042E762	ReleaseSceneFlicPackets	ReleaseSceneFlicPackets	WC2-only		wc2-only
src/screens.c	3441		0042E868	AdvanceSceneFlicStream	AdvanceSceneFlicStream	WC2-only		wc2-only
src/screens.c	3551	00439400	00423C60	SetViewportRect	SetViewportRect	WC2-manual-verified		mapped
src/screens.c	3564	00439430	00433410	PanToScreen	PanToScreen	WC1-fuzzy-very-low		mapped
src/screens.c	3631	00439660	004697A0	death_sequence	death_sequence	WC1-callgraph-propagated	WC1-review-module-mismatch	mapped
src/screens.c	3731	00439C3E	0040243C	CopyRasterDriverName	CopyRasterDriverName	WC1-fuzzy-high		mapped
src/screens.c	3744	00439C69	00402465	InstallRasterDriverCallbacks	InstallRasterDriverCallbacks	WC1-fuzzy-high		mapped
src/screens.c	3758	00439C88	00402484	SetRasterClipPixel	SetRasterClipPixel	WC1-auto-vt		mapped
src/screens.c	3879	00439D63	0040255F	ReadRasterClipPixel	ReadRasterClipPixel	WC1-auto-vt		mapped
src/screens.c	3995	00439E39	00402635	DrawClippedLine	DrawClippedLine	WC1-auto-vt		mapped
src/screens.c	4012	0043A83B	00403037	FillRasterClipCheckerboard	FillRasterClipCheckerboard	WC1-auto-vt		mapped
src/screens.c	4179	0043A974	00403170	DrawRLEImage	DrawRLEImage	WC1-auto-vt		mapped
src/screens.c	4669	0043AD78	00403574	DrawRLEImageUnclipped	DrawRLEImageUnclipped	WC1-auto-vt		mapped
src/screens.c	4786	0043AE3F	0040363B	SetPaletteTranslationTable	SetPaletteTranslationTable	WC1-fuzzy-medium		mapped
src/screens.c	4815	0043AE5E	0040365A	DrawRLEImageColor	DrawRLEImageColor	WC1-auto-vt		mapped
src/screens.c	5364	0043B336	00403B32	DrawRLEImageColorUnclipped	DrawRLEImageColorUnclipped	WC1-auto-vt		mapped
src/screens.c	5509	0043B469	00403C65	RotateRLEImage	RotateRLEImage	WC1-auto-vt		mapped
src/screens.c	5527	0043C015	00404811	GetRLEFrameBounds	GetRLEFrameBounds	WC1-auto-vt		mapped
src/screens.c	5544	0043C18D	00404989	EncodeRasterClipToRLEFrame	EncodeRasterClipToRLEFrame	WC1-auto-vt		mapped
src/screens.c	5560	0043C410	00404C0C	TranslateRLEFramePalette	TranslateRLEFramePalette	WC1-auto-vt		mapped
src/screens.c	5576	0043C4A2	00404C9E	EncodeRLEScanline	EncodeRLEScanline	WC1-auto-vt		mapped
src/screens.c	5731	0043C62B	00404E27	EmitRLEScanlineRun	EmitRLEScanlineRun	WC1-auto-vt		mapped
src/screens.c	5934	0043C808	00405004	FillRasterClip	FillRasterClip	WC1-auto-vt		mapped
src/screens.c	6056	0043C8E7	004050E3	BlitRasterClip	BlitRasterClip	WC1-auto-vt		mapped
src/screens.c	6440	0043CC83	0040547F	ScrollRasterClipWrapped	ScrollRasterClipWrapped	WC1-auto-vt		mapped
src/screens.c	6456	0043CE80	0040567C	DrawRasterEllipse	DrawRasterEllipse	WC1-auto-vt		mapped
src/screens.c	6472	0043D1C1	004059BD	FillRasterEllipse	FillRasterEllipse	WC1-auto-vt		mapped
src/screens.c	6799	0043E2D3	00406ACF	GetRLETransformTrig	GetRLETransformTrig	WC1-auto-vt		mapped
src/screens.c	6876	0043E38B	00406B87	CalculateRoundedRLEFixedProduct	CalculateRoundedRLEFixedProduct	WC1-auto-vt		mapped
src/screens.c	6904	0043E3B1	00406BAD	TransformRLEPoint	TransformRLEPoint	WC1-auto-vt		mapped
src/screens.c	6990	0043E478	00406C74	GetRawImageHeight	GetRawImageHeight	WC1-auto-vt		mapped
src/screens.c	7014	0043E48B	00406C87	GetRawFrameWidth	GetRawFrameWidth	WC1-auto-vt		mapped
src/screens.c	7041	0043E4AB	00406CA7	BlitRawFrame	BlitRawFrame	WC1-auto-vt		mapped
src/screens.c	7247	0043E63E	00406E3A	BlitSelectedRawFrames	BlitSelectedRawFrames	WC1-auto-vt		mapped
src/screens.c	7262	0043E675	00406E71	BlitRawScanline	BlitRawScanline	WC1-auto-vt		mapped
src/screens.c	7276	0043E784	00406F80	FindIFFChunkData	FindIFFChunkData	WC1-auto-vt		mapped
src/screens.c	7289	0043E7C6	00406FC2	DecodeIFFImage	DecodeIFFImage	WC1-auto-vt		mapped
src/screens.c	7303	0043E98D	00407189	CopyILBMPalette	CopyILBMPalette	WC1-auto-vt		mapped
src/screens.c	7314	0043E9BE	004071BA	GetILBMImageSize	GetILBMImageSize	WC1-auto-vt		mapped
src/screens.c	7325	0043E9EB	004071E7	DecodePCXImage	DecodePCXImage	WC1-auto-vt		mapped
src/screens.c	7339	0043EA6D	00407269	CopyPCXPaletteFromFileTail	CopyPCXPaletteFromFileTail	WC1-auto-vt		mapped
src/screens.c	7353	0043EA98	00407294	GetPCXImageSize	GetPCXImageSize	WC1-auto-vt		mapped
src/screens.c	7363	0043EABF	004072BB	ResetGIFLZWDictionary	ResetGIFLZWDictionary	WC1-auto-vt		mapped
src/screens.c	7375	0043EB07	00407303	ReadGIFDataSubBlockByte	ReadGIFDataSubBlockByte	WC1-auto-vt		mapped
src/screens.c	7385	0043EB20	0040731C	ReadGIFLZWCode	ReadGIFLZWCode	WC1-auto-vt		mapped
src/screens.c	7395	0043EB66	00407362	AppendGIFLZWDictionaryEntry	AppendGIFLZWDictionaryEntry	WC1-auto-vt		mapped
src/screens.c	7405	0043EBAC	004073A8	EmitGIFDecodedPixel	EmitGIFDecodedPixel	WC1-auto-vt		mapped
src/screens.c	7415	0043EC29	00407425	ExpandGIFLZWImage	ExpandGIFLZWImage	WC1-auto-vt		mapped
src/screens.c	7430	0043EE42	0040763E	CopyGIFPalette	CopyGIFPalette	WC1-auto-vt		mapped
src/screens.c	7443	0043EEA3	0040769F	GetGIFImageSize	GetGIFImageSize	WC1-auto-vt		mapped
src/screens.c	7454	0043EEDB	004076D7	GetRLEFrameDimensions	GetRLEFrameDimensions	WC1-auto-vt		mapped
src/screens.c	7468	0043EEFD	004076F9	GetRLEFrameExtents	GetRLEFrameExtents	WC1-auto-vt		mapped
src/screens.c	7482	0043EF20	0040771C	GetRLEImageSize	GetRLEImageSize	WC1-auto-vt		mapped
src/screens.c	7518	0043EF54	00407750	GetRLEImageOrigin	GetRLEImageOrigin	WC1-auto-vt		mapped
src/screens.c	7548	0043EF7E	0040777A	ApplyRLEFramePalette	ApplyRLEFramePalette	WC1-auto-vt		mapped
src/screens.c	7562	0043EFC9	004077C5	CopyRLEFramePalette	CopyRLEFramePalette	WC1-auto-vt		mapped
src/screens.c	7576	0043F011	0040780D	SetRLEFramePalette	SetRLEFramePalette	WC1-auto-vt		mapped
src/screens.c	7590	0043F05B	00407857	GetRLEFrameCount	GetRLEFrameCount	WC1-auto-vt		mapped
src/screens.c	7611	0043F06E	0040786A	CollectUniqueRLEImageFrames	CollectUniqueRLEImageFrames	WC1-auto-vt		mapped
src/screens.c	7625	0043F0D0	004078CC	CollectUniqueRLEPaletteFrames	CollectUniqueRLEPaletteFrames	WC1-auto-vt		mapped
src/screens.c	7639	0043F425	00407C21	FadeRasterPaletteToPalette	FadeRasterPaletteToPalette	WC1-auto-vt		mapped
src/screens.c	7655	0043F5A9	00407DA5	CollectRasterClipColours	CollectRasterClipColours	WC1-auto-vt		mapped
src/ship.c	38	0041E900	00411A50	send_appropriate_message	send_appropriate_message	WC1-fuzzy-followup		mapped
src/ship.c	92	0041E9B0	00411C72	inflict_damage	inflict_damage	WC1-callgraph-propagated		mapped
src/ship.c	300	0041EC60	0041262D	pilot_hit	pilot_hit	WC1-fuzzy-low		mapped
src/ship.c	321	0041ECE0	0041270A	onboard_explosion	onboard_explosion	WC1-fuzzy-very-low		mapped
src/ship.c	346	0041EDB0	0041280B	call_enemy	call_enemy	WC1-fuzzy-followup		mapped
src/ship.c	362	0041EE20	004128A7	internal_damage	internal_damage	WC1-fuzzy-followup		mapped
src/ship.c	504	0041F1A0	00412F03	revise_shields	revise_shields	WC1-fuzzy-low		mapped
src/ship.c	520	0041F5D0	00412F90	check_computer_damage	check_computer_damage	WC1-fuzzy-low		mapped
src/ship.c	526		00412FA9	IsOnlyShipGun	IsOnlyShipGun	WC2-only		wc2-only
src/ship.c	556	0041F220	00413099	your_internal_damage	your_internal_damage	WC1-fuzzy-low		mapped
src/ship.c	696	0041F5F0	00413578	ReportComponentRepaired	ReportComponentRepaired	WC1-auto-vt		mapped
src/ship.c	713	0041F660	004135F1	repair_internal_damage	repair_internal_damage	WC1-fuzzy-followup		mapped
src/ship.c	738	0041F700	004136E2	Create_ship_hit_debris	Create_ship_hit_debris	WC1-fuzzy-very-low		mapped
src/ship.c	762	0041F7C0	004137C2	check_next_wave	check_next_wave	WC1-order-semantics-verified		mapped
src/ship.c	793		004138A8	ProcessEnemyWaveCompletion	ProcessEnemyWaveCompletion	WC2-only		wc2-only
src/ship.c	835	0041F800	00413A3B	Create_explosion_debris	Create_explosion_debris	WC1-order-semantics-verified		mapped
src/ship.c	899	0041F9E0	00413D61	affect_mission_score	affect_mission_score	WC1-fuzzy-medium		mapped
src/ship.c	942	0041FA90	00413E4C	score_for_kill	score_for_kill	WC1-fuzzy-followup		mapped
src/ship.c	982	0041FB40	00413F58	analyze_kill	analyze_kill	WC1-callgraph-propagated		mapped
src/ship.c	1008	0041FBC0	004142C8	ShipExplosion	ShipExplosion	WC1-order-callgraph-verified		mapped
src/ship.c	1046	0041FCD0	0041444C	Explosion	SoundTbl0059b560FnFCD0	WC1-fuzzy-followup		mapped
src/ship.c	1135	0041FEE0	00414025	explosion_shock_wave	explosion_shock_wave	WC1-callgraph-propagated		mapped
src/ship.c	1192		00414835	explode	explode	WC2-only		wc2-only
src/ship.c	1213		004148F5	ResolveObjectDestruction	ResolveObjectDestruction	WC2-only		wc2-only
src/ship.c	1286	00420190	00414BE9	send_at_point	send_at_point	WC1-order-callgraph-verified		mapped
src/ship.c	1296	004201D0	00414C39	find_child_object	find_child_object	WC1-order-semantics-verified		mapped
src/ship.c	1309		00410161	IsCapitalShipObject	IsCapitalShipObject	WC2-only		wc2-only
src/ship.c	1317		00410289	GetAdaptiveTurnRate	GetAdaptiveTurnRate	WC2-only		wc2-only
src/ship.c	1334		004102FD	IncreaseAdaptiveDifficulty	IncreaseAdaptiveDifficulty	WC2-only		wc2-only
src/ship.c	1347		00410352	DecreaseAdaptiveDifficulty	DecreaseAdaptiveDifficulty	WC2-only		wc2-only
src/ship.c	1360	00420210	00414CA9	find_child_ship	find_child_ship	WC1-fuzzy-low		mapped
src/ship.c	1376	00420260	00414D3D	launch_object	launch_object	WC1-fuzzy-low		mapped
src/ship.c	1390	004202D0	00414DC0	fire	fire	WC1-fuzzy-followup		mapped
src/ship.c	1553	004207E0	00415508	hemisphere	hemisphere	WC1-fuzzy-very-low		mapped
src/ship.c	1565	00420840	00415563	fire_flack	fire_flack	WC1-callgraph-propagated		mapped
src/ship.c	1588	004208C0	00415625	RandomSign	RandomSign	manual-verified		mapped
src/ship.c	1596	004208E0	0041565E	RandomFixedAimComponent	RandomFixedAimComponent	manual-verified		mapped
src/ship.c	1612	00420920	004156A7	SpawnFlakBurst	SpawnFlakBurst	manual-verified		mapped
src/ship.c	1675		0041596F	HasShipActiveMissile	HasShipActiveMissile	WC2-only		wc2-only
src/ship.c	1688	00420AA0	004159DB	fire_turrets	fire_turrets	WC1-callgraph-propagated		mapped
src/ship.c	1806	00420C20	00415E2C	fire_weapon	fire_weapon	WC1-callgraph-propagated		mapped
src/ship.c	2009		00446710	BeginShipDestructionSequence	BeginShipDestructionSequence	WC2-only		wc2-only
src/ship.c	2035		00446823	SpawnMissionEjectionPod	SpawnMissionEjectionPod	WC2-only		wc2-only
src/smart.c	10	00433AC0	0041E4E0	steer_away_from_object	steer_away_from_object	WC1-fuzzy-very-low		mapped
src/smart.c	35	00433B90	0041E5C8	steer_away_from_predicted_object	steer_away_from_predicted_object	WC1-fuzzy-very-low		mapped
src/smart.c	62	00433C80	0041E6C8	prevent_collision	prevent_collision	WC1-fuzzy-followup		mapped
src/smart.c	104	00433D90	0041E860	handle_collisions	handle_collisions	WC1-manual-verified		mapped
src/smart.c	117		0041E8D3	CountEnemyFighters	CountEnemyFighters	WC2-only		wc2-only
src/smart.c	132	00433DE0	0041E945	regulate_turn	regulate_turn	manual-verified		mapped
src/smart.c	158	00433E50	0041EA86	select_target	select_target	WC1-fuzzy-very-low		mapped
src/smart.c	176	00433EC0	0041EB1D	veer_random	veer_random	WC1-fuzzy-low		mapped
src/smart.c	196	00433F50	0041EBC1	offset_location	offset_location	WC1-manual-verified		mapped
src/smart.c	210	00433FF0	0041EC73	compute_formation_destination	compute_formation_destination	WC1-fuzzy-low		mapped
src/smart.c	225	00434040	0041ECEF	control_speed	control_speed	WC1-fuzzy-followup		mapped
src/smart.c	249	004340F0	0041EDCC	chase_location	chase_location	WC1-fuzzy-low		mapped
src/smart.c	302	004342C0	0041EFFE	goto_location	goto_location	WC1-fuzzy-low		mapped
src/smart.c	321	00434360	0041F0C5	goto_formation	goto_formation	WC1-fuzzy-low		mapped
src/smart.c	365	004344E0	0041F2C5	maintain_formation	maintain_formation	WC1-manual-verified		mapped
src/smart.c	380	00434550	0041F337	reset_stress	reset_stress	WC1-manual-verified		mapped
src/smart.c	402	004345D0	0041F3EF	stress_morale	stress_morale	WC1-fuzzy-low		mapped
src/smart.c	412	004345F0	0041F446	any_defense	any_defense	WC1-manual-verified		mapped
src/smart.c	430	00434630	0041F4C6	pick_regular_maneuver	pick_regular_maneuver	WC1-fuzzy-followup		mapped
src/smart.c	479	00434800	0041F714	pick_from_list	pick_from_list	WC1-fuzzy-followup		mapped
src/smart.c	511	004348A0	0041F83F	pick_kilrathi_maneuver	pick_kilrathi_maneuver	WC1-callgraph-propagated		mapped
src/smart.c	536		0041F902	CountAlliesOnSameTarget	CountAlliesOnSameTarget	WC2-only		wc2-only
src/smart.c	555		0041F9AF	process_maneuver_node	process_maneuver_node	WC2-only		wc2-only
src/smart.c	632	00434980	0041FD2B	handle_stress	handle_stress	WC1-fuzzy-very-low		mapped
src/smart.c	679	00434A80	0041FF37	intelligence_events	intelligence_events	WC1-callgraph-propagated		mapped
src/smart.c	766	00434C70	00440571	chase_speed	chase_speed	WC1-callgraph-propagated		mapped
src/sound.c	14	0042B410	004240AE	ReleaseFinishedSoundEntries	ReleaseFinishedSoundEntries	WC1-manual-verified		mapped
src/sound.c	30	0042B450	00424113	StopSoundsUsingWave	StopSoundsUsingWave	WC1-order-callgraph-verified		mapped
src/sound.c	50	0042B4A0	0042418C	playWAVE	playWAVE	WC1-fuzzy-followup		mapped
src/sound.c	119		00424417	PlayRawSpeechBuffer	PlayRawSpeechBuffer	WC2-only		wc2-only
src/sound.c	165	0042B640	004245A2	stop_all_sounds	stop_all_sounds	WC1-auto-vt		mapped
src/sound.c	192	0042B680	004245F8	PlaySnowStaticSound	PlaySnowStaticSound	WC1-fuzzy-high		mapped
src/sound.c	239	0042B7D0	0042476B	ServiceSoundSystem	ServiceSoundSystem	WC1-order-exact		mapped
src/sound.c	325	0042B7E0	0042482E	SetSoundEffectsVolume	HelperOf427F20A	WC1-fuzzy-very-low		mapped
src/sound.c	333	0042B810	0042485C	RegistryQueryValue	RegistryQueryValue	WC1-callgraph-propagated		mapped
src/sound.c	340	0042B840	00424888	RegistryStoreValue	RegistryStoreValue	WC1-callgraph-propagated		mapped
src/sound.c	347	0042B870	004248B4	LoadVolumeSettingsFromRegistry	LoadVolumeSettingsFromRegistry	WC1-fuzzy-low		mapped
src/sound.c	377	0042B930	00424980	SaveVolumeSettingsToRegistry	SaveVolumeSettingsToRegistry	WC1-fuzzy-low		mapped
src/sound.c	399		00424A40	ix_sound_get_sample	ix_sound_get_sample	WC2-only		wc2-only
src/sound.c	405		00432DCC	GetPackedStringByIndex	GetPackedStringByIndex	WC2-only		wc2-only
src/sound.c	420	0042C510	00432E23	RewriteDiskFileGraphicsExtensions	RewriteDiskFileGraphicsExtensions	WC1-auto-vt		mapped
src/sound.c	441		00432E83	RewriteCutsceneMusicExtensionForDriver	RewriteCutsceneMusicExtensionForDriver	WC2-only		wc2-only
src/sound.c	455		00432EE4	RewriteCutsceneMusicExtensionForRetry	RewriteCutsceneMusicExtensionForRetry	WC2-only		wc2-only
src/sound.c	465	0042C580	00401000	LoadWingCmdrCfgFile	LoadWingCmdrCfgFile	WC1-fuzzy-followup		mapped
src/sound.c	508	0042C800	00401120	show_damage_disp	show_damage_disp	WC1-fuzzy-followup		mapped
src/sound.c	564	0042C970	004012E1	UpdateDamageDisplay	DrawTbl0059bff0FnC970	WC1-fuzzy-very-low		mapped
src/spc.c	24	004102B0	00418770	CalibrateJoystickInteractive	CalibrateJoystickInteractive	WC1-fuzzy-high		mapped
src/spc.c	167	004106C0	00418D14	WaitForJoystickButtonRelease	WaitForJoystickButtonRelease	WC1-manual-verified		mapped
src/spc.c	180	00410700	00418D5F	WaitForJoystickButtonPress	WaitForJoystickButtonPress	WC1-manual-verified		mapped
src/spc.c	193	00410740	0044ADE0	SetFleetOverviewView	LoopUiFn0740	WC1-fuzzy-very-low		mapped
src/spc.c	296	00410A30	00419C10	rotate_eye_to_goal	rotate_eye_to_goal	WC1-manual-verified		mapped
src/spc.c	325	00410AD0	00419CDC	GetVectorMagnitude	GetVectorMagnitude	WC1-fuzzy-followup		mapped
src/spc.c	331	00410AF0	00419D01	set_eye_direction_and_position	DispatchTbl0059c014Fn0AF0	WC1-callgraph-propagated		mapped
src/spc.c	682	004117B0	0041AD51	force_view	DoUiFn17B0	WC1-callgraph-propagated		mapped
src/spc.c	691		0041AD8B	SaveTorpedoTargetLockForViewChange	SaveTorpedoTargetLockForViewChange	WC2-only		wc2-only
src/spc.c	710	004117D0	0041AE40	new_view	DispatchTbl0059b9e0Fn17D0	WC1-fuzzy-very-low		mapped
src/spc.c	907	00411EC0	0041B62E	start_dust	GetTbl0059cd90Fn1EC0	WC1-fuzzy-followup		mapped
src/spc.c	933	00411FE0	0041B762	generate_stars	generate_stars	WC1-fuzzy-followup		mapped
src/spc.c	975	00412100	0041B8D6	update_star_field	update_star_field	WC1-fuzzy-followup		mapped
src/spc.c	1096	00412410	0041BD44	count_down	count_down	WC1-manual-verified		mapped
src/spc.c	1104	00412430	0041BD81	house_keep_objects	ScanTbl0059b560Fn2430	WC1-callgraph-propagated		mapped
src/spc.c	1334	00412820	0041C7ED	update_objects_in_space	ScanTbl0059d100Fn2820	WC1-callgraph-propagated		mapped
src/spc.c	1417	00412920	0041CB3C	rotate_object	GetTbl0059b2a0Fn2920	WC1-fuzzy-low		mapped
src/spc.c	1435	004129A0	0041CC0A	accelerate_and_move_object	GetTbl0059c3c0Fn29A0	WC1-fuzzy-followup		mapped
src/spc.c	1549	00412CD0	0041D07B	animate_shape	SoundTbl0059de40Fn2CD0	WC1-fuzzy-very-low		mapped
src/spc.c	1603	00412E30	0041D2DA	animate_object	SoundTbl0059de40Fn2E30	WC1-fuzzy-followup		mapped
src/spc.c	1651	00413030	0041D4C7	hit_asteroid	ScanTbl0059c010Fn3030	WC1-fuzzy-low		mapped
src/spc.c	1692	004130D0	0041D591	object_collision	object_collision	same per-object update-loop caller; collision/vector callee family; 70.78% binary-comp; target 00445087 is capital-ship strike mission case		mapped
src/spc.c	1978	00413880	0041E276	object_intelligence	DispatchTbl0059d100Fn3880	WC1-callgraph-propagated		mapped
src/strdos.c	11	00435410	0046243F	DosFarPtrToNear	DosFarPtrToNear	WC1-manual-verified		mapped
src/strdos.c	17	00435420	00462452	DosNearPtrToFar	DoLocalFn5420	WC1-callgraph-propagated		mapped
src/strdos.c	23	00435430	00462465	DosStrrchr	DosStrrchr	WC1-auto-vt		mapped
src/strdos.c	29	00435450	00462486	DosStrchr	DosStrchr	WC1-callgraph-propagated		mapped
src/strdos.c	35	00435470	004624A7	DosStrcpy	DosStrcpy	WC2-manual-verified		mapped
src/strdos.c	41		004624C7	CopyStringAndReturnEnd	CopyStringAndReturnEnd	WC2-only		wc2-only
src/strdos.c	48	004354D0	0046250B	DosStrlen	DosStrlen	WC1-callgraph-propagated		mapped
src/strdos.c	54	004354F0	00462527	DosMemcpy	DosMemcpy	WC1-manual-verified		mapped
src/strdos.c	60	00435510	00462550	DosMemset	DosMemset	WC2-manual-verified		mapped
src/strdos.c	66		0046257A	InitializePostPaletteState	InitializePostPaletteState	WC2-only		wc2-only
src/strdos.c	72		0046259D	InitializeInputManagerMemory	InitializeInputManagerMemory	WC2-only		wc2-only
src/strdos.c	81	00435590	004625CB	ShutdownEventManager	ShutdownEventManager	WC2-manual-verified		mapped
src/sysinput.c	9	00402E80	00455A85	SetMousePosition	SetMousePosition	WC1-manual-verified		mapped
src/sysinput.c	15	00402EA0	00455AC8	PollKeyboardState	PollKeyboardState	WC1-fuzzy-very-low		mapped
src/sysinput.c	64		00455D2D	GetHomeKeyState	GetHomeKeyState	WC2-only		wc2-only
src/sysinput.c	70		00455D48	GetUpArrowKeyState	GetUpArrowKeyState	WC2-only		wc2-only
src/sysinput.c	76		00455D63	GetPageUpKeyState	GetPageUpKeyState	WC2-only		wc2-only
src/sysinput.c	82		00455D7E	GetLeftArrowKeyState	GetLeftArrowKeyState	WC2-only		wc2-only
src/sysinput.c	88		00455D99	GetRightArrowKeyState	GetRightArrowKeyState	WC2-only		wc2-only
src/sysinput.c	94		00455DB4	GetEndKeyState	GetEndKeyState	WC2-only		wc2-only
src/sysinput.c	100		00455DCF	GetDownArrowKeyState	GetDownArrowKeyState	WC2-only		wc2-only
src/sysinput.c	106		00455DEA	GetPageDownKeyState	GetPageDownKeyState	WC2-only		wc2-only
src/sysinput.c	112		00455E05	GetNumLockKeyState	GetNumLockKeyState	WC2-only		wc2-only
src/sysinput.c	118		00455E23	GetNumpadPlusKeyState	GetNumpadPlusKeyState	WC2-only		wc2-only
src/sysinput.c	124		00455E3E	GetNumpadMinusKeyState	GetNumpadMinusKeyState	WC2-only		wc2-only
src/sysinput.c	130		00455E59	GetReturnKeyState	GetReturnKeyState	WC2-only		wc2-only
src/sysinput.c	136		00455E74	GetSpaceKeyState	GetSpaceKeyState	WC2-only		wc2-only
src/sysinput.c	142	00403060	00455E8F	GetShiftKeyState	GetShiftKeyState	WC1-fuzzy-medium		mapped
src/sysinput.c	148	00403070	00455EBF	GetControlKeyState	GetControlKeyState	WC1-fuzzy-medium		mapped
src/sysinput.c	154	00403080	00455EAA	GetKeyboardModifiers	ReadDAT005a8964	WC1-callgraph-propagated		mapped
src/sysinput.c	160	00403090	00455EF5	GetGameClockTicks	GetGameClockTicks	WC1-callgraph-propagated		mapped
src/sysinput.c	166	004030B0	00455F23	InitGameClockRandomEpoch	InitGameClockRandomEpoch	WC1-auto-vt		mapped
src/sysinput.c	173		0045641B	TakeInputPressCount	TakeInputPressCount	WC2-only		wc2-only
src/sysinput.c	183	004030D0	00455F59	WriteDebugString	WriteDebugString	WC1-manual-verified		mapped
src/sysinput.c	198	004030E0	00455FD3	SetInputCursorHostPosition	SetInputCursorHostPosition	WC1-manual-verified		mapped
src/system.c	9		004656CC	AllocateApplicationScratchBuffer	AllocateApplicationScratchBuffer	WC2-only		wc2-only
src/system.c	16		004656EB	ReleaseApplicationScratchBuffer	ReleaseApplicationScratchBuffer	WC2-only		wc2-only
src/system.c	23		0046570E	GetInputCursorShape	GetInputCursorShape	WC2-only		wc2-only
src/system.c	29		00465730	WaitForQueuedInputPress	WaitForQueuedInputPress	WC2-only		wc2-only
src/system.c	44	004272F0	0046579D	LogMemoryUsage	LogMemoryUsage	WC1-callgraph-propagated	WC1-review-module-mismatch	mapped
src/system.c	84		0046589D	AdjustSpaceFramePeriod	AdjustSpaceFramePeriod	WC2-only		wc2-only
src/system.c	100		00437A44	ReportFatalErrorCode	ReportFatalErrorCode	WC2-only		wc2-only
src/system.c	115	00427370	00437AB4	exit_squadron	exit_squadron	WC1-callgraph-propagated		mapped
src/system.c	125	004273C0	00437AEC	ShowMemoryStatusDebug	ShowMemoryStatusDebug	WC1-fuzzy-very-low		mapped
src/text.c	12		00433690	DrawCinematicFontCharacter	DrawCinematicFontCharacter	WC2-only		wc2-only
src/text.c	35		0043374E	IsCinematicFontCharacterPrintable	IsCinematicFontCharacterPrintable	WC2-only		wc2-only
src/text.c	43		00433777	DrawWrappedCinematicText	DrawWrappedCinematicText	WC2-only		wc2-only
src/text.c	113		00433A14	MeasureCinematicFontCharacterWidth	MeasureCinematicFontCharacterWidth	WC2-only		wc2-only
src/text.c	126		00433A75	MeasureCinematicFontLineHeight	MeasureCinematicFontLineHeight	WC2-only		wc2-only
src/text.c	136		00433AB0	InitializeCinematicTextRenderer	InitializeCinematicTextRenderer	WC2-only		wc2-only
src/winmain.c	13	00401000	00417550	SaveGamePalette	SaveGamePalette	WC1-callgraph-propagated		mapped
src/winmain.c	25	00401020	004175AD	RestoreGamePalette	RestoreGamePalette	WC2-manual-verified		mapped
src/winmain.c	37	00401040	00417610	easy2see	easy2see	WC2-manual-verified		mapped
src/winmain.c	56	004010C0	004176D2	make_shard	make_shard	WC1-fuzzy-followup		mapped
src/winmain.c	94	004011D0	00417838	remove_hazard	remove_hazard	WC1-order-exact		mapped
src/winmain.c	103	00401210	0041787A	remove_all_hazards	remove_all_hazards	WC1-order-exact		mapped
src/winmain.c	117	00401250	004178E5	difficulty	difficulty	WC1-manual-verified		mapped
src/winmain.c	123	00401270	00417916	asteroid_velocity	asteroid_velocity	WC1-fuzzy-followup		mapped
src/winmain.c	129	00401290	00417941	skew_randomly	skew_randomly	WC1-fuzzy-low		mapped
src/winmain.c	153	00401390	00417AD7	align	align	WC1-order-exact		mapped
src/winmain.c	159	004013B0	00417AF9	init_hazard	init_hazard	WC1-fuzzy-followup		mapped
src/winmain.c	241	00401680	00417EA4	near_field	near_field	WC1-manual-verified		mapped
src/winmain.c	249	004016A0	00417ED4	within_field	within_field	WC1-manual-verified		mapped
src/winmain.c	256	004016C0	00417EFF	try_far_spot	try_far_spot	WC1-fuzzy-followup		mapped
src/winmain.c	300	00401870	00418175	rear_sphere	rear_sphere	WC1-fuzzy-very-low		mapped
src/winmain.c	307	00401890	004181A2	ok_hazard_spot	ok_hazard_spot	WC1-manual-verified		mapped
src/winmain.c	323	004018D0	0041820B	make_hazard	make_hazard	WC1-manual-verified		mapped
src/winmain.c	338	00401930	00418288	extra_hazard	extra_hazard	WC1-manual-verified		mapped
src/winmain.c	345	00401950	004182B6	approach	approach	WC1-callgraph-propagated		mapped
src/winmain.c	361	004019E0	0041836E	manage_hazard	manage_hazard	WC1-fuzzy-very-low		mapped
src/winmain.c	377	00401A60	00418426	match_ship_to_eye	match_ship_to_eye	WC1-manual-verified		mapped
src/winmain.c	396	00401B30	004184F6	update_hazards	update_hazards	WC1-fuzzy-low		mapped
src/winmain.c	420	00401BC0	004185CC	start_hazard_field	start_hazard_field	WC1-order-exact		mapped
src/winmain.c	432	00401C00	00418626	add_hazard_field	add_hazard_field	WC1-manual-verified		mapped
src/winmain.c	449	00401C60	004186A4	check_hazards	check_hazards	WC1-manual-verified		mapped
src/winmain.c	473	00401CE0	004199F0	SetPersonnelMousePosition	SetInputFn1CE0	WC1-callgraph-propagated		mapped
src/winmain.c	485	00401D10	00453C95	CheckLauncherAndConfig	CheckLauncherAndConfig	WC1-fuzzy-followup		mapped
src/winmain.c	598	00401E30	00453E60	WinMain	WinMain	WC1-callgraph-transfer		mapped
src/winmain.c	682	00402070	00454103	ShutdownGameWindow	ShutdownGameWindow	WC1-fuzzy-high		mapped
src/winmain.c	723	004020E0	0045418B	ShowNoticeMessageBox	ShowNoticeMessageBox	WC1-fuzzy-medium		mapped
src/winmain.c	731	00402110	0045422D	AbortToDesktop	AbortToDesktop	WC1-fuzzy-medium		mapped
src/winmain.c	758	00402180	004542B7	CreateMainWindow	CreateMainWindow	WC1-fuzzy-very-low		mapped
src/winmain.c	812	00402320	0045445A	PumpWindowMessages	PumpWindowMessages	WC1-fuzzy-very-low		mapped
src/winmain.c	872	00402520	00453C80	GetF1KeyLatch	GetF1KeyLatch	WC1-manual-verified		mapped
src/winmain.c	880	00402530	00454625	MainWindowProc	MainWindowProc	WC1-callgraph-propagated		mapped
src/winmain.c	1179	00402A20	004551E7	GetJoystickPosition	GetJoystickPosition	WC1-manual-verified		mapped
src/winmain.c	1233	00402AC0	00455346	GetJoystickButtons	GetJoystickButtons	WC1-manual-verified		mapped
src/winmain.c	1243	00402AE0	0045536F	GetJoystickDevCaps	GetJoystickDevCaps	WC1-callgraph-propagated		mapped
src/winmain.c	1280	00402B80	00455427	GetApplicationInstance	ReadDAT005a8a40	WC1-order-exact		mapped
src/winmain.c	1286	00402B90	0045543C	GetMainWindowHandle	GetMainWindowHandle	WC1-order-exact		mapped
src/winmain.c	1294	00402BA0	00455451	GetMainWindowDeviceContext	GetMainWindowDeviceContext	WC1-order-exact		mapped
src/winmain.c	1304	00402BB0	00455466	AllocateGuardedMemory	AllocateGuardedMemory	WC1-callgraph-propagated		mapped
src/winmain.c	1357	00402CA0	00455565	ReportHeapGuardCorruption	ReportHeapGuardCorruption	WC1-auto-vt		mapped
src/winmain.c	1370	00402D40	00455624	CheckAllGuardedAllocations	CheckAllGuardedAllocations	WC1-manual-verified		mapped
src/winmain.c	1375		0045562F	IsFreedHeapBlockTracked	IsFreedHeapBlockTracked	WC2-only		wc2-only
src/winmain.c	1391		00455697	DetectDoubleFree	DetectDoubleFree	WC2-only		wc2-only
src/winmain.c	1411		00455715	TrackFreedHeapBlock	TrackFreedHeapBlock	WC2-only		wc2-only
src/winmain.c	1425		00455787	UntrackFreedHeapBlock	UntrackFreedHeapBlock	WC2-only		wc2-only
src/winmain.c	1455	00402DB0	00455882	FreeGuardedAllocation	FreeGuardedAllocation	WC1-manual-verified		mapped
